Date,TLT,GLD,SPY,VIX,TLT_log_return,GLD_log_return,SPY_log_return,VIX_change
2004-11-19,43.30260467529297,44.779998779296875,78.85877990722656,13.5,-0.008012377849099887,0.008972642338662969,-0.011178483028987354,0.5200004577636719
2004-11-22,43.528297424316406,44.95000076293945,79.23483276367188,12.970000267028809,0.005198454739606074,0.0037891939800970558,0.004757353056082617,-0.5299997329711914
2004-11-23,43.5822868347168,44.75,79.35574340820312,12.670000076293945,0.0012395604454398697,-0.004459333169833818,0.0015248152932777269,-0.3000001907348633
2004-11-24,43.5822868347168,45.04999923706055,79.54379272460938,12.720000267028809,0.0,0.006681522398089373,0.0023668968302071767,0.05000019073486328
2004-11-26,43.29771423339844,45.290000915527344,79.48332977294922,12.779999732971191,-0.006550958000069349,0.005313310663947582,-0.0007604105969346249,0.05999946594238281
2004-11-29,42.83653259277344,45.400001525878906,79.12066650390625,13.300000190734863,-0.010708540788231764,0.0024258608740680187,-0.004573200040635998,0.5200004577636719
2004-11-30,42.65499496459961,45.119998931884766,79.17440795898438,13.239999771118164,-0.004246921448634606,-0.006186555139932828,0.000679003529645365,-0.06000041961669922
2004-12-01,42.58848190307617,45.380001068115234,80.07433319091797,12.970000267028809,-0.0015605434565962738,0.0057459193717949485,0.011302253382838745,-0.26999950408935547
2004-12-02,42.41602325439453,44.95000076293945,80.14151763916016,12.979999542236328,-0.004057641062243495,-0.009520724998133287,0.0008386742239557641,0.009999275207519531
2004-12-03,43.0761833190918,45.599998474121094,80.0877914428711,12.960000038146973,0.015444055378211257,0.014356905167384897,-0.0006706163636399344,-0.01999950408935547
2004-12-06,43.22398376464844,45.16999816894531,80.06090545654297,13.1899995803833,0.0034252677614962537,-0.009474573928535625,-0.0003357627892233092,0.22999954223632812
2004-12-07,43.27812576293945,45.11000061035156,79.31542205810547,13.670000076293945,0.001251807745657136,-0.0013291441789490272,-0.009355076088843513,0.48000049591064453
2004-12-08,43.95309829711914,44.0099983215332,79.77887725830078,13.1899995803833,0.015475788921416886,-0.02468712226590397,0.005826186270198919,-0.48000049591064453
2004-12-09,43.662418365478516,43.779998779296875,80.06090545654297,12.880000114440918,-0.006635377139176669,-0.005239778472644171,0.0035288898186444885,-0.3099994659423828
2004-12-10,43.770816802978516,43.439998626708984,80.14151763916016,12.760000228881836,0.002479571820252757,-0.007796420199884027,0.0010063791528632062,-0.11999988555908203
2004-12-13,43.864410400390625,43.90999984741211,80.83998107910156,12.539999961853027,0.002135981978556322,0.010761437086445325,0.008677616103895893,-0.2200002670288086
2004-12-14,44.036842346191406,43.54999923706055,81.12203979492188,12.729999542236328,0.003923315347423931,-0.008232395318801447,0.0034830264459176133,0.18999958038330078
2004-12-15,44.43586730957031,43.9900016784668,81.1824722290039,12.350000381469727,0.009020356006816799,0.010052687736462017,0.0007446796903076152,-0.37999916076660156
2004-12-16,43.780670166015625,43.68000030517578,81.13546752929688,12.270000457763672,-0.014854566051704897,-0.007072035092997403,-0.0005791682803631972,-0.07999992370605469
2004-12-17,43.7215576171875,44.189998626708984,80.59428405761719,11.949999809265137,-0.0013511097789891734,0.011608149642410097,-0.006692466739053445,-0.32000064849853516
2004-12-20,43.80035400390625,44.34000015258789,80.61454010009766,11.829999923706055,0.0018006098484075128,0.0033887195637954193,0.00025130190847693804,-0.11999988555908203
2004-12-21,43.9333610534668,44.220001220703125,81.23533630371094,11.550000190734863,0.0030320647284262565,-0.0027100045949534396,0.007671297153015955,-0.2799997329711914
2004-12-22,43.78558349609375,44.02000045776367,81.43102264404297,11.449999809265137,-0.003369345081280273,-0.0045331165372180455,0.0024059853063213917,-0.10000038146972656
2004-12-23,43.64272689819336,44.27000045776367,81.49172973632812,11.229999542236328,-0.0032679740554144685,0.005663170587009161,0.0007452255035927443,-0.2200002670288086
2004-12-27,43.302791595458984,44.47999954223633,81.32305145263672,12.140000343322754,-0.007819541265391966,0.004732382566559577,-0.002072027402038783,0.9100008010864258
2004-12-28,43.2683219909668,44.369998931884766,81.7684097290039,12.0,-0.0007963304360022763,-0.0024760983329745146,0.005461467818589757,-0.1400003433227539
2004-12-29,43.22398376464844,43.65999984741211,81.88986206054688,11.619999885559082,-0.0010252525889980302,-0.016131193691017877,0.0014842189461076072,-0.38000011444091797
2004-12-30,43.514644622802734,43.83000183105469,81.73467254638672,12.5600004196167,0.00670201850147331,0.0038862085801196033,-0.0018968984213380718,0.9400005340576172
2004-12-31,43.789058685302734,43.79999923706055,81.55921936035156,13.289999961853027,0.006286445037824375,-0.0006847562433132962,-0.0021489261050117864,0.7299995422363281
2005-01-03,43.883033752441406,43.02000045776367,81.17462921142578,14.079999923706055,0.002143786021679118,-0.017968665483389802,-0.00472662409585671,0.7899999618530273
2005-01-04,43.42314910888672,42.7400016784668,80.18267822265625,13.979999542236328,-0.010535081982647751,-0.006529845317733264,-0.012295240926596118,-0.10000038146972656
2005-01-05,43.65555953979492,42.66999816894531,79.62938690185547,14.09000015258789,0.005337951983164273,-0.0016392348746523818,-0.006924302380320593,0.1100006103515625
2005-01-06,43.68523406982422,42.150001525878906,80.03426361083984,13.579999923706055,0.0006795113702252445,-0.012261333638891793,0.005071631213721448,-0.5100002288818359
2005-01-07,43.784149169921875,41.84000015258789,79.91952514648438,13.489999771118164,0.002261708922578974,-0.007381897245418499,-0.0014346454051073208,-0.09000015258789062
2005-01-10,43.85335922241211,41.95000076293945,80.29737854003906,13.229999542236328,0.0015794622222393253,0.002625627696485633,0.004716781880080479,-0.26000022888183594
2005-01-11,44.11053466796875,42.209999084472656,79.74407958984375,13.1899995803833,0.0058473122764473254,0.006178687004495116,-0.006914472800875361,-0.039999961853027344
2005-01-12,44.16988754272461,42.599998474121094,80.00725555419922,12.5600004196167,0.0013446443098570466,0.009197079351984367,0.003294823197584949,-0.6299991607666016
2005-01-13,44.595123291015625,42.599998474121094,79.36619567871094,12.84000015258789,0.009581230201954633,0.0,-0.008044794511337309,0.2799997329711914
2005-01-14,44.59018325805664,42.31999969482422,79.78458404541016,12.430000305175781,-0.00011078131937167298,-0.0065944371176744334,0.0052577729277545025,-0.4099998474121094
2005-01-18,44.73854064941406,42.31999969482422,80.61454010009766,12.470000267028809,0.0033216085771999603,0.0,0.010348728101713197,0.039999961853027344
2005-01-19,44.86712646484375,42.2599983215332,79.77108001708984,13.180000305175781,0.0028700395373547102,-0.0014188078686102948,-0.010517998536979795,0.7100000381469727
2005-01-20,44.95614242553711,42.25,79.28526306152344,13.829999923706055,0.001982025168623637,-0.00023661866710279286,-0.006108759411025307,0.6499996185302734
2005-01-21,45.005592346191406,42.7400016784668,78.79940032958984,14.359999656677246,0.0010993546480650303,0.011530935359385552,-0.006146886754714817,0.5299997329711914
2005-01-24,45.19845199584961,42.77000045776367,78.64419555664062,14.649999618530273,0.004276081963569869,0.0007016437791639085,-0.0019715609561592987,0.28999996185302734
2005-01-25,44.77315902709961,42.2400016784668,78.86688232421875,14.0600004196167,-0.00945400736013843,-0.012469253807297102,0.002827571481855764,-0.5899991989135742
2005-01-26,44.857234954833984,42.689998626708984,79.10303497314453,13.4399995803833,0.0018760589719324376,0.010596989466519383,0.0029898455210144517,-0.6200008392333984
2005-01-27,44.77315902709961,42.619998931884766,79.238037109375,13.239999771118164,-0.0018760589719324292,-0.0016410669918453088,0.0017052072108315892,-0.19999980926513672
2005-01-28,45.22317123413086,42.689998626708984,79.238037109375,13.239999771118164,0.010000762395362165,0.001641066991845344,0.0,0.0
2005-01-31,45.35173416137695,42.220001220703125,79.73060607910156,12.819999694824219,0.0028388219236762276,-0.011070597267868664,0.006197078067997041,-0.4200000762939453
2005-02-01,45.279788970947266,42.099998474121094,80.2366714477539,12.029999732971191,-0.0015876419827298438,-0.0028463668889051274,0.006327132207719402,-0.7899999618530273
2005-02-02,45.38404083251953,42.15999984741211,80.47957611083984,11.65999984741211,0.002299746387193427,0.0014241961696689009,0.00302277898758072,-0.36999988555908203
2005-02-03,45.35917663574219,41.68000030517578,80.2704086303711,11.789999961853027,-0.0005480122502445493,-0.011450495846862259,-0.002602396496071921,0.13000011444091797
2005-02-04,45.989627838134766,41.470001220703125,81.12735748291016,11.210000038146973,0.013803381799178456,-0.005051101072885615,0.010619191654754166,-0.5799999237060547
2005-02-07,46.33208084106445,41.27000045776367,81.01942443847656,11.729999542236328,0.007418722605385751,-0.0048344488376878625,-0.0013313006782618188,0.5199995040893555
2005-02-08,46.595191955566406,41.2599983215332,81.11385345458984,11.600000381469727,0.0056627469993565365,-0.00024238789355093634,0.001164832143251978,-0.12999916076660156
2005-02-09,46.719295501708984,41.310001373291016,80.50658416748047,12.0,0.0026599003583339994,0.001211167689359154,-0.007514793968600401,0.39999961853027344
2005-02-10,46.088863372802734,41.75,80.79674530029297,11.510000228881836,-0.013585913856367288,0.010594816644642752,0.003597711798579964,-0.48999977111816406
2005-02-11,46.05908203125,42.08000183105469,81.49172973632812,11.430000305175781,-0.0006463810442882558,0.007873160646245932,0.008564855691158679,-0.07999992370605469
2005-02-14,46.20302200317383,42.54999923706055,81.43102264404297,11.520000457763672,0.0031202429255763574,0.011107225145850637,-0.0007452255035927478,0.09000015258789062
2005-02-15,45.96975326538086,42.58000183105469,81.73467254638672,11.270000457763672,-0.005061564765320991,0.0007048653790649931,0.0037219864449131645,-0.25
2005-02-16,45.795997619628906,42.52000045776367,81.78865814208984,11.100000381469727,-0.0037869434233965835,-0.0014101382284351636,0.000660280064467439,-0.1700000762939453
2005-02-17,45.50812911987305,42.72999954223633,81.12735748291016,11.770000457763672,-0.006305727109870513,0.004926674703408775,-0.008118345991916234,0.6700000762939453
2005-02-18,45.1010856628418,42.75,81.23533630371094,11.180000305175781,-0.008984653408263446,0.000467956439769851,0.0013300941762140524,-0.5900001525878906
2005-02-22,44.90252685546875,43.56999969482422,80.02751159667969,13.140000343322754,-0.004412247996379073,0.018999637742317513,-0.01497985814596756,1.9600000381469727
2005-02-23,45.05145263671875,43.41999816894531,80.6010513305664,12.390000343322754,0.0033111579533518297,-0.0034487108457084453,0.007141222717006621,-0.75
2005-02-24,44.95213317871094,43.33000183105469,81.13410186767578,11.569999694824219,-0.0022070120300784267,-0.0020748442692022466,0.006591671095119806,-0.8200006484985352
2005-02-25,45.17057418823242,43.5,81.93706512451172,11.489999771118164,0.004847644809560328,0.003915660084462377,0.009848089778756864,-0.07999992370605469
2005-02-28,44.684104919433594,43.529998779296875,81.39726257324219,12.079999923706055,-0.010828017564965814,0.0006893894267664206,-0.006609810983275683,0.5900001525878906
2005-03-01,44.67019271850586,43.220001220703125,81.80215454101562,12.039999961853027,-0.00031139411103702977,-0.007146948198724407,0.004961939272385708,-0.039999961853027344
2005-03-02,44.61043167114258,43.25,81.76165771484375,12.5,-0.001338723977280638,0.0006938540552079055,-0.0004951807669537897,0.46000003814697266
2005-03-03,44.585514068603516,42.970001220703125,81.79537963867188,12.930000305175781,-0.0005587160488205426,-0.006495007182720466,0.0004123567515236624,0.43000030517578125
2005-03-04,45.06855392456055,43.380001068115234,82.81429290771484,11.9399995803833,0.010775741488134451,0.009496303825856959,0.012379907773924212,-0.9900007247924805
2005-03-07,45.24776077270508,43.470001220703125,82.85478210449219,12.260000228881836,0.00396843214719415,0.002072543061182761,0.0004887960843688396,0.32000064849853516
2005-03-08,44.81956100463867,44.029998779296875,82.54440307617188,12.399999618530273,-0.009508509541587317,0.012800118961104523,-0.0037530945791199367,0.1399993896484375
2005-03-09,44.08754348754883,44.02000045776367,81.62671661376953,12.699999809265137,-0.016467391740323516,-0.00022710554600360026,-0.011179749792053127,0.3000001907348633
2005-03-10,44.356468200683594,44.20000076293945,81.8088607788086,12.489999771118164,0.0060812606026359305,0.004080719847417438,0.0022289423558251747,-0.21000003814697266
2005-03-11,44.032833099365234,44.43000030517578,81.23533630371094,12.800000190734863,-0.00732298010798357,0.005190117471778481,-0.007035231561540561,0.3100004196166992
2005-03-14,44.296714782714844,44.029998779296875,81.74140167236328,12.390000343322754,0.005974953449347277,-0.009043731773192292,0.0062102972659927955,-0.4099998474121094
2005-03-15,44.01787185668945,44.060001373291016,81.066650390625,13.149999618530273,-0.00631478588628762,0.0006811804995411508,-0.008288965275678366,0.7599992752075195
2005-03-16,44.28676223754883,44.310001373291016,80.37837219238281,13.489999771118164,0.006090081561222216,0.005658043661345511,-0.008526523235408897,0.3400001525878906
2005-03-17,44.43116760253906,43.81999969482422,80.54034423828125,13.289999961853027,0.0032553846280867008,-0.011120089001181777,0.0020130921273918854,-0.19999980926513672
2005-03-18,44.152320861816406,43.88999938964844,80.30120086669922,13.140000343322754,-0.006295702880613585,0.001596162590733232,-0.0029736539480149523,-0.14999961853027344
2005-03-21,44.027828216552734,43.09000015258789,80.00312042236328,13.609999656677246,-0.002823599852730224,-0.018395534624859662,-0.003718936401573196,0.4699993133544922
2005-03-22,43.65436553955078,42.650001525878906,79.19021606445312,14.270000457763672,-0.008518603821617891,-0.010263645454440903,-0.010212882543109347,0.6600008010864258
2005-03-23,43.8635368347168,42.41999816894531,79.25801086425781,14.0600004196167,0.004780089279456107,-0.005407403742805499,0.0008557344598404161,-0.21000003814697266
2005-03-24,43.953189849853516,42.38999938964844,79.35277557373047,13.420000076293945,0.00204182163623471,-0.0007074350055783737,0.001194934126194089,-0.6400003433227539
2005-03-28,43.684242248535156,42.540000915527344,79.46797943115234,13.75,-0.006137752766015787,0.0035323603275894165,0.0014507408382946159,0.3299999237060547
2005-03-29,43.943199157714844,42.560001373291016,78.9395980834961,14.489999771118164,0.005910423923625251,0.00047004600690944275,-0.006671187269798274,0.7399997711181641
2005-03-30,44.16228485107422,42.61000061035156,80.05729675292969,13.640000343322754,0.004973269198512806,0.0011741045353950623,0.014059608925779605,-0.8499994277954102
2005-03-31,44.4809684753418,42.81999969482422,79.9083023071289,14.020000457763672,0.007190282064497626,0.004916294198632268,-0.0018628316308286106,0.38000011444091797
2005-04-01,44.63089370727539,42.619998931884766,79.54926300048828,14.09000015258789,0.0033648802689370716,-0.004681674425482663,-0.004503265965542464,0.06999969482421875
2005-04-04,44.62092590332031,42.400001525878906,79.68474578857422,14.109999656677246,-0.00022336360289373775,-0.005175203383487659,0.0017016819686903396,0.01999950408935547
2005-04-05,44.505950927734375,42.45000076293945,80.06412506103516,13.680000305175781,-0.002580030703465797,0.0011785325043955194,0.0047497047542981044,-0.42999935150146484
2005-04-06,44.6608772277832,42.630001068115234,80.34182739257812,13.149999618530273,0.0034749796343416395,0.004231325102584404,0.0034624975537417666,-0.5300006866455078
2005-04-07,44.301025390625,42.56999969482422,80.77537536621094,12.329999923706055,-0.008090065280330289,-0.0014084831613397084,0.005381784348718023,-0.8199996948242188
2005-04-08,44.45597457885742,42.689998626708984,79.93540954589844,12.619999885559082,0.003491540851973122,0.002814895929692614,-0.010453230868721087,0.28999996185302734
2005-04-11,44.69588851928711,42.779998779296875,79.99634552001953,11.979999542236328,0.005382153804439123,0.0021060065188699692,0.0007620247404235746,-0.6400003433227539
2005-04-12,45.110713958740234,42.84000015258789,80.40959930419922,11.300000190734863,0.009238260401605917,0.0014015740215325113,0.005152610758103842,-0.6799993515014648
2005-04-13,45.00074768066406,42.900001525878906,79.46119689941406,13.3100004196167,-0.002440673598310458,0.0013996123608867256,-0.01186475019844464,2.010000228881836
2005-04-14,44.930782318115234,42.310001373291016,78.42475128173828,14.529999732971191,-0.0015559698954423441,-0.013848364312432566,-0.013129230534177862,1.2199993133544922
2005-04-15,45.52550506591797,42.400001525878906,77.32733917236328,17.739999771118164,0.01314958494351647,0.0021249010358104564,-0.014092013364306839,3.2100000381469727
2005-04-18,45.490501403808594,42.689998626708984,77.56442260742188,16.559999465942383,-0.0007691759986588635,0.006816270375332937,0.003061281213222709,-1.1800003051757812
2005-04-19,45.930320739746094,43.279998779296875,78.18087768554688,14.960000038146973,0.009621937735576012,0.01372593773248563,0.007916236268242009,-1.5999994277954102
2005-04-20,45.81541442871094,43.400001525878906,77.09022521972656,16.920000076293945,-0.0025048874676394215,0.0027688699314186373,-0.014048594789699258,1.9600000381469727
2005-04-21,45.335601806640625,43.189998626708984,78.58731079101562,14.40999984741211,-0.01052795840715264,-0.004850521088753664,0.019233754100745504,-2.510000228881836
2005-04-22,45.715457916259766,43.38999938964844,78.28926086425781,15.380000114440918,0.008343852659535527,0.004620030567512913,-0.0037998062072583097,0.9700002670288086
2005-04-25,45.85035705566406,43.439998626708984,78.8041000366211,14.619999885559082,0.0029464978178478872,0.0011516582685481746,0.0065545865547152245,-0.7600002288818359
2005-04-26,45.7803955078125,43.63999938964844,78.03861999511719,14.90999984741211,-0.0015270323442547519,0.004593502966645929,-0.009761194135232895,0.28999996185302734
2005-04-27,45.94033432006836,43.20000076293945,78.34342956542969,14.869999885559082,0.003487520752715837,-0.010133634068112189,0.0038982729433843415,-0.039999961853027344
2005-04-28,46.28020095825195,43.0,77.36119079589844,16.860000610351562,0.007370769988552577,-0.004640397217137494,-0.012616861298518786,1.9900007247924805
2005-04-29,46.20022201538086,43.349998474121094,78.41114044189453,15.3100004196167,-0.0017296409388835227,0.008106552333935738,0.013480770793124895,-1.5500001907348633
2005-05-02,46.190223693847656,42.880001068115234,78.85153198242188,15.119999885559082,-0.00021643626666118115,-0.010901126355548211,0.005600727558889086,-0.1900005340576172
2005-05-03,46.31560516357422,42.7599983215332,78.98699951171875,14.529999732971191,0.002710781537854593,-0.0028024947683054522,0.0017165334887151958,-0.5900001525878906
2005-05-04,45.90932846069336,42.900001525878906,79.5967025756836,13.850000381469727,-0.008810618020121725,0.003268814598599033,0.007689391281482041,-0.6799993515014648
2005-05-05,46.0146369934082,42.90999984741211,79.56957244873047,13.979999542236328,0.0022912105295718253,0.00023303394519147896,-0.00034090296090305864,0.12999916076660156
2005-05-06,45.673583984375,42.52000045776367,79.31893157958984,14.050000190734863,-0.007439441585142398,-0.009130331207844171,-0.0031549302899076376,0.07000064849853516
2005-05-09,45.71867370605469,42.54999923706055,79.81344604492188,13.75,0.0009867296525451945,0.0007052728493703425,0.006215153252410808,-0.3000001907348633
2005-05-10,46.04473114013672,42.63999938964844,78.98699951171875,14.90999984741211,0.007106510636860463,0.0021129284545669176,-0.010408711283082149,1.1599998474121094
2005-05-11,46.18516540527344,42.689998626708984,79.42052459716797,14.449999809265137,0.003045311312886897,0.0011719030574265017,0.005473555252480721,-0.46000003814697266
2005-05-12,46.36573791503906,42.15999984741211,78.5466537475586,16.1200008392334,0.0039021280703467106,-0.012492767987104848,-0.01106406752618559,1.6700010299682617
2005-05-13,46.54631042480469,41.95000076293945,78.390869140625,16.31999969482422,0.003886960632981534,-0.004993449513758401,-0.001985307977782468,0.1999988555908203
2005-05-16,46.491127014160156,41.880001068115234,79.12251281738281,15.680000305175781,-0.0011862626193245456,-0.001670039593571195,0.009289990851981686,-0.6399993896484375
2005-05-17,46.62153625488281,41.86000061035156,79.65084838867188,14.569999694824219,0.0028011082792035605,-0.00047767990788377847,0.0066552413751449135,-1.1100006103515625
2005-05-18,46.93251419067383,42.04999923706055,80.47055053710938,13.630000114440918,0.0066481158149384835,0.004528636676695042,0.010238597896715213,-0.9399995803833008
2005-05-19,46.812137603759766,41.97999954223633,80.80926513671875,13.319999694824219,-0.0025681817740511,-0.0016660647871720412,0.004200340832302553,-0.3100004196166992
2005-05-20,46.86735153198242,41.650001525878906,80.69408416748047,13.140000343322754,0.0011787838538722996,-0.007891898239560196,-0.001426360372865602,-0.17999935150146484
2005-05-23,47.23346710205078,41.619998931884766,81.14117431640625,12.949999809265137,0.0077813864478213455,-0.0007206099466198394,0.0055252642783941795,-0.1900005340576172
2005-05-24,47.36385726928711,41.72999954223633,80.95150756835938,12.6899995803833,0.0027567428715193887,0.0026394883318275482,-0.0023402269911658702,-0.26000022888183594
2005-05-25,47.0328369140625,41.869998931884766,80.89054870605469,12.579999923706055,-0.007013417470608887,0.0033492708869692074,-0.0007533130335921884,-0.1099996566772461
2005-05-26,47.01780700683594,41.689998626708984,81.32411193847656,12.239999771118164,-0.00031961306649108977,-0.004308295568608848,0.005345562024077803,-0.3400001525878906
2005-05-27,47.06795120239258,41.880001068115234,81.4595718383789,12.149999618530273,0.0010659254122804727,0.004547152554352749,0.0016642937182239066,-0.09000015258789062
2005-05-31,47.64976501464844,41.650001525878906,80.93791198730469,13.289999961853027,0.012285370746981945,-0.005507006257920899,-0.006424504038411693,1.140000343322754
2005-06-01,48.233219146728516,41.529998779296875,81.6289291381836,12.359999656677246,0.012170278985885817,-0.0028853769992222954,0.008501380822075869,-0.9300003051757812
2005-06-02,48.34903335571289,42.099998474121094,81.80508422851562,11.84000015258789,0.00239825146946726,0.013631676194803669,0.0021556731664144103,-0.5199995040893555
2005-06-03,47.95133590698242,42.16999816894531,81.39186096191406,12.149999618530273,-0.008259567698400368,0.0016613198934977114,-0.005064116233560307,0.3099994659423828
2005-06-06,48.20305252075195,42.47999954223633,81.31732940673828,12.279999732971191,0.005235687999245049,0.007324341820024229,-0.0009161321523358433,0.13000011444091797
2005-06-07,48.58563995361328,42.380001068115234,81.37824249267578,12.390000343322754,0.007905663682523642,-0.002356788114264282,0.0007487983609205842,0.1100006103515625
2005-06-08,48.35408401489258,42.34000015258789,81.22929382324219,12.699999809265137,-0.00477732697470907,-0.0009443087328481455,-0.0018320025561802133,0.3099994659423828
2005-06-09,48.31380081176758,42.27000045776367,81.6153793334961,12.079999923706055,-0.0008334351274780664,-0.001654643902374655,0.004741772956746352,-0.619999885559082
2005-06-10,47.77012252807617,42.619998931884766,81.42572021484375,11.960000038146973,-0.011316858580407546,0.008245976200893991,-0.0023265201808010316,-0.11999988555908203
2005-06-13,47.483123779296875,42.779998779296875,81.68312072753906,11.649999618530273,-0.006026033303613188,0.003747073510715156,0.003156183624169154,-0.3100004196166992
2005-06-14,47.1710205078125,42.599998474121094,81.87281799316406,11.789999961853027,-0.006594627312418016,-0.004216457663253803,0.0023196632561264976,0.1400003433227539
2005-06-15,47.2565803527832,42.7400016784668,82.0285873413086,11.460000038146973,0.0018121792273816685,0.0032810717059978092,0.0019007694866951007,-0.3299999237060547
2005-06-16,47.49323272705078,43.459999084472656,82.23860931396484,11.149999618530273,0.004995321018131147,0.01670566459973835,0.0025570788492283577,-0.3100004196166992
2005-06-17,47.48819351196289,43.630001068115234,82.54332733154297,11.479999542236328,-0.00010610948460463383,0.0039040578544222043,0.003698443787242166,0.3299999237060547
2005-06-20,47.40761947631836,43.65999984741211,82.57052612304688,11.470000267028809,-0.001698158274219602,0.0006873360101561252,0.0003294549933982133,-0.009999275207519531
2005-06-21,47.75497817993164,43.810001373291016,82.6181411743164,11.079999923706055,0.007300352341739846,0.0034297855454410334,0.0005764929685223672,-0.3900003433227539
2005-06-22,48.333946228027344,43.720001220703125,82.6861343383789,11.050000190734863,0.01205081768228412,-0.002056441943057124,0.0008226425806119501,-0.029999732971191406
2005-06-23,48.283607482910156,44.02000045776367,81.5230484008789,12.130000114440918,-0.0010420207868776657,0.006838395268039535,-0.014166143070302974,1.0799999237060547
2005-06-24,48.52524185180664,43.900001525878906,80.92457580566406,12.180000305175781,0.004991999643670573,-0.0027297316581218743,-0.0073682247525878606,0.05000019073486328
2005-06-27,48.6561393737793,43.90999984741211,81.04016876220703,12.520000457763672,0.002693882294780238,0.00022772625942488032,0.0014273844160021354,0.3400001525878906
2005-06-28,48.3238525390625,43.45000076293945,81.72030639648438,11.579999923706055,-0.006852715256058753,-0.010531211828189758,0.008357576893602975,-0.9400005340576172
2005-06-29,48.24837875366211,43.630001068115234,81.50270080566406,11.770000457763672,-0.0015630538873579061,0.0041341423463071925,-0.002666360869980627,0.1900005340576172
2005-06-30,48.6812744140625,43.439998626708984,81.06056213378906,12.039999961853027,0.008932220934434318,-0.004364367604562605,-0.005439602454986363,0.26999950408935547
2005-07-01,48.09124755859375,42.70000076293945,81.29862213134766,11.399999618530273,-0.012194250078972582,-0.017181705910153004,0.002932512493683562,-0.6400003433227539
2005-07-05,47.63663864135742,42.279998779296875,81.95156860351562,11.680000305175781,-0.009498012603958331,-0.00988480597185764,0.007999377532906119,0.2800006866455078
2005-07-06,47.89931869506836,42.25,81.26464080810547,12.270000457763672,0.005499096319109243,-0.0007097783269727351,-0.00841744645109431,0.5900001525878906
2005-07-07,48.00035095214844,42.36000061035156,81.58431243896484,12.489999771118164,0.0021070415535425374,0.002600181338699863,0.0039259944272084235,0.2199993133544922
2005-07-08,47.803321838378906,42.2599983215332,82.51610565185547,11.449999809265137,-0.0041131907747216185,-0.002363562671597049,0.011356500344913454,-1.0399999618530273
2005-07-11,47.803321838378906,42.540000915527344,82.93782043457031,11.279999732971191,0.0,0.0066038588233694575,0.005097681341571872,-0.1700000762939453
2005-07-12,47.535621643066406,42.63999938964844,83.15546417236328,10.949999809265137,-0.005615772297715625,0.0023479342498727383,0.0026207424686441497,-0.3299999237060547
2005-07-13,47.464866638183594,42.349998474121094,83.27107238769531,10.84000015258789,-0.0014895716694861604,-0.006824380475663703,0.0013893004843667039,-0.1099996566772461
2005-07-14,47.343631744384766,41.900001525878906,83.59752655029297,10.8100004196167,-0.002557470310082239,-0.01068252172261526,0.003912714329217121,-0.029999732971191406
2005-07-15,47.46991729736328,42.04999923706055,83.54994201660156,10.329999923706055,0.0026638730209765592,0.003573504930082332,-0.0005693718892054292,-0.48000049591064453
2005-07-18,47.116329193115234,42.0099983215332,83.21666717529297,10.770000457763672,-0.007476557416437172,-0.0009517230480238243,-0.003996906654190138,0.4400005340576172
2005-07-19,47.28300857543945,41.88999938964844,83.67236328125,10.449999809265137,0.0035313712888240647,-0.0028605248387047126,0.005461080782169068,-0.32000064849853516
2005-07-20,47.5406608581543,42.20000076293945,83.95804595947266,10.229999542236328,0.005434358706877632,0.007373118732496952,0.003408486039015746,-0.2200002670288086
2005-07-21,46.89401626586914,42.459999084472656,83.4683609008789,10.970000267028809,-0.013695280569393418,0.00614219559189617,-0.005849572526726773,0.7400007247924805
2005-07-22,47.25778579711914,42.45000076293945,84.02605438232422,10.520000457763672,0.007727336777132437,-0.00023550398297923907,0.006659273283272189,-0.4499998092651367
2005-07-25,47.085994720458984,42.5099983215332,83.78799438476562,11.100000381469727,-0.00364181434297088,0.001412372156634946,-0.0028371898419606114,0.5799999237060547
2005-07-26,47.1617546081543,42.25,83.89006805419922,10.989999771118164,0.0016076756114081284,-0.006134949083469094,0.0012174959628885305,-0.1100006103515625
2005-07-27,47.085994720458984,42.439998626708984,84.19609832763672,10.359999656677246,-0.0016076756114081193,0.004486927584186658,0.0036413539338135932,-0.630000114440918
2005-07-28,47.50527572631836,42.75,84.72659301757812,10.520000457763672,0.008865167998244366,0.007277913995399496,0.006280937507267208,0.16000080108642578
2005-07-29,47.035526275634766,42.81999969482422,84.16207122802734,11.569999694824219,-0.009937578412503163,0.001636080651822505,-0.006685160244571746,1.0499992370605469
2005-08-01,46.86056137084961,43.130001068115234,84.10086822509766,12.079999923706055,-0.003726781630129325,0.007213559390177959,-0.0007274686372140216,0.5100002288818359
2005-08-02,46.70846176147461,43.13999938964844,84.60415649414062,11.75,-0.0032510704558159193,0.00023179138808199025,0.005966505893162698,-0.3299999237060547
2005-08-03,46.93659210205078,43.529998779296875,84.82862091064453,11.829999923706055,0.0048722443409096134,0.008999700708553276,0.002649600050956262,0.07999992370605469
2005-08-04,46.840293884277344,43.68000030517578,84.14847564697266,12.520000457763672,-0.002053773712131773,0.003440010901869789,-0.00805019083206058,0.6900005340576172
2005-08-05,46.4752082824707,43.599998474121094,83.5771255493164,12.479999542236328,-0.007824797725984323,-0.0018332230655092423,-0.006812940941268601,-0.04000091552734375
2005-08-08,46.38901901245117,43.349998474121094,83.42073822021484,13.210000038146973,-0.0018562431902630517,-0.005750447330267251,-0.001872926650519506,0.7300004959106445
2005-08-09,46.5614128112793,43.34000015258789,83.92400360107422,12.399999618530273,0.003709374838096394,-0.00023066839856781824,0.006014732134402177,-0.8100004196166992
2005-08-10,46.51073455810547,43.650001525878906,83.88319396972656,12.380000114440918,-0.001089010184349881,0.007127317613814467,-0.00048638714838172023,-0.01999950408935547
2005-08-11,46.83517074584961,44.45000076293945,84.21649932861328,12.420000076293945,0.006951295680230634,0.01816166188116084,0.0039655729185097905,0.039999961853027344
2005-08-12,47.31182861328125,44.4900016784668,83.6995620727539,12.739999771118164,0.010125908281161585,0.0008995034208769364,-0.006157110697280818,0.31999969482421875
2005-08-15,47.190162658691406,44.130001068115234,84.21649932861328,12.260000228881836,-0.002574888003377936,-0.00812463505949221,0.006157110697280917,-0.4799995422363281
2005-08-16,47.519691467285156,44.54999923706055,83.12145233154297,13.520000457763672,0.006958729720156323,0.009472289306063036,-0.013088036726359168,1.260000228881836
2005-08-17,47.20533752441406,43.90999984741211,83.1146469116211,13.300000190734863,-0.006637212999042543,-0.01447005569274202,-8.187655938346553e-05,-0.2200002670288086
2005-08-18,47.55521011352539,43.83000183105469,83.10781860351562,13.420000076293945,0.0073843849088119275,-0.0018235248916069417,-8.21586671590817e-05,0.11999988555908203
2005-08-19,47.55012130737305,43.599998474121094,83.29829406738281,13.420000076293945,-0.00010701410911820495,-0.005261440849239186,0.0022892854594988273,0.0
2005-08-22,47.49939727783203,43.70000076293945,83.29829406738281,13.420000076293945,-0.0010673180698081792,0.0022910042023477372,0.0,0.0
2005-08-23,47.717430114746094,43.7599983215332,83.1418228149414,13.34000015258789,0.004579720286144173,0.0013720001974238192,-0.001880211351310125,-0.07999992370605469
2005-08-24,47.76309585571289,43.59000015258789,82.40046691894531,14.170000076293945,0.000956545724577616,-0.003892350006710497,-0.008956754837195649,0.8299999237060547
2005-08-25,47.91520690917969,43.72999954223633,82.69972229003906,13.729999542236328,0.003179637958155451,0.0032065852060479284,0.0036251405919411036,-0.4400005340576172
2005-08-26,47.89997863769531,43.61000061035156,82.13522338867188,13.720000267028809,-0.00031786760158488266,-0.0027478591065202046,-0.006849289219484086,-0.009999275207519531
2005-08-29,47.96084976196289,43.56999969482422,82.76776123046875,13.520000457763672,0.0012699897020554025,-0.0009176627252673096,0.007671673688223512,-0.19999980926513672
2005-08-30,48.265045166015625,43.0099983215332,82.33248901367188,13.649999618530273,0.006322547950753877,-0.012936225354478486,-0.005272835439494748,0.12999916076660156
2005-08-31,48.670658111572266,43.400001525878906,83.37310028076172,12.600000381469727,0.008368749575864181,0.00902686849425043,0.01255992572534788,-1.0499992370605469
2005-09-01,48.37758255004883,44.220001220703125,83.31187438964844,13.149999618530273,-0.006039809695827659,0.018717726769667944,-0.0007346300287459733,0.5499992370605469
2005-09-02,48.418270111083984,44.25,83.16223907470703,13.569999694824219,0.000840688155802468,0.0006781684194120493,-0.001797701181593592,0.4200000762939453
2005-09-06,48.07740783691406,44.27000045776367,84.13485717773438,12.930000305175781,-0.007064848896440877,0.0004518856303791501,0.011627566562465929,-0.6399993896484375
2005-09-07,47.62459182739258,44.33000183105469,84.27770233154297,12.520000457763672,-0.00946311237514317,0.0013544329777345609,0.0016963721527660793,-0.4099998474121094
2005-09-08,47.67548370361328,44.599998474121094,83.99885559082031,12.930000305175781,0.001068034432812859,0.006072134751433877,-0.0033141514111510676,0.4099998474121094
2005-09-09,47.8281135559082,44.84000015258789,84.74700927734375,11.979999542236328,0.003196319020838797,0.005366776793414331,0.008867282043289498,-0.9500007629394531
2005-09-12,47.49738693237305,44.88999938964844,84.57695007324219,11.649999618530273,-0.006938918733011061,0.001114437590335973,-0.0020086851492675953,-0.3299999237060547
2005-09-13,47.74669647216797,44.560001373291016,84.10763549804688,12.390000343322754,0.005235183127143051,-0.007378412759289671,-0.005564418165944244,0.7400007247924805
2005-09-14,47.56349182128906,44.959999084472656,83.80160522460938,12.90999984741211,-0.003844392289981413,0.008936558784336007,-0.003645190830271732,0.5199995040893555
2005-09-15,47.17176055908203,45.41999816894531,83.76080322265625,12.489999771118164,-0.008270068111600857,0.010179311141287253,-0.0004870066399458151,-0.4200000762939453
2005-09-16,46.861358642578125,45.81999969482422,84.35640716552734,11.220000267028809,-0.006601993990591729,0.008768174001461274,0.007085609300729985,-1.2699995040893555
2005-09-19,46.9631233215332,46.25,84.07633209228516,12.140000343322754,0.0021692572499356967,0.009340793593402948,-0.0033256637944981105,0.9200000762939453
2005-09-20,47.08528137207031,46.22999954223633,83.36600494384766,12.640000343322754,0.002597771214362348,-0.00043253586017500794,-0.008484489910660527,0.5
2005-09-21,47.522830963134766,47.060001373291016,82.58734130859375,13.789999961853027,0.009249792643353655,0.01779448438266131,-0.00938419582522354,1.1499996185302734
2005-09-22,47.47700500488281,46.36000061035156,82.88102722167969,13.329999923706055,-0.0009647587564634152,-0.014986380843891567,0.003549756658430397,-0.46000003814697266
2005-09-23,47.120819091796875,46.279998779296875,82.9493408203125,12.960000038146973,-0.007530566368601815,-0.0017271556880254209,0.0008238973754170868,-0.36999988555908203
2005-09-26,46.907161712646484,46.56999969482422,83.04495239257812,13.039999961853027,-0.004544556738205498,0.006246674492227192,0.0011519863844551654,0.07999992370605469
2005-09-27,46.97328186035156,46.25,83.02446746826172,12.760000228881836,0.0014086034560845783,-0.006895086482796446,-0.00024670314905016904,-0.2799997329711914
2005-09-28,47.28877258300781,46.79999923706055,83.10646057128906,12.630000114440918,0.0066939321995459255,0.011821722663041578,0.0009870902504716616,-0.13000011444091797
2005-09-29,47.07504653930664,47.099998474121094,83.7826919555664,12.239999771118164,-0.0045298380491668785,0.006389782004315867,0.00810400286639042,-0.3900003433227539
2005-09-30,46.91225051879883,46.70000076293945,84.04222106933594,11.920000076293945,-0.0034642167273727324,-0.008528787613907051,0.0030928580980583375,-0.31999969482421875
2005-10-03,46.545494079589844,46.41999816894531,83.74166107177734,12.460000038146973,-0.007848644828817905,-0.006013819610977734,-0.0035827078884685584,0.5399999618530273
2005-10-04,46.69871139526367,46.45000076293945,82.79903411865234,13.199999809265137,0.003286369438014394,0.0006461202839017118,-0.011320200366106705,0.7399997711181641
2005-10-05,46.90310287475586,46.36000061035156,81.7130126953125,14.550000190734863,0.004367261595277223,-0.001939450047779739,-0.013203132789893393,1.3500003814697266
2005-10-06,46.7242546081543,47.209999084472656,81.41927337646484,14.960000038146973,-0.0038204321673570617,0.018168683528509144,-0.0036012446509356938,0.4099998474121094
2005-10-07,46.91328048706055,47.36000061035156,81.69940185546875,14.59000015258789,0.004037400930805622,0.003172288297702827,0.0034346619599861616,-0.36999988555908203
2005-10-10,46.882633209228516,47.369998931884766,81.00948333740234,15.550000190734863,-0.0006534885735410664,0.00021109092407153046,-0.008480454549812468,0.9600000381469727
2005-10-11,46.785560607910156,47.38999938964844,80.89336395263672,15.630000114440918,-0.002072691531989258,0.000422128712852118,-0.001434433138389412,0.07999992370605469
2005-10-12,46.33092498779297,46.849998474121094,80.25811004638672,16.219999313354492,-0.00976495686725815,-0.011460246985187512,-0.007883976248472575,0.5899991989135742
2005-10-13,46.162391662597656,47.02000045776367,80.21028900146484,16.469999313354492,-0.003644231125334558,0.003622076732456221,-0.0005960182393701689,0.25
2005-10-14,46.09083938598633,46.79999923706055,81.05728912353516,14.869999885559082,-0.0015512148495150711,-0.004689866225957319,0.010504379370114468,-1.5999994277954102
2005-10-17,46.08063888549805,47.2599983215332,81.35782623291016,14.670000076293945,-0.000221337461896422,0.009781049621695053,0.0037008556960563058,-0.19999980926513672
2005-10-18,46.1317024230957,47.0,80.47669219970703,15.329999923706055,0.0011075207958622802,-0.005516634533112237,-0.010889428890298883,0.6599998474121094
2005-10-19,46.15214157104492,46.34000015258789,81.81548309326172,13.5,0.0004429626551907353,-0.01414207941303838,0.016498900957760677,-1.8299999237060547
2005-10-20,46.274757385253906,45.97999954223633,80.37423706054688,16.110000610351562,0.002653251110348663,-0.007799012917697535,-0.01777281530177092,2.6100006103515625
2005-10-21,46.703819274902344,46.52000045776367,80.6884536743164,16.1299991607666,0.009229328963704021,0.011675828111288618,0.0039017976288932255,0.019998550415039062
2005-10-24,46.34115219116211,46.38999938964844,81.93841552734375,14.739999771118164,-0.007795561966526434,-0.0027984318839231513,0.015372447052102889,-1.3899993896484375
2005-10-25,45.94271469116211,47.060001373291016,81.77446746826172,14.529999732971191,-0.008635094935748934,0.014339506874232317,-0.002002873700452001,-0.21000003814697266
2005-10-26,45.60558319091797,46.93000030517578,81.5354232788086,14.59000015258789,-0.007365140194305203,-0.0027662761718075758,-0.0029274939696716153,0.06000041961669922
2005-10-27,45.76905822753906,47.18000030517578,80.6679458618164,16.020000457763672,0.0035781308358175602,0.005312944138745386,-0.010696272121397952,1.4300003051757812
2005-10-28,45.77416229248047,47.220001220703125,81.82913970947266,14.25,0.00011151158802806547,0.0008474770609084391,0.014292116186635518,-1.7700004577636719
2005-10-31,45.86097717285156,46.400001525878906,82.05451202392578,15.319999694824219,0.0018947950939247585,-0.017518065391236633,0.0027503958343829617,1.0699996948242188
2005-11-01,45.808143615722656,45.72999954223633,82.30045318603516,14.850000381469727,-0.0011527014227799934,-0.014544964457705811,0.0029928070060744167,-0.4699993133544922
2005-11-02,45.59264373779297,46.130001068115234,83.16107940673828,13.479999542236328,-0.004715501550692341,0.008708993064364326,0.01040282860353324,-1.3700008392333984
2005-11-03,45.2847785949707,45.959999084472656,83.51626586914062,13.0,-0.006775419299196905,-0.0036920876637241665,0.004261970929041642,-0.4799995422363281
2005-11-04,45.21297836303711,45.5099983215332,83.40697479248047,13.170000076293945,-0.0015867851184933506,-0.009839387913189087,-0.00130947724048528,0.1700000762939453
2005-11-07,45.36689758300781,45.77000045776367,83.48893737792969,13.100000381469727,0.0033985334272258476,0.00569681951966618,0.0009822001147008494,-0.06999969482421875
2005-11-08,45.808143615722656,45.90999984741211,83.48893737792969,13.079999923706055,0.009679172541156784,0.0030540902705580722,0.0,-0.020000457763671875
2005-11-09,45.33608627319336,46.560001373291016,83.59820556640625,12.800000190734863,-0.010358561678970242,0.014058877980764004,0.0013079187557790205,-0.2799997329711914
2005-11-10,45.89024353027344,46.47999954223633,84.24712371826172,11.899999618530273,0.012149213380562084,-0.001719730223224147,0.0077323734634842135,-0.9000005722045898
2005-11-11,45.915855407714844,46.79999923706055,84.53398895263672,11.630000114440918,0.0005579559180083367,0.0068610839264361964,0.00339926080664014,-0.26999950408935547
2005-11-14,45.57209014892578,46.619998931884766,84.48616027832031,12.180000305175781,-0.007515020138583763,-0.003853575924959696,-0.0005659523531444551,0.5500001907348633
2005-11-15,45.86970138549805,46.65999984741211,84.17884826660156,12.229999542236328,0.0065093275717051265,0.0008576526265601306,-0.003644055805526806,0.049999237060546875
2005-11-16,46.35200500488281,47.779998779296875,84.34957122802734,12.260000228881836,0.010459750432134134,0.02371985302617489,0.002026044275940595,0.030000686645507812
2005-11-17,46.46489715576172,48.47999954223633,85.13508605957031,11.25,0.002432578634285236,0.014544215969487923,0.009269517001133988,-1.010000228881836
2005-11-18,46.24935531616211,48.459999084472656,85.46977996826172,11.119999885559082,-0.004649602885551178,-0.0004126358227933849,0.003923620068554952,-0.13000011444091797
2005-11-21,46.387943267822266,48.9900016784668,85.90010070800781,10.819999694824219,0.0029920573498981554,0.010877533415953692,0.005022138575408772,-0.3000001907348633
2005-11-22,46.44955062866211,49.31999969482422,86.26896667480469,10.600000381469727,0.0013272088096626111,0.006713442196576113,0.004284933836130977,-0.2199993133544922
2005-11-23,46.26991653442383,49.150001525878906,86.7675552368164,10.960000038146973,-0.003874791874604623,-0.003452794469951524,0.005762828983787247,0.3599996566772461
2005-11-25,46.43922424316406,49.41999816894531,86.83589172363281,10.880000114440918,0.0036524531570397267,0.005478285871055113,0.0007872711232690842,-0.07999992370605469
2005-11-28,46.67009735107422,49.7400016784668,86.22114562988281,11.84000015258789,0.0049591937117288805,0.006454308610487604,-0.007104578801610206,0.9600000381469727
2005-11-29,46.22890090942383,49.79999923706055,86.1254653930664,11.890000343322754,-0.00949848258886971,0.0012054965904707295,-0.001110323505384909,0.05000019073486328
2005-11-30,46.17755126953125,49.099998474121094,85.66102600097656,12.0600004196167,-0.0011113865745790172,-0.01415596498702683,-0.005407183299602614,0.1700000762939453
2005-12-01,46.10539245605469,50.16999816894531,86.53533172607422,11.239999771118164,-0.0015638605633877904,0.0215581982756461,0.010154840089333046,-0.8200006484985352
2005-12-02,46.12087631225586,50.31999969482422,86.64459991455078,11.010000228881836,0.0003357797415735388,0.002985404328326618,0.0012619037545668118,-0.22999954223632812
2005-12-05,45.914772033691406,50.779998779296875,86.46018981933594,11.600000381469727,-0.004478799830283762,0.009099945909995211,-0.002130618861092206,0.5900001525878906
2005-12-06,46.383731842041016,50.88999938964844,86.62411499023438,11.520000457763672,0.010161894813239404,0.002163876369716232,0.001894166199420205,-0.07999992370605469
2005-12-07,46.20848083496094,51.31999969482422,86.11869049072266,12.180000305175781,-0.0037854418052195578,0.008414105193713344,-0.0058517741492686215,0.6599998474121094
2005-12-08,46.507362365722656,51.900001525878906,86.06403350830078,12.210000038146973,0.006447281408543866,0.011238285771298415,-0.0006348718731855332,0.029999732971191406
2005-12-09,46.141517639160156,52.400001525878906,86.28943634033203,11.6899995803833,-0.007897486251922815,0.009587800874615747,0.0026155894712578073,-0.5200004577636719
2005-12-12,46.05386734008789,52.560001373291016,86.37139129638672,11.470000267028809,-0.0019014037524568584,0.0030487798575956843,0.0009493173794111562,-0.2199993133544922
2005-12-13,46.22391891479492,51.650001525878906,86.95882415771484,11.109999656677246,0.0036856490409466177,-0.0174651751961011,0.00677821935298037,-0.3600006103515625
2005-12-14,46.69802474975586,50.349998474121094,87.30032348632812,10.479999542236328,0.010204477658638342,-0.02549163624918632,0.003919447218790515,-0.630000114440918
2005-12-15,46.584678649902344,50.2400016784668,87.0476303100586,10.729999542236328,-0.002430164467901937,-0.0021870332902152977,-0.0028987246217375058,0.25
2005-12-16,46.7392692565918,50.09000015258789,86.7674560546875,10.680000305175781,0.003312992035915827,-0.0029901651531156147,-0.003223822556324126,-0.049999237060546875
2005-12-19,46.7856559753418,50.220001220703125,86.32113647460938,11.380000114440918,0.0009919649214078952,0.0025919876207500217,-0.0051571344217433,0.6999998092651367
2005-12-20,46.729000091552734,49.040000915527344,86.40351867675781,11.1899995803833,-0.0012117007772657624,-0.023777067739602628,0.0009539137110821483,-0.1900005340576172
2005-12-21,46.646514892578125,49.369998931884766,86.54086303710938,10.8100004196167,-0.0017667419653695083,0.006706620338919612,0.0015883070367933203,-0.37999916076660156
2005-12-22,47.017555236816406,50.13999938964844,86.99406433105469,10.289999961853027,0.007922830699379135,0.015476149921333452,0.005223182804264385,-0.5200004577636719
2005-12-23,47.30607986450195,50.119998931884766,87.04212188720703,10.270000457763672,0.00611777795171507,-0.0003989718404908519,0.0005522708629519151,-0.01999950408935547
2005-12-27,47.69260787963867,50.63999938964844,86.15631103515625,11.569999694824219,0.008137589209176552,0.010321657066455383,-0.010228944462368803,1.2999992370605469
2005-12-28,47.55963134765625,51.470001220703125,86.34857177734375,11.350000381469727,-0.0027920943265848075,0.016257371598287152,0.002229047881536121,-0.2199993133544922
2005-12-29,47.66309356689453,51.470001220703125,85.9640884399414,11.609999656677246,0.0021730581653710756,0.0,-0.004462631764863652,0.25999927520751953
2005-12-30,47.5544319152832,51.58000183105469,85.49711608886719,12.069999694824219,-0.0022823886302857366,0.00213489857106166,-0.005446987345426333,0.46000003814697266
2006-01-03,47.492313385009766,53.119998931884766,87.00093078613281,11.140000343322754,-0.001307115544494836,0.02941944910807375,0.01743617186945772,-0.9299993515014648
2006-01-04,47.60618209838867,53.29999923706055,87.41294860839844,11.369999885559082,0.00239475434849747,0.003382831797150453,0.004724607813491349,0.22999954223632812
2006-01-05,47.54924774169922,52.34000015258789,87.4678726196289,11.3100004196167,-0.001196660318371289,-0.018175416840417152,0.0006281307767271375,-0.05999946594238281
2006-01-06,47.461273193359375,53.720001220703125,88.19573211669922,11.0,-0.0018518911930264462,0.02602449436115473,0.008287017263665989,-0.3100004196166992
2006-01-09,47.492313385009766,54.599998474121094,88.4223403930664,11.130000114440918,0.0006537971629003335,0.016248460425883546,0.002566083951594615,0.13000011444091797
2006-01-10,47.10942077636719,54.060001373291016,88.51158142089844,10.859999656677246,-0.008094876967163902,-0.009939288552968184,0.0010087498709639372,-0.2700004577636719
2006-01-11,47.03181838989258,54.529998779296875,88.7931137084961,10.9399995803833,-0.0016486378284131823,0.008656420300679264,0.0031756916983727086,0.07999992370605469
2006-01-12,47.34749984741211,54.43000030517578,88.44295501708984,11.199999809265137,0.006689657028321322,-0.001835508499204341,-0.003951330556020262,0.26000022888183594
2006-01-13,47.6217155456543,55.439998626708984,88.36053466796875,11.229999542236328,0.005774849443000878,0.018385852058020367,-0.0009323385555145677,0.029999732971191406
2006-01-17,47.83385467529297,55.2599983215332,88.12015533447266,11.90999984741211,0.004444779459184715,-0.003252040989607987,-0.002724144858529748,0.6800003051757812
2006-01-18,47.8183708190918,54.06999969482422,87.76998138427734,12.25,-0.00032375318517448726,-0.02176979137145157,-0.003981740185928819,0.3400001525878906
2006-01-19,47.67859649658203,55.59000015258789,88.1064453125,11.979999542236328,-0.002927305992024424,0.02772383396043182,0.00382614481099686,-0.2700004577636719
2006-01-20,47.80278396606445,55.20000076293945,86.49967956542969,14.5600004196167,0.002601293339271733,-0.007040364605841864,-0.01840497983328164,2.580000877380371
2006-01-23,47.78727340698242,55.77000045776367,86.80870056152344,13.930000305175781,-0.0003245224376762452,0.010273131505108786,0.003566144041761588,-0.630000114440918
2006-01-24,47.5544319152832,55.72999954223633,86.89795684814453,13.3100004196167,-0.00488436731483139,-0.0007175052420346415,0.0010276669392801396,-0.619999885559082
2006-01-25,47.03700637817383,56.13999938964844,86.97347259521484,12.869999885559082,-0.010940328371288914,0.007329966694290513,0.0008686389944609321,-0.4400005340576172
2006-01-26,46.835140228271484,55.880001068115234,87.45410919189453,12.420000076293945,-0.004300880897463891,-0.004642006558574431,0.005511029944047914,-0.4499998092651367
2006-01-27,46.835140228271484,55.630001068115234,88.2643814086914,11.970000267028809,0.0,-0.004483910215659325,0.009222455270042496,-0.4499998092651367
2006-01-30,46.78860092163086,56.68000030517578,88.19573211669922,12.390000343322754,-0.0009941775430519063,0.018698776919120332,-0.0007780715322462264,0.4200000762939453
2006-01-31,46.91794967651367,56.70000076293945,87.5502700805664,12.949999809265137,0.002760721341478537,0.00035280398276080644,-0.007345429543056269,0.5599994659423828
2006-02-01,46.75750732421875,56.70000076293945,88.16140747070312,12.359999656677246,-0.0034254972287977963,0.0,0.006956166635868901,-0.5900001525878906
2006-02-02,46.845760345458984,56.97999954223633,87.13826751708984,13.229999542236328,0.0018856830447954304,0.004926096846573146,-0.011673171346861598,0.869999885559082
2006-02-03,47.17810821533203,56.5,86.70565795898438,12.960000038146973,0.007069465639192417,-0.008459682883606469,-0.004976998188657299,-0.26999950408935547
2006-02-06,47.271583557128906,56.720001220703125,86.93225860595703,13.039999961853027,0.00197936849896731,0.0038862655930409257,0.0026100379467195096,0.07999992370605469
2006-02-07,47.04829406738281,54.599998474121094,86.16319274902344,13.59000015258789,-0.0047347369930205935,-0.03809304894107721,-0.008886090437696328,0.5500001907348633
2006-02-08,46.93926239013672,54.83000183105469,86.94596862792969,12.829999923706055,-0.0023201310953379004,0.00420366800672235,0.009043787260572535,-0.7600002288818359
2006-02-09,47.15216064453125,56.18000030517578,86.80181121826172,13.119999885559082,0.004525356527809106,0.02432330429712352,-0.001659387450872758,0.28999996185302734
2006-02-10,46.89250183105469,54.790000915527344,86.959716796875,12.869999885559082,-0.0055220459397816914,-0.025053114848127972,0.0018174980835455072,-0.25
2006-02-13,46.897701263427734,53.720001220703125,86.80181121826172,13.350000381469727,0.00011087367777926936,-0.019722317881601545,-0.0018174980835455783,0.48000049591064453
2006-02-14,46.73155212402344,54.4900016784668,87.72190856933594,12.25,-0.003549089793944128,0.014231835019739241,0.010544192810929569,-1.1000003814697266
2006-02-15,46.845760345458984,53.7599983215332,88.0309066772461,12.3100004196167,0.002440939478336306,-0.013487564404801337,0.0035162842296912636,0.06000041961669922
2006-02-16,46.85615921020508,54.52000045776367,88.69010925292969,11.479999542236328,0.00022195628089783783,0.01403795023117115,0.007460410180272536,-0.8300008773803711
2006-02-17,47.23003005981445,54.959999084472656,88.44979095458984,12.010000228881836,0.00794745372042176,0.008038016031443143,-0.002713318066629534,0.5300006866455078
2006-02-21,47.15216064453125,55.119998931884766,88.23005676269531,12.40999984741211,-0.0016500874237095845,0.0029069760713780913,-0.0024873725897457304,0.39999961853027344
2006-02-22,47.474124908447266,55.34000015258789,88.76567840576172,11.880000114440918,0.006804990906934391,0.0039833697886547965,0.006052386263457253,-0.5299997329711914
2006-02-23,47.35468673706055,54.63999938964844,88.63516998291016,11.869999885559082,-0.002519028393841965,-0.012729773023942181,-0.0014713395970889713,-0.010000228881835938
2006-02-24,47.2819938659668,55.63999938964844,88.86178588867188,11.460000038146973,-0.0015362517985042072,0.018136151993469803,0.0025534638358191445,-0.4099998474121094
2006-02-27,47.20409393310547,55.220001220703125,88.89613342285156,11.59000015258789,-0.0016489189536004513,-0.007577127477402215,0.00038645293261975065,0.13000011444091797
2006-02-28,47.43777847290039,56.06999969482422,88.05152130126953,12.34000015258789,0.004938300749039,0.015275676084631486,-0.009546535527251057,0.75
2006-03-01,47.15114212036133,56.099998474121094,88.83428955078125,11.539999961853027,-0.006060693538625016,0.0005348806365655907,0.008850606563243739,-0.8000001907348633
2006-03-02,46.82284927368164,56.7400016784668,88.82748413085938,11.720000267028809,-0.006986915790869755,0.011343673633042218,-7.661096457807202e-05,0.18000030517578125
2006-03-03,46.551856994628906,56.279998779296875,88.41547393798828,11.960000038146973,-0.005804420719970872,-0.008140248406057845,-0.004649109216708627,0.23999977111816406
2006-03-06,46.14541244506836,55.22999954223633,88.01033020019531,12.739999771118164,-0.008769344700091945,-0.01883293493158655,-0.0045928026451848274,0.7799997329711914
2006-03-07,46.17667770385742,54.95000076293945,87.87301635742188,12.65999984741211,0.0006773083220681449,-0.005082580890901775,-0.0015614198087414485,-0.07999992370605469
2006-03-08,46.16102981567383,53.970001220703125,88.05841064453125,12.319999694824219,-0.0003389273733068411,-0.017995335485148433,0.0021075751944210357,-0.3400001525878906
2006-03-09,46.17667770385742,54.2400016784668,87.4678726196289,12.680000305175781,0.0003389273733069089,0.004990315328593799,-0.0067287957342086185,0.3600006103515625
2006-03-10,46.00468063354492,53.83000183105469,88.29873657226562,11.850000381469727,-0.0037317148068298435,-0.007587707988952681,0.009454243273932773,-0.8299999237060547
2006-03-13,45.968223571777344,54.310001373291016,88.46353912353516,11.369999885559082,-0.0007927783512331723,0.00887743074453615,0.0018646806664240848,-0.48000049591064453
2006-03-14,46.27568054199219,54.869998931884766,89.39055633544922,10.739999771118164,0.0066661989588936805,0.010258334271688237,0.01042456294904802,-0.630000114440918
2006-03-15,46.02552795410156,55.119998931884766,89.78878021240234,11.350000381469727,-0.005420366741258029,0.004545875722809695,0.004444982778669041,0.6100006103515625
2006-03-16,46.44243240356445,55.34000015258789,89.97420501708984,11.979999542236328,0.009017334713609292,0.0039833697886547965,0.0020629927814541536,0.6299991607666016
2006-03-17,46.301734924316406,55.119998931884766,90.04932403564453,12.119999885559082,-0.0030341010381025706,-0.003983369788654952,0.0008345467207513914,0.1400003433227539
2006-03-20,46.37471389770508,55.16999816894531,89.90454864501953,11.789999961853027,0.0015749198291662987,0.0009066867676153741,-0.0016090281326354577,-0.3299999237060547
2006-03-21,46.134971618652344,54.83000183105469,89.3392562866211,11.619999885559082,-0.005183085736913387,-0.006181771283939387,-0.006307545555604134,-0.1700000762939453
2006-03-22,46.23395919799805,54.75,89.88387298583984,11.210000038146973,0.002143309798314933,-0.0014601541144710205,0.006077545658132607,-0.4099998474121094
2006-03-23,46.08808135986328,54.70000076293945,89.69775390625,11.170000076293945,-0.003160197904168657,-0.0009136453209700005,-0.002072808331785478,-0.039999961853027344
2006-03-24,46.42677307128906,55.709999084472656,89.76665496826172,11.1899995803833,0.00732192093101207,0.01829592422327758,0.000767852142150507,0.01999950408935547
2006-03-27,46.25483703613281,56.38999938964844,89.63568878173828,11.460000038146973,-0.0037102556202069582,0.012132179396417623,-0.0014600278575043083,0.2700004577636719
2006-03-28,45.8222770690918,56.060001373291016,89.08415985107422,11.579999923706055,-0.009395671299872487,-0.005869256761886151,-0.006172013748885422,0.11999988555908203
2006-03-29,45.60342788696289,57.06999969482422,89.64257049560547,10.949999809265137,-0.004787485100303624,0.017856008967773458,0.0062487850640276415,-0.630000114440918
2006-03-30,45.28554153442383,58.599998474121094,89.4840316772461,11.569999694824219,-0.006995076537281837,0.026456091342854822,-0.0017701319383380326,0.619999885559082
2006-03-31,45.26994323730469,58.099998474121094,89.50469207763672,11.390000343322754,-0.0003445025403536999,-0.008569032949188241,0.00023085700650819714,-0.17999935150146484
2006-04-03,45.28456115722656,58.470001220703125,89.43578338623047,11.569999694824219,0.000322853515605624,0.006348185470116209,-0.0007701856679873192,0.17999935150146484
2006-04-04,45.23748016357422,58.33000183105469,90.00796508789062,11.140000343322754,-0.0010402106980946437,-0.00239725090815688,0.006377303703735639,-0.42999935150146484
2006-04-05,45.30024337768555,58.65999984741211,90.3182144165039,11.130000114440918,0.0013864546558129778,0.005641488791230979,0.003440982730160814,-0.010000228881835938
2006-04-06,44.95503616333008,59.279998779296875,90.2216796875,11.449999809265137,-0.007649611179991988,0.010513899447593818,-0.001069400629516271,0.31999969482421875
2006-04-07,44.51560974121094,58.59000015258789,89.30479431152344,12.260000228881836,-0.009822885506006488,-0.011707924234642699,-0.01021457535114078,0.8100004196166992
2006-04-10,44.599281311035156,59.599998474121094,89.44265747070312,12.1899995803833,0.0018778364294367662,0.01709151230827808,0.0015425471540059983,-0.07000064849853516
2006-04-11,44.756248474121094,59.0099983215332,88.68431854248047,13.0,0.003513320886187169,-0.009948655844000452,-0.008514639688650478,0.8100004196166992
2006-04-12,44.484256744384766,59.43000030517578,88.84976196289062,12.760000228881836,-0.006095720128158779,0.0070922618883069175,0.001863793901782896,-0.23999977111816406
2006-04-13,44.17034912109375,59.5,88.73258972167969,12.380000114440918,-0.007081615942657016,0.0011771580379689472,-0.0013196385463253649,-0.38000011444091797
2006-04-17,44.33253479003906,61.09000015258789,88.69812774658203,12.579999923706055,0.003665097527458138,0.026371876607847133,-0.00038845557322596404,0.19999980926513672
2006-04-18,44.410972595214844,61.849998474121094,90.10450744628906,11.399999618530273,0.0017677422926549301,0.012363885008428301,0.015731409125859984,-1.1800003051757812
2006-04-19,44.13896179199219,63.75,90.27680969238281,11.319999694824219,-0.0061436896749859716,0.030257109870676136,0.0019104228889269322,-0.07999992370605469
2006-04-20,44.10233688354492,60.959999084472656,90.40093994140625,11.640000343322754,-0.0008301081489078894,-0.044751287678637945,0.0013740515232787754,0.32000064849853516
2006-04-21,44.358646392822266,63.20000076293945,90.41471099853516,11.59000015258789,0.00579487627281397,0.036086416864740824,0.0001523215173459483,-0.05000019073486328
2006-04-24,44.536537170410156,61.650001525878906,90.24928283691406,11.75,0.004002264417793037,-0.024831058863613812,-0.0018313356673167116,0.15999984741210938
2006-04-25,44.00822830200195,62.779998779296875,89.87699127197266,11.75,-0.011933288997693591,0.018163277608642465,-0.004133678963877597,0.0
2006-04-26,43.93497085571289,63.650001525878906,89.89765167236328,11.760000228881836,-0.0016660177008621798,0.013762817006708136,0.00022984777100049515,0.010000228881835938
2006-04-27,43.99251937866211,62.959999084472656,90.33200073242188,11.84000015258789,0.001308999745430635,-0.010899759408640247,0.004819960480012569,0.07999992370605469
2006-04-28,44.02387619018555,65.08999633789062,90.63530731201172,11.59000015258789,0.0007125220851729347,0.03327128175431663,0.0033520625009192295,-0.25
2006-05-01,43.69301986694336,65.16000366210938,89.89765167236328,12.539999961853027,-0.0075437665297136665,0.0010749686135923268,-0.00817202298093181,0.9499998092651367
2006-05-02,43.80855941772461,66.55000305175781,90.57328796386719,11.989999771118164,0.0026408578879325317,0.02110775076209168,0.007487515157539581,-0.5500001907348633
2006-05-03,43.71403884887695,66.45999908447266,90.23548889160156,11.989999771118164,-0.0021599131530894294,-0.0013533415469022937,-0.0037365383601578595,0.0
2006-05-04,43.640506744384766,67.4800033569336,90.55947875976562,11.859999656677246,-0.0016835328112662046,0.015231058274022213,0.003584062313133289,-0.13000011444091797
2006-05-05,43.90309524536133,67.98999786376953,91.35918426513672,11.619999885559082,0.005999051501749012,0.007529296693737569,0.008791958377502664,-0.23999977111816406
2006-05-08,43.929344177246094,67.55999755859375,91.24893951416016,12.0,0.0005977047395876365,-0.006344548315854382,-0.0012074464387342465,0.38000011444091797
2006-05-09,43.90309524536133,69.68000030517578,91.42813110351562,11.989999771118164,-0.0005977047395876325,0.030897281121183933,0.001961840599069832,-0.010000228881835938
2006-05-10,43.98185348510742,70.37999725341797,91.37987518310547,11.779999732971191,0.0017923037327108972,0.009995755944479651,-0.0005279410077403838,-0.21000003814697266
2006-05-11,43.766571044921875,71.02999877929688,90.27680969238281,12.489999771118164,-0.004906820225721759,0.009193212955575812,-0.012144656821043667,0.7100000381469727
2006-05-12,43.40420913696289,71.12000274658203,89.09795379638672,14.1899995803833,-0.00831388670438855,0.0012663240006524636,-0.013144244437851785,1.6999998092651367
2006-05-15,43.57749938964844,67.41000366210938,89.2771987915039,13.569999694824219,0.003984526974474071,-0.053575200633378034,0.0020097536327138292,-0.619999885559082
2006-05-16,43.90309524536133,68.61000061035156,89.14624786376953,13.350000381469727,0.007443876222925257,0.017644876407503035,-0.001467867073546497,-0.2199993133544922
2006-05-17,43.63001251220703,68.1500015258789,87.45030212402344,16.260000228881836,-0.006239550408314657,-0.0067271250662083795,-0.01920759924523227,2.9099998474121094
2006-05-18,44.22343826293945,67.45999908447266,87.0091323852539,16.989999771118164,0.013509652062945687,-0.010176364470453626,-0.005057573187736532,0.7299995422363281
2006-05-19,44.3389892578125,65.58000183105469,87.62264251708984,17.18000030517578,0.0026094826819279522,-0.028264016724660453,0.007026357674537294,0.1900005340576172
2006-05-22,44.433509826660156,65.30000305175781,86.9539566040039,17.719999313354492,0.0021295019412906676,-0.0042787163206261586,-0.007660696641736974,0.5399990081787109
2006-05-23,44.407249450683594,66.37999725341797,86.29212188720703,18.260000228881836,-0.0005911785751267511,0.016403681898370586,-0.007640437719327853,0.5400009155273438
2006-05-24,44.42826843261719,64.05999755859375,86.98151397705078,17.360000610351562,0.00047321122962171603,-0.035575658845409586,0.007957306649919066,-0.8999996185302734
2006-05-25,44.254981994628906,64.69999694824219,88.05696105957031,15.5,-0.003907990690348158,0.009941048269267854,0.01228827679315779,-1.8600006103515625
2006-05-26,44.22343826293945,65.0999984741211,88.50505828857422,14.260000228881836,-0.0007130265873655292,0.0061633714364872465,0.005075816336030638,-1.239999771118164
2006-05-30,44.20244216918945,65.11000061035156,86.93324279785156,18.65999984741211,-0.00047488572445017474,0.00015363084740756304,-0.017919206235562393,4.399999618530273
2006-05-31,43.939876556396484,64.2300033569336,87.90526580810547,16.440000534057617,-0.00595778266875362,-0.013607713088968276,0.01111920975308637,-2.219999313354492
2006-06-01,44.13602066040039,62.560001373291016,88.74635314941406,14.520000457763672,0.004453986492577446,-0.026344325345324347,0.009522626535872115,-1.9200000762939453
2006-06-02,44.705448150634766,63.5,88.93250274658203,14.319999694824219,0.012819132679286908,0.014913787710007854,0.002095349661461759,-0.20000076293945312
2006-06-05,44.647422790527344,63.290000915527344,87.6364517211914,16.649999618530273,-0.0012987913572994792,-0.003312552645839676,-0.014680658969510442,2.3299999237060547
2006-06-06,44.85835266113281,62.54999923706055,87.42273712158203,17.34000015258789,0.004713221242210849,-0.011761128537159677,-0.0024416279681700017,0.6900005340576172
2006-06-07,44.868896484375,62.279998779296875,86.76781463623047,17.799999237060547,0.00023501942589641906,-0.004325897350092141,-0.007519645179286576,0.45999908447265625
2006-06-08,44.958518981933594,60.90999984741211,86.69195556640625,18.350000381469727,0.0019954381817930866,-0.02224296502229821,-0.0008746590010097558,0.5500011444091797
2006-06-09,45.19578552246094,60.45000076293945,86.41617584228516,18.1200008392334,0.005263577587902546,-0.007580772661454671,-0.0031862160972553465,-0.22999954223632812
2006-06-12,45.232688903808594,60.029998779296875,85.4786148071289,20.959999084472656,0.0008161894498483754,-0.0069721727529347115,-0.010908653240457209,2.839998245239258
2006-06-13,45.26432418823242,55.91999816894531,84.48591613769531,23.809999465942383,0.0006991454111369548,-0.07092235174749513,-0.011681377897850679,2.8500003814697266
2006-06-14,44.81085968017578,55.619998931884766,85.14080810546875,21.459999084472656,-0.010068663077179739,-0.005379235579350925,0.007721604300111998,-2.3500003814697266
2006-06-15,44.552528381347656,57.31999969482422,86.94702911376953,15.899999618530273,-0.005781607524838235,0.030106768033878732,0.020992620617247434,-5.559999465942383
2006-06-16,44.45234298706055,57.68000030517578,86.31343078613281,17.25,-0.0022512349056613024,0.006260900631636242,-0.007313857442111856,1.3500003814697266
2006-06-19,44.389076232910156,56.36000061035156,85.63483428955078,17.829999923706055,-0.0014242628134651754,-0.023150800407539796,-0.007893072016279198,0.5799999237060547
2006-06-20,44.315269470214844,57.29999923706055,85.92566680908203,16.690000534057617,-0.0016641074153186596,0.016540912545872956,0.0033904400635823913,-1.1399993896484375
2006-06-21,44.32579040527344,58.33000183105469,86.56273651123047,15.520000457763672,0.00023738288153989917,0.017815961750979315,0.007386845570106562,-1.1700000762939453
2006-06-22,44.07276916503906,57.72999954223633,86.181884765625,15.880000114440918,-0.005724571360389716,-0.010339611013396036,-0.004409426584359829,0.3599996566772461
2006-06-23,43.98308563232422,57.9900016784668,86.16802978515625,15.890000343322754,-0.0020369699194027944,0.004493649688969512,-0.0001607773410820682,0.010000228881835938
2006-06-26,43.898746490478516,58.279998779296875,86.54887390136719,15.619999885559082,-0.0019193766379384187,0.004988349549092548,0.004410045864871791,-0.2700004577636719
2006-06-27,44.114898681640625,57.68000030517578,85.80103302001953,16.399999618530273,0.004911798058332517,-0.010348462113978564,-0.008678224295251663,0.7799997329711914
2006-06-28,43.8829231262207,57.540000915527344,86.38274383544922,15.789999961853027,-0.005272314428055057,-0.002430124232988146,0.006756885453939678,-0.6099996566772461
2006-06-29,44.030574798583984,59.52000045776367,88.12764739990234,13.029999732971191,0.00335902482960286,0.033832024181210556,0.019998370362784713,-2.760000228881836
2006-06-30,44.45763397216797,61.22999954223633,88.13458251953125,13.079999923706055,0.009652415734007219,0.0283248597979711,7.869093265929517e-05,0.05000019073486328
2006-07-03,44.41370391845703,62.18000030517578,88.49466705322266,13.050000190734863,-0.000988621491059516,0.015396151524819567,0.004077297881411183,-0.029999732971191406
2006-07-05,44.05906295776367,62.5,87.98918914794922,14.149999618530273,-0.008016994894046956,0.005133147203806899,-0.005728334572632106,1.0999994277954102
2006-07-06,44.328983306884766,63.02000045776367,88.24539184570312,13.649999618530273,0.006107640107539124,0.008285586850556694,0.0029075210642235077,-0.5
2006-07-07,44.614845275878906,62.630001068115234,87.670654296875,13.970000267028809,0.006427943519628733,-0.006207730001220553,-0.006534248652865545,0.32000064849853516
2006-07-10,44.65715789794922,62.02000045776367,87.83683013916016,14.020000457763672,0.0009479483765240965,-0.009787492538485095,0.0018936616005565945,0.05000019073486328
2006-07-11,44.80009078979492,63.810001373291016,88.22459411621094,13.140000343322754,0.003195560238517588,0.028453018348612674,0.0044048786458610704,-0.880000114440918
2006-07-12,44.810665130615234,64.91999816894531,87.2828598022461,14.489999771118164,0.00023600606335208842,0.017245775039784833,-0.01073166217280009,1.3499994277954102
2006-07-13,44.98531723022461,65.55000305175781,85.86333465576172,17.790000915527344,0.0038899807152408625,0.009657542324286587,-0.01639720649059281,3.3000011444091797
2006-07-14,45.01181411743164,65.8499984741211,85.531005859375,18.049999237060547,0.0005888385013136164,0.004566148251357566,-0.003877948500102903,0.2599983215332031
2006-07-17,45.080631256103516,63.95000076293945,85.40635681152344,18.639999389648438,0.0015277008359744024,-0.02927786506214761,-0.001458418077800975,0.5900001525878906
2006-07-18,44.69423294067383,62.900001525878906,85.84261322021484,17.739999771118164,-0.008608215783736278,-0.016555351989900366,0.005095007022177544,-0.8999996185302734
2006-07-19,45.11762619018555,64.02999877929688,87.03359985351562,15.550000190734863,0.0094285184637196,0.01780551650096022,0.013778708530745124,-2.189999580383301
2006-07-20,45.250003814697266,62.540000915527344,86.43807983398438,16.209999084472656,0.0029297596759607857,-0.023545337797397207,-0.006865931776921014,0.659998893737793
2006-07-21,45.165287017822266,61.709999084472656,85.82875061035156,17.399999618530273,-0.0018739489943904108,-0.013360389171752314,-0.007074278469475272,1.1900005340576172
2006-07-24,45.13883972167969,61.13999938964844,87.39368438720703,14.979999542236328,-0.0005857383898970117,-0.009279671017174801,0.018068979971625574,-2.4200000762939453
2006-07-25,45.006507873535156,61.54999923706055,87.70529174804688,14.850000381469727,-0.0029359683385130966,0.0066835337551839295,0.0035592177255607846,-0.12999916076660156
2006-07-26,45.17057800292969,62.0,87.82301330566406,14.619999885559082,0.0036388470272770692,0.007284544810071161,0.001341340078815077,-0.23000049591064453
2006-07-27,45.10176086425781,62.900001525878906,87.73990631103516,14.9399995803833,-0.0015246564532689828,0.014411802920109096,-0.0009467489036749013,0.31999969482421875
2006-07-28,45.36111831665039,63.11000061035156,88.61933135986328,14.329999923706055,0.005734024062887148,0.0033330573021811403,0.009973192782340146,-0.6099996566772461
2006-07-31,45.41933822631836,63.15999984741211,88.52928924560547,14.949999809265137,0.0012826531142714592,0.0007919417041651264,-0.0010165715285201887,0.619999885559082
2006-08-01,45.41511917114258,64.31999969482422,88.0930404663086,15.050000190734863,-9.28954782072612e-05,0.018199433154515745,-0.0049399152094491555,0.10000038146972656
2006-08-02,45.58513259887695,64.75,88.6885757446289,14.34000015258789,0.0037365528608023714,0.006663080453584655,0.006737550475246396,-0.7100000381469727
2006-08-03,45.595794677734375,64.12000274658203,88.92396545410156,14.460000038146973,0.00023386642852774687,-0.009777330003267252,0.002650599396847761,0.11999988555908203
2006-08-04,45.87213897705078,64.27999877929688,88.77164459228516,14.34000015258789,0.006042448518923838,0.0024921513025285714,-0.0017144025008247697,-0.11999988555908203
2006-08-07,45.8986930847168,64.5,88.56390380859375,15.229999542236328,0.0005787047542343654,0.003416701922818477,-0.0023429129759145106,0.8899993896484375
2006-08-08,45.79770278930664,63.970001220703125,88.22459411621094,15.229999542236328,-0.0022027111377878627,-0.008250981257249518,-0.003838599377281707,0.0
2006-08-09,45.64893341064453,64.62999725341797,87.92686462402344,15.199999809265137,-0.0032536901539468297,0.010264414233311715,-0.003380383879071854,-0.029999732971191406
2006-08-10,45.579833984375,63.25,88.19694519042969,14.460000038146973,-0.0015148607496682169,-0.021583529170159283,0.003066942265125068,-0.7399997711181641
2006-08-11,45.38323211669922,62.709999084472656,87.94761657714844,14.300000190734863,-0.004322681330730966,-0.008574217652083825,-0.0028309563156050915,-0.15999984741210938
2006-08-14,45.30351257324219,62.25,88.01686096191406,14.260000228881836,-0.0017581304580767507,-0.007362374610728818,0.0007870268966586263,-0.039999961853027344
2006-08-15,45.686134338378906,62.0099983215332,89.06938934326172,13.420000076293945,0.008410275969739395,-0.003862900050710145,0.011887323536055486,-0.8400001525878906
2006-08-16,45.994346618652344,62.4900016784668,89.81031799316406,12.40999984741211,0.006723643640996716,0.007710935506649349,0.008284146907941308,-1.010000228881836
2006-08-17,45.9784049987793,61.029998779296875,90.0387954711914,12.239999771118164,-0.0003466596302131797,-0.023641044246042624,0.0025407698324206385,-0.1700000762939453
2006-08-18,46.11125946044922,61.040000915527344,90.4958267211914,11.640000343322754,0.002885330392271556,0.0001638754202975384,0.00506309782335287,-0.5999994277954102
2006-08-21,46.27599334716797,62.439998626708984,90.10806274414062,12.220000267028809,0.0035661642985689614,0.02267667167844972,-0.00429408883758429,0.5799999237060547
2006-08-22,46.29195785522461,62.04999923706055,90.10114288330078,12.1899995803833,0.0003449251713483242,-0.006265574298403905,-7.679808386207652e-05,-0.030000686645507812
2006-08-23,46.31320571899414,61.83000183105469,89.8518295288086,12.399999618530273,0.0004588915633277332,-0.003551786170239269,-0.0027708740863126636,0.21000003814697266
2006-08-24,46.39826202392578,61.75,89.77568817138672,12.399999618530273,0.0018348610126820157,-0.0012947376767310466,-0.0008477694615729844,0.0
2006-08-25,46.46731948852539,61.77000045776367,89.88646697998047,12.3100004196167,0.0014872566607371089,0.0003238416104977378,0.0012331904016112194,-0.08999919891357422
2006-08-28,46.50982666015625,61.0,90.31581115722656,12.180000305175781,0.0009143574814480327,-0.012543952945273145,0.004765144970379554,-0.13000011444091797
2006-08-29,46.573612213134766,60.939998626708984,90.41968536376953,12.279999732971191,0.0013705029323048473,-0.0009841131508817223,0.0011494611736990244,0.09999942779541016
2006-08-30,46.69581604003906,61.41999816894531,90.47503662109375,12.220000267028809,0.002620449146556594,0.007845734178219533,0.0006119720735282256,-0.05999946594238281
2006-08-31,46.80744934082031,62.290000915527344,90.461181640625,12.3100004196167,0.0023877958350855114,0.014065428763227219,-0.00015314767412441868,0.09000015258789062
2006-09-01,46.82343292236328,62.13999938964844,91.00133514404297,11.960000038146973,0.00034141687682273105,-0.002411019821175847,0.00595335178139594,-0.35000038146972656
2006-09-05,46.53002166748047,63.36000061035156,91.17440795898438,12.630000114440918,-0.006286049559406509,0.01944286299654392,0.0019000648940749466,0.6700000762939453
2006-09-06,46.465965270996094,62.86000061035156,90.37118530273438,13.739999771118164,-0.0013776165773135552,-0.007922716060125687,-0.008848773279402427,1.109999656677246
2006-09-07,46.55662155151367,61.25,89.95571899414062,13.880000114440918,0.001949124665635769,-0.025946191654282313,-0.004607931859616006,0.1400003433227539
2006-09-08,46.59401321411133,60.63999938964844,90.2119369506836,13.15999984741211,0.0008028214665428047,-0.010009118155884447,0.002844218935124347,-0.7200002670288086
2006-09-11,46.55132293701172,58.5,90.30194854736328,12.989999771118164,-0.0009166380594615551,-0.035927977031141096,0.0009972817757656737,-0.1700000762939453
2006-09-12,46.78605651855469,58.31999969482422,91.18830108642578,11.920000076293945,0.005029797874901181,-0.0030816717701889667,0.009767572503169722,-1.0699996948242188
2006-09-13,46.80741500854492,58.619998931884766,91.55530548095703,11.180000305175781,0.0004564098331328229,0.0051308345941207655,0.004016609881313232,-0.7399997711181641
2006-09-14,46.700721740722656,57.189998626708984,91.56218719482422,11.550000190734863,-0.0022820113378893042,-0.024696883147300203,7.516173108180236e-05,0.36999988555908203
2006-09-15,46.66337203979492,57.400001525878906,91.777099609375,11.760000228881836,-0.0008000870871826381,0.0036652959943343877,0.0023444240100702336,0.21000003814697266
2006-09-18,46.58865737915039,58.22999954223633,91.90229034423828,11.779999732971191,-0.0016024246785309203,0.014356348078949017,0.0013631442730759607,0.01999950408935547
2006-09-19,47.111602783203125,56.91999816894531,91.67280578613281,11.979999542236328,0.011162206654019664,-0.022753936934990223,-0.0025001722181548715,0.19999980926513672
2006-09-20,47.18087387084961,57.2599983215332,92.15959930419922,11.390000343322754,0.0014692815920495554,0.005955529304156023,0.005296070142148844,-0.5899991989135742
2006-09-21,47.61308288574219,57.95000076293945,91.71452331542969,12.25,0.009118978144442054,0.011978312594347288,-0.004841103812458848,0.8599996566772461
2006-09-22,47.847816467285156,58.5,91.43629455566406,12.59000015258789,0.004917909976462095,0.009446171286572042,-0.0030382498645243785,0.3400001525878906
2006-09-25,48.1839485168457,58.5,92.13876342773438,12.119999885559082,0.007000463280787537,0.0,0.007653243404002572,-0.4700002670288086
2006-09-26,47.981231689453125,58.7400016784668,92.90380096435547,11.529999732971191,-0.004216019295733611,0.004094200107174069,0.008268820724003294,-0.5900001525878906
2006-09-27,47.84246063232422,59.810001373291016,93.01509094238281,11.579999923706055,-0.002896385033379077,0.018051939672373406,0.001197188625408445,0.05000019073486328
2006-09-28,47.762474060058594,59.790000915527344,92.9803237915039,11.720000267028809,-0.0016732732716251348,-0.00033445581216309524,-0.00037384955251273385,0.1400003433227539
2006-09-29,47.70380783081055,59.470001220703125,92.90380096435547,11.979999542236328,-0.0012290462238800982,-0.0053664339603248755,-0.000823339072895658,0.25999927520751953
2006-10-02,47.834468841552734,59.150001525878906,92.5560531616211,12.569999694824219,0.002735261651278572,-0.005395388023705695,-0.003750118449254987,0.5900001525878906
2006-10-03,47.77017593383789,57.11000061035156,92.75079345703125,12.239999771118164,-0.0013449747668184656,-0.0350973728570958,0.002101815131544903,-0.3299999237060547
2006-10-04,48.118370056152344,56.369998931884766,93.83574676513672,11.859999656677246,0.007262507719727553,-0.013042160218877828,0.011629622747111846,-0.38000011444091797
2006-10-05,47.78089904785156,56.91999816894531,94.0166015625,11.979999542236328,-0.007038059924435918,0.009709657907544174,0.001925500052043011,0.11999988555908203
2006-10-06,47.28274917602539,56.9900016784668,93.89836120605469,11.5600004196167,-0.010480440017636039,0.0012291022461254299,-0.001258445525655856,-0.4199991226196289
2006-10-09,47.41133117675781,57.20000076293945,93.9539794921875,11.680000305175781,0.0027157363856353646,0.0036780684249936844,0.0005921489990623277,0.11999988555908203
2006-10-10,47.03635025024414,57.0,94.07917022705078,11.520000457763672,-0.007940542131417915,-0.003502643889304294,0.0013315817295863838,-0.15999984741210938
2006-10-11,46.89706802368164,56.880001068115234,93.9678955078125,11.619999885559082,-0.002965554351123946,-0.0021074635611676128,-0.0011834774639127952,0.09999942779541016
2006-10-12,46.92383575439453,57.4900016784668,94.78160858154297,11.09000015258789,0.0005706133784961719,0.010667244557621159,0.008622201353718797,-0.5299997329711914
2006-10-13,46.688167572021484,58.56999969482422,95.0250473022461,10.75,-0.005035009867829145,0.018611566060242047,0.0025651245268760317,-0.3400001525878906
2006-10-16,46.89706802368164,59.16999816894531,95.17109680175781,11.09000015258789,0.004464396489332964,0.010192010851696898,0.0015357780138598941,0.3400001525878906
2006-10-17,46.934574127197266,58.650001525878906,94.8720474243164,11.729999542236328,0.0007994340641042489,-0.0088270246267677,-0.0031471761372135784,0.6399993896484375
2006-10-18,47.03097152709961,58.59000015258789,94.99724578857422,11.34000015258789,0.0020517612716090166,-0.0010235649551442205,0.001318784941836648,-0.3899993896484375
2006-10-19,46.94526290893555,59.40999984741211,95.1502456665039,10.899999618530273,-0.0018240492916584414,0.013898523638232187,0.0016092761443068059,-0.4400005340576172
2006-10-20,46.89706802368164,58.779998779296875,95.17109680175781,10.630000114440918,-0.001027146044054686,-0.01066091957581257,0.00021911505106998305,-0.26999950408935547
2006-10-23,46.70954513549805,57.7599983215332,95.60928344726562,11.079999923706055,-0.004006621598917231,-0.017505174698208014,0.004593631855297038,0.4499998092651367
2006-10-24,46.70954513549805,58.16999816894531,95.8944091796875,10.779999732971191,0.0,0.007073260919781201,0.0029777592191144882,-0.3000001907348633
2006-10-25,47.07917022705078,58.7599983215332,96.2212905883789,10.65999984741211,0.00788212108011244,0.01009159629586728,0.0034029673215840535,-0.11999988555908203
2006-10-26,47.38452911376953,59.290000915527344,96.52035522460938,10.5600004196167,0.006465127926635679,0.008979350419899177,0.0031032719989055766,-0.09999942779541016
2006-10-27,47.60413360595703,59.400001525878906,95.91529083251953,10.800000190734863,0.004623812508883953,0.0018535788960060886,-0.006288506297465172,0.23999977111816406
2006-10-30,47.73804473876953,59.900001525878906,95.8457260131836,11.199999809265137,0.0028090656872631656,0.008382278538378779,-0.0007255366448489799,0.39999961853027344
2006-10-31,48.1076774597168,60.2400016784668,95.83183288574219,11.100000381469727,0.007713115306290786,0.005660080759457596,-0.00014496352672205035,-0.09999942779541016
2006-11-01,48.373844146728516,61.36000061035156,95.18501281738281,11.510000228881836,0.005517478535014027,0.018421555651427647,-0.006772413586962277,0.4099998474121094
2006-11-02,48.174869537353516,61.91999816894531,95.12937927246094,11.420000076293945,-0.00412175125857257,0.009085032704114484,-0.0005846488633430264,-0.09000015258789062
2006-11-03,47.604881286621094,62.29999923706055,94.96245574951172,11.15999984741211,-0.011902202180295371,0.0061182138370136285,-0.0017562413013120439,-0.26000022888183594
2006-11-06,47.74469757080078,61.88999938964844,96.03353118896484,11.15999984741211,0.002932711105094121,-0.0066028076577951044,0.011215802850357939,0.0
2006-11-07,47.96514892578125,62.040000915527344,96.4021224975586,11.09000015258789,0.0046066680264757656,0.0024207471759942175,0.003830805282607927,-0.06999969482421875
2006-11-08,48.13724899291992,61.11000061035156,96.61076354980469,10.75,0.0035816016007702996,-0.015103824170810666,0.0021619399386661364,-0.3400001525878906
2006-11-09,48.11033630371094,62.95000076293945,96.10307312011719,11.010000228881836,-0.0005592387554960479,0.029665243715548233,-0.005268865100262255,0.26000022888183594
2006-11-10,48.320064544677734,62.4900016784668,96.14481353759766,10.789999961853027,0.004349843406496688,-0.0073342018093687155,0.0004342353912130694,-0.2200002670288086
2006-11-13,48.30929183959961,62.189998626708984,96.38128662109375,10.859999656677246,-0.00022296961349750445,-0.0048123777671425306,0.0024565313712631583,0.06999969482421875
2006-11-14,48.49750900268555,61.630001068115234,97.10457611083984,10.5,0.003888516067272684,-0.009045410728369615,0.007476441417307979,-0.3599996566772461
2006-11-15,48.314674377441406,61.84000015258789,97.38278198242188,10.3100004196167,-0.0037771040013411627,0.0034016244413848868,0.002860916658701991,-0.18999958038330078
2006-11-16,48.09421920776367,61.310001373291016,97.63312530517578,10.15999984741211,-0.004573344755307569,-0.008607422572897042,0.002567415794433507,-0.15000057220458984
2006-11-17,48.36846923828125,61.779998779296875,97.66097259521484,10.050000190734863,0.005686152311607447,0.007636683557831217,0.0002851831215297883,-0.1099996566772461
2006-11-20,48.4437141418457,61.77000045776367,97.71661376953125,9.970000267028809,0.0015544514355247492,-0.00016185061297892278,0.0005695758337066981,-0.07999992370605469
2006-11-21,48.56202697753906,62.27000045776367,97.81397247314453,9.899999618530273,0.0024392967466297,0.008061959117047567,0.0009958412494946909,-0.07000064849853516
2006-11-22,48.642662048339844,62.5,98.00872039794922,10.140000343322754,0.0016590781803798036,0.0036867805067237296,0.001989023704604879,0.24000072479248047
2006-11-24,48.728736877441406,63.5,97.6122817993164,10.729999542236328,0.0017679699063919566,0.015873349156290163,-0.004053134754458216,0.5899991989135742
2006-11-27,48.906158447265625,63.70000076293945,96.2699966430664,12.300000190734863,0.0036343924890395425,0.003144668656543143,-0.01384661468995823,1.5700006484985352
2006-11-28,49.00833511352539,63.56999969482422,96.6872787475586,11.619999885559082,0.0020870598341993993,-0.0020429184074974753,0.004325131085592706,-0.6800003051757812
2006-11-29,48.89542007446289,63.15999984741211,97.69577026367188,10.829999923706055,-0.0023066549165732726,-0.006470469176144637,0.010376425001393732,-0.7899999618530273
2006-11-30,49.21805191040039,64.38999938964844,97.73748779296875,10.90999984741211,0.006576731866074754,0.019287145099564598,0.0004269235476636851,0.07999992370605469
2006-12-01,49.34328079223633,64.12000274658203,97.5218734741211,11.65999984741211,0.002541137498643326,-0.004201961494731662,-0.002208492387618181,0.75
2006-12-04,49.429630279541016,64.12000274658203,98.26603698730469,11.229999542236328,0.001748445163065188,0.0,0.007601767596372117,-0.43000030517578125
2006-12-05,49.19756317138672,63.810001373291016,98.69029998779297,11.270000457763672,-0.004705954378587872,-0.004846431174560282,0.004308200113977025,0.04000091552734375
2006-12-06,49.10042953491211,62.689998626708984,98.60681915283203,11.329999923706055,-0.0019763103073778556,-0.017708016022004423,-0.0008462448950749397,0.05999946594238281
2006-12-07,49.0626106262207,62.72999954223633,98.1756362915039,12.670000076293945,-0.0007705325853902278,0.0006378714314723856,-0.004382337342241543,1.3400001525878906
2006-12-08,48.706398010253906,62.04999923706055,98.35647583007812,12.069999694824219,-0.007286852901986979,-0.010899295456230593,0.0018403057664200743,-0.6000003814697266
2006-12-11,48.916873931884766,62.56999969482422,98.6416015625,10.710000038146973,0.004312009699447638,0.008345425777865432,0.0028947077584985407,-1.359999656677246
2006-12-12,49.01941680908203,62.52000045776367,98.56509399414062,10.649999618530273,0.002094073890149601,-0.0007994122577706783,-0.000775912521446644,-0.06000041961669922
2006-12-13,48.5822868347168,62.47999954223633,98.66947174072266,10.180000305175781,-0.008957484979420912,-0.0006400146702843091,0.001058412413028397,-0.4699993133544922
2006-12-14,48.40413284301758,62.119998931884766,99.53878784179688,9.970000267028809,-0.003673796654554401,-0.005778517118766663,0.00877180070082092,-0.21000003814697266
2006-12-15,48.43115997314453,61.0,99.54788970947266,10.050000190734863,0.0005582082739205264,-0.018194116912789278,9.143623063147573e-05,0.07999992370605469
2006-12-18,48.44733810424805,61.040000915527344,99.27510070800781,10.600000381469727,0.00033398806907552326,0.0006555378016999935,-0.0027440405363749706,0.5500001907348633
2006-12-19,48.382537841796875,61.79999923706055,99.46392822265625,10.300000190734863,-0.0013384355084980703,0.012373950143335283,0.001900256557409845,-0.3000001907348633
2006-12-20,48.37714767456055,61.619998931884766,99.40799713134766,10.260000228881836,-0.00011141349236801336,-0.0029168762837298865,-0.0005624835449618265,-0.039999961853027344
2006-12-21,48.62004470825195,61.380001068115234,99.04429626464844,10.529999732971191,0.005008341694220165,-0.0039024092413447,-0.003665377382830854,0.26999950408935547
2006-12-22,48.24760437011719,61.650001525878906,98.43585205078125,11.359999656677246,-0.007689712239911398,0.004389187767752673,-0.006162099272757492,0.8299999237060547
2006-12-26,48.393348693847656,61.97999954223633,99.01637268066406,11.260000228881836,0.0030162044061437846,0.005338490612910114,0.005880129265101835,-0.09999942779541016
2006-12-27,48.03752136230469,62.220001220703125,99.66678619384766,10.640000343322754,-0.0073799800067978405,0.0038647661146999175,0.006547266917739854,-0.619999885559082
2006-12-28,47.92921829223633,62.900001525878906,99.45696258544922,10.989999771118164,-0.0022570969158120556,0.01086967687656617,-0.002107470227378559,0.34999942779541016
2006-12-29,47.89126205444336,63.209999084472656,99.04429626464844,11.5600004196167,-0.0007922364747259885,0.004916314035106273,-0.004157826682705759,0.5700006484985352
2007-01-03,48.23249816894531,62.279998779296875,98.8695068359375,12.039999961853027,0.007099962530983657,-0.014822174634752381,-0.0017663191896287616,0.4799995422363281
2007-01-04,48.52493667602539,61.650001525878906,99.07933044433594,11.510000228881836,0.00604479434602847,-0.010167073004529946,0.0021199789790704577,-0.5299997329711914
2007-01-05,48.31370162963867,60.16999816894531,98.28903198242188,12.140000343322754,-0.004362626016023673,-0.02429939556012064,-0.008008402927161483,0.630000114440918
2007-01-08,48.4004020690918,60.47999954223633,98.74360656738281,12.0,0.0017929228388157824,0.005138865501529681,0.004614214120404581,-0.1400003433227539
2007-01-09,48.4004020690918,60.849998474121094,98.65966796875,11.90999984741211,0.0,0.006099070055031333,-0.0008504276728837648,-0.09000015258789062
2007-01-10,48.183780670166016,60.59000015258789,98.98838806152344,11.470000267028809,-0.004485657092166865,-0.004281928882199839,0.0033263205565164148,-0.4399995803833008
2007-01-11,47.90214157104492,60.630001068115234,99.4220199584961,10.869999885559082,-0.0058622511834936705,0.0006599722253165242,0.004371066938697141,-0.6000003814697266
2007-01-12,47.680049896240234,62.16999816894531,100.17731475830078,10.149999618530273,-0.004647143386965794,0.02508270112828025,0.007568145514583152,-0.7200002670288086
2007-01-16,47.782981872558594,61.970001220703125,99.98148345947266,10.739999771118164,0.0021564790956407095,-0.003222122156554715,-0.0019567599631576727,0.5900001525878906
2007-01-17,47.636775970458984,62.63999938964844,100.02346801757812,10.59000015258789,-0.003064480980112317,0.010753625266441386,0.00041983519319985306,-0.14999961853027344
2007-01-18,47.782981872558594,62.2599983215332,99.68778228759766,10.850000381469727,0.003064480980112355,-0.006084903884278258,-0.00336171393051574,0.26000022888183594
2007-01-19,47.65299987792969,63.0,99.88360595703125,10.399999618530273,-0.0027239637004142416,0.011815588337062208,0.001962442953391696,-0.4500007629394531
2007-01-22,47.76673126220703,62.720001220703125,99.57585906982422,10.770000457763672,0.00238381384595418,-0.004454330886639369,-0.00308581125862982,0.37000083923339844
2007-01-23,47.452632904052734,64.2300033569336,99.86961364746094,10.34000015258789,-0.006597386995347565,0.023790048029069068,0.002945715298015011,-0.43000030517578125
2007-01-24,47.447235107421875,64.33000183105469,100.67384338378906,9.890000343322754,-0.00011375772695545902,0.0015556703524108786,0.008020546364509223,-0.4499998092651367
2007-01-25,47.10601806640625,64.05999755859375,99.49191284179688,11.220000267028809,-0.007217488786225465,-0.0042060078166053835,-0.011809655168135097,1.3299999237060547
2007-01-26,47.06808853149414,64.16999816894531,99.40103149414062,11.130000114440918,-0.0008055194433641748,0.0017156771582206524,-0.0009138720761033988,-0.09000015258789062
2007-01-29,46.96520233154297,63.77000045776367,99.34503173828125,11.449999809265137,-0.002188293955552982,-0.006252915722453849,-0.0005635307329420069,0.31999969482421875
2007-01-30,47.01935958862305,64.22000122070312,99.86257934570312,10.960000038146973,0.0011524714690982435,0.007031840163978631,0.005196074277003969,-0.48999977111816406
2007-01-31,47.414730072021484,64.83000183105469,100.5339584350586,10.420000076293945,0.00837351839701161,0.009453779761331271,0.006700530944336427,-0.5399999618530273
2007-02-01,47.35761642456055,65.22000122070312,101.1354751586914,10.3100004196167,-0.0012052810020292684,0.005997701647027386,0.0059653909539486676,-0.1099996566772461
2007-02-02,47.41742706298828,64.27999877929688,101.27536010742188,10.079999923706055,0.0012621602516214628,-0.014517667198963751,0.0013821885653184385,-0.23000049591064453
2007-02-05,47.482643127441406,64.30999755859375,101.30326843261719,10.550000190734863,0.0013744157320106903,0.0004665803047738857,0.0002755307958496503,0.4700002670288086
2007-02-06,47.74372482299805,64.79000091552734,101.33128356933594,10.649999618530273,0.0054834045517711694,0.007436182408872659,0.0002765089825053033,0.09999942779541016
2007-02-07,47.885074615478516,64.62999725341797,101.55508422851562,10.319999694824219,0.0029562202234314377,-0.00247262781476593,0.002206168431935584,-0.3299999237060547
2007-02-08,47.92316818237305,65.5199966430664,101.42219543457031,10.4399995803833,0.0007952044164357656,0.01367673153177363,-0.0013093959398073531,0.11999988555908203
2007-02-09,47.6512565612793,66.12000274658203,100.66685485839844,11.100000381469727,-0.0056900652127242065,0.009115926182613185,-0.007475358932166318,0.6600008010864258
2007-02-12,47.54249572753906,65.66999816894531,100.32418823242188,11.609999656677246,-0.002285042420306566,-0.006829142171961048,-0.0034097734178567796,0.5099992752075195
2007-02-13,47.43915939331055,65.83999633789062,101.17042541503906,10.34000015258789,-0.002175922810962315,0.0025853284272528386,0.00839965041996044,-1.2699995040893555
2007-02-14,47.8905029296875,66.37000274658203,101.83480834960938,10.229999542236328,0.009469180900562073,0.008017687793249467,0.006545499288782868,-0.1100006103515625
2007-02-15,48.031925201416016,66.41000366210938,101.96771240234375,10.220000267028809,0.00294868211643282,0.0006025141558484927,0.0013042436480542711,-0.009999275207519531
2007-02-16,48.20045471191406,66.36000061035156,101.91875457763672,10.020000457763672,0.0035025566850113315,-0.0007532281767395391,-0.0004802459562241275,-0.19999980926513672
2007-02-20,48.309234619140625,65.30999755859375,102.13555145263672,10.239999771118164,0.0022542804571613886,-0.01594934798707457,0.0021248946987755444,0.2199993133544922
2007-02-21,48.22763442993164,67.3499984741211,102.09353637695312,10.199999809265137,-0.0016905501379307136,0.030757753667661307,-0.00041145046205549705,-0.039999961853027344
2007-02-22,47.96664047241211,67.1500015258789,102.01663208007812,10.180000305175781,-0.005426406056229477,-0.002973934507727785,-0.0007535567786310425,-0.01999950408935547
2007-02-23,48.309234619140625,67.72000122070312,101.6180191040039,10.579999923706055,0.0071169561941601366,0.008452629597989566,-0.003914986795112884,0.39999961853027344
2007-02-26,48.63008499145508,68.0999984741211,101.52706909179688,11.149999618530273,0.006619636804345973,0.005595615458346798,-0.0008954193191829939,0.5699996948242188
2007-02-27,49.24453353881836,65.41000366210938,97.56169128417969,18.309999465942383,0.01255599519142342,-0.040301982788906086,-0.03984054445215543,7.159999847412109
2007-02-28,49.021568298339844,66.4800033569336,98.56178283691406,15.420000076293945,-0.00453799670373617,0.016225993082467267,0.010198679436512407,-2.8899993896484375
2007-03-01,48.9904670715332,65.81999969482422,98.2680435180664,15.819999694824219,-0.0006346409955298839,-0.009977462163909176,-0.0029847055433742443,0.39999961853027344
2007-03-02,49.23612976074219,63.709999084472656,96.981201171875,18.610000610351562,0.005001969106772791,-0.03258221712050644,-0.01318172555731792,2.7900009155273438
2007-03-05,49.3179817199707,62.93000030517578,96.05806732177734,19.6299991607666,0.0016610565874648543,-0.012318519369876343,-0.00956428082533558,1.019998550415039
2007-03-06,49.17059326171875,64.1500015258789,97.70154571533203,15.960000038146973,-0.0029930084439955683,0.019201112459463956,0.01696450341662056,-3.669999122619629
2007-03-07,49.36164474487305,64.30000305175781,97.6036148071289,15.239999771118164,0.00387795358041382,0.002335563857059509,-0.0010028502692775592,-0.7200002670288086
2007-03-08,49.3179817199707,64.4800033569336,98.42887878417969,14.289999961853027,-0.0008849451364183993,0.002795471555182954,0.008419714887904748,-0.9499998092651367
2007-03-09,48.79943084716797,64.25,98.45686340332031,14.09000015258789,-0.010570105493877551,-0.003573426484667515,0.0002842726854485617,-0.19999980926513672
2007-03-12,48.9904670715332,64.37000274658203,98.6037368774414,13.989999771118164,0.0039070797996399835,0.0018660049578603111,0.0014906429911215855,-0.10000038146972656
2007-03-13,49.285240173339844,63.720001220703125,96.68748474121094,18.1299991607666,0.005998918635552588,-0.010149224534042496,-0.019625189738216094,4.1399993896484375
2007-03-14,49.06139373779297,63.939998626708984,97.40780639648438,17.270000457763672,-0.004552200989501264,0.0034466179547404147,0.007422384726930982,-0.8599987030029297
2007-03-15,49.05594253540039,63.97999954223633,97.54067993164062,16.43000030517578,-0.00011111598837145691,0.0006254052126911442,0.0013631658109752964,-0.8400001525878906
2007-03-16,49.04502868652344,64.62000274658203,97.26756286621094,16.790000915527344,-0.0002225023623322217,0.00995347553336337,-0.0028039598371061352,0.3600006103515625
2007-03-19,48.94131851196289,64.73999786376953,98.44014739990234,14.59000015258789,-0.0021168298697225247,0.0018552126010832166,0.01198316166099685,-2.200000762939453
2007-03-20,48.96864318847656,65.2699966430664,98.98078918457031,13.270000457763672,0.000558159287339428,0.008153245714605661,0.005477059784473226,-1.3199996948242188
2007-03-21,48.9904670715332,65.81999969482422,100.6097183227539,12.1899995803833,0.0004455712870355738,0.008391277663042266,0.01632307394170206,-1.080000877380371
2007-03-22,48.602882385253906,65.76000213623047,100.53250122070312,12.930000305175781,-0.007942892136523275,-0.0009119556454928486,-0.0007677861566736829,0.7400007247924805
2007-03-23,48.46644973754883,65.1500015258789,100.67993927001953,12.949999809265137,-0.002811036906539185,-0.009319456241314986,0.0014654966198343249,0.01999950408935547
2007-03-26,48.5264778137207,65.83999633789062,100.54656219482422,13.15999984741211,0.0012377826992439828,0.0105351737556021,-0.0013256414414266923,0.21000003814697266
2007-03-27,48.444602966308594,65.69999694824219,100.3078384399414,13.479999542236328,-0.0016886450312644473,-0.002128621706794342,-0.0023770837635416525,0.31999969482421875
2007-03-28,48.34634017944336,66.05000305175781,99.57760620117188,14.979999542236328,-0.002030413537251572,0.005313198131411976,-0.007306539890689657,1.5
2007-03-29,48.280845642089844,65.6500015258789,99.68290710449219,15.140000343322754,-0.0013556132640425425,-0.006074453180646416,0.0010569170115625496,0.16000080108642578
2007-03-30,48.18806457519531,65.73999786376953,99.70398712158203,14.640000343322754,-0.0019235439748041291,0.0013699117494945744,0.00021144837277504568,-0.5
2007-04-02,48.268062591552734,65.8499984741211,99.81634521484375,14.529999732971191,0.001658744489327466,0.0016718692763152765,0.0011262822572845027,-0.1100006103515625
2007-04-03,48.2077751159668,65.83000183105469,100.890625,13.460000038146973,-0.0012497944535305862,-0.00030371572256647657,0.010705059651955676,-1.0699996948242188
2007-04-04,48.257083892822266,66.80999755859375,101.00296783447266,13.239999771118164,0.0010223159325923193,0.014777044100175683,0.0011128916424775575,-0.2200002670288086
2007-04-05,48.0762939453125,66.86000061035156,101.27677154541016,13.229999542236328,-0.0037534271883238176,0.0007481567258945134,0.002707180452165001,-0.010000228881835938
2007-04-09,47.758522033691406,66.52999877929688,101.41722869873047,13.140000343322754,-0.0066316833394528055,-0.004947934715117107,0.0013859036343730896,-0.08999919891357422
2007-04-10,47.900978088378906,67.16000366210938,101.53657531738281,12.680000305175781,0.0029784006777120076,0.009424931331835548,0.0011760965308102785,-0.46000003814697266
2007-04-11,47.86808395385742,67.08000183105469,101.12234497070312,13.489999771118164,-0.000686947018454209,-0.0011919224858818033,-0.004087961417693867,0.8099994659423828
2007-04-12,47.87903594970703,66.98999786376953,101.57171630859375,12.710000038146973,0.00022876919761991376,-0.0013426416202099607,0.0044339934903410904,-0.7799997329711914
2007-04-13,47.73114013671875,67.83999633789062,102.03509521484375,12.199999809265137,-0.003093727822772302,0.012608614870701874,0.004551711240004024,-0.5100002288818359
2007-04-16,47.99409103393555,68.4000015258789,103.00404357910156,11.979999542236328,0.005493881923966335,0.008220909434594505,0.00945142066931596,-0.2200002670288086
2007-04-17,48.26255416870117,68.0,103.27789306640625,12.140000343322754,0.005578084095973557,-0.0058651417605689645,0.002655100612631868,0.16000080108642578
2007-04-18,48.50362014770508,68.37999725341797,103.404296875,12.420000076293945,0.004982453412233298,0.005572638868595165,0.0012231709407519407,0.2799997329711914
2007-04-19,48.421478271484375,67.52999877929688,103.37616729736328,12.539999961853027,-0.0016949561512073262,-0.012508418534408147,-0.00027207190894779163,0.11999988555908203
2007-04-20,48.29544448852539,68.69999694824219,104.35213470458984,12.069999694824219,-0.002606242024719032,0.017177229296498005,0.009396645320402299,-0.4700002670288086
2007-04-23,48.470794677734375,68.26000213623047,103.95899963378906,13.039999961853027,0.0036242057695581044,-0.006425180032736332,-0.0037745033533118488,0.9700002670288086
2007-04-24,48.651573181152344,67.7300033569336,104.00108337402344,13.119999885559082,0.00372269985132712,-0.0077947119837775795,0.0004047290249182552,0.07999992370605469
2007-04-25,48.481719970703125,67.88999938964844,104.95600128173828,13.210000038146973,-0.003497325748249678,0.0023594765329765753,0.009139910780601683,0.09000015258789062
2007-04-26,48.13105773925781,66.87000274658203,105.07537841796875,12.789999961853027,-0.00725915928747452,-0.015138262183911516,0.001136755367280842,-0.4200000762939453
2007-04-27,48.120113372802734,67.55999755859375,104.99110412597656,12.449999809265137,-0.0002274126408187128,0.010265578663396079,-0.0008023583343023817,-0.3400001525878906
2007-04-30,48.62416458129883,67.08999633789062,104.12045288085938,14.220000267028809,0.010420373796708238,-0.006981108812969409,-0.008327194236835247,1.7700004577636719
2007-05-01,48.659358978271484,66.69000244140625,104.38728332519531,13.510000228881836,0.0007235428409725032,-0.005979893737274426,0.0025594310777271824,-0.7100000381469727
2007-05-02,48.63186264038086,66.66000366210938,104.99815368652344,13.079999923706055,-0.0005652378121117432,-0.00044992543576865114,0.005834905265546899,-0.43000030517578125
2007-05-03,48.52190399169922,67.48999786376953,105.56684875488281,13.09000015258789,-0.002263601287830443,0.012374279286040058,0.005401623674638156,0.010000228881835938
2007-05-04,48.71982955932617,68.19000244140625,105.96707916259766,12.90999984741211,0.004070800339004437,0.010318555232789657,0.003784082196545454,-0.18000030517578125
2007-05-07,48.851806640625,68.25,105.9881362915039,13.149999618530273,0.0027052362126165296,0.0008794717295128392,0.00019869413385673783,0.23999977111816406
2007-05-08,48.74180221557617,67.87999725341797,105.8477554321289,13.210000038146973,-0.0022543376134011436,-0.005436034161360725,-0.0013253738899708589,0.06000041961669922
2007-05-09,48.54936218261719,67.44999694824219,106.13560485839844,12.880000114440918,-0.003955966302137642,-0.006354862494686028,0.0027157754532518784,-0.3299999237060547
2007-05-10,48.66487121582031,66.0,105.02620697021484,13.600000381469727,0.0023763822132543155,-0.02173179538259684,-0.010507658425778114,0.7200002670288086
2007-05-11,48.494407653808594,66.44999694824219,105.92498779296875,12.949999809265137,-0.0035089543459217256,0.006794997207202193,0.008521272062809504,-0.6500005722045898
2007-05-14,48.367950439453125,66.27999877929688,105.69326782226562,13.960000038146973,-0.0026110718072602838,-0.002561565092633459,-0.002189981791888241,1.010000228881836
2007-05-15,48.351402282714844,66.54000091552734,105.72132873535156,14.010000228881836,-0.0003421891572679893,0.003915110208388489,0.00026545861740507183,0.05000019073486328
2007-05-16,48.31843948364258,65.5999984741211,106.44454956054688,13.5,-0.000681966572976437,-0.014227611659689022,0.006817530059027213,-0.5100002288818359
2007-05-17,48.1204719543457,65.05999755859375,106.23387145996094,13.510000228881836,-0.0041055587297061415,-0.008265789169946459,-0.0019811898968058023,0.010000228881835938
2007-05-18,47.80152893066406,65.5199966430664,107.16073608398438,12.760000228881836,-0.006650073937901873,0.007045504789815029,0.00868691541281796,-0.75
2007-05-21,47.94449996948242,65.66999816894531,107.10454559326172,13.300000190734863,0.0029864663155992396,0.00228678401065233,-0.0005244946038009089,0.5399999618530273
2007-05-22,47.69705581665039,65.19999694824219,107.0202407836914,13.0600004196167,-0.005174418230642483,-0.007182750193709896,-0.0007874362922005834,-0.23999977111816406
2007-05-23,47.55961608886719,65.54000091552734,107.03434753417969,13.239999771118164,-0.002885673421227759,0.005201235113149631,0.0001318051682009831,0.17999935150146484
2007-05-24,47.60356140136719,64.75,106.06538391113281,14.079999923706055,0.0009235781482449045,-0.012126956660007309,-0.009094054641813468,0.8400001525878906
2007-05-25,47.49358367919922,64.94000244140625,106.5077133178711,13.34000015258789,-0.002312956316499073,0.0029301036898510342,0.0041616747454479176,-0.7399997711181641
2007-05-29,47.488121032714844,65.06999969482422,106.89391326904297,13.529999732971191,-0.00011502523579601876,0.0019998045474331656,0.0036194698134991514,0.18999958038330078
2007-05-30,47.58710861206055,64.72000122070312,107.76456451416016,12.829999923706055,0.0020823008365662534,-0.005393317205398538,0.008112011493955351,-0.6999998092651367
2007-05-31,47.499114990234375,65.54000091552734,107.65220642089844,13.050000190734863,-0.0018508179967883201,0.01259036562812169,-0.0010431695077689745,0.2200002670288086
2007-06-01,47.24958038330078,66.44000244140625,108.18583679199219,12.779999732971191,-0.005267305958867763,0.013638664251469168,0.004944739587532745,-0.2700004577636719
2007-06-04,47.464881896972656,66.54000091552734,108.199951171875,13.289999961853027,0.004546335994108794,0.0015039628582593058,0.00013045570169506864,0.5100002288818359
2007-06-05,47.166748046875,66.37000274658203,107.7715835571289,13.630000114440918,-0.006300955328587214,-0.002558095808665873,-0.0039668947764367555,0.3400001525878906
2007-06-06,47.14470291137695,66.41000366210938,106.6130142211914,14.869999885559082,-0.00046749648479707913,0.0006025141558484927,-0.010808431452687756,1.239999771118164
2007-06-07,46.30009460449219,65.26000213623047,104.68923950195312,17.059999465942383,-0.018077652920670127,-0.017468378797244048,-0.018209250887184867,2.189999580383301
2007-06-08,46.261383056640625,64.22000122070312,106.05130004882812,14.84000015258789,-0.0008364505642472699,-0.016064616229808024,0.012926601745273275,-2.219999313354492
2007-06-11,46.12895202636719,64.69999694824219,106.23387145996094,14.710000038146973,-0.002866774340670696,0.007446446669522527,0.0017200584934709685,-0.13000011444091797
2007-06-12,45.4609489440918,64.0999984741211,105.07537841796875,16.670000076293945,-0.01458708700711028,-0.009316814217075012,-0.010965015965227353,1.9600000381469727
2007-06-13,46.00199508666992,64.52999877929688,106.64817810058594,14.729999542236328,0.011831074526286537,0.0066858729089560335,0.014857379502306317,-1.9400005340576172
2007-06-14,45.886016845703125,64.5999984741211,107.32925415039062,13.640000343322754,-0.002524340229265788,0.0010841741372225324,0.006365889548850278,-1.0899991989135742
2007-06-15,46.20071029663086,64.8499984741211,107.93992614746094,13.9399995803833,0.00683474558679656,0.003862500064954589,0.005673581646273249,0.2999992370605469
2007-06-18,46.10685348510742,64.94999694824219,107.8130111694336,13.420000076293945,-0.00203356778194181,0.0015408088972500085,-0.0011764844942034668,-0.5199995040893555
2007-06-19,46.53743362426758,65.4800033569336,108.08096313476562,12.850000381469727,0.009295408339426025,0.008127107639137423,0.002482256429619565,-0.5699996948242188
2007-06-20,46.162025451660156,64.70999908447266,106.57893371582031,14.670000076293945,-0.008099512740304867,-0.011829068848465286,-0.013994732650046714,1.8199996948242188
2007-06-21,45.941246032714844,64.55999755859375,107.17131805419922,14.210000038146973,-0.00479418023390849,-0.0023207487754052505,0.005542785097078313,-0.46000003814697266
2007-06-22,46.23933792114258,64.77999877929688,106.16288757324219,15.75,0.006467586008494777,0.00340190875374527,-0.009454067518663792,1.5399999618530273
2007-06-25,46.493282318115234,64.43000030517578,105.65514373779297,16.649999618530273,0.005476929932737672,-0.005417527012256908,-0.0047941603913866345,0.8999996185302734
2007-06-26,46.504310607910156,63.619998931884766,104.5692138671875,18.889999389648438,0.0002371736622341529,-0.012651498355086123,-0.010331243646712986,2.239999771118164
2007-06-27,46.54850387573242,63.66999816894531,106.05712127685547,15.529999732971191,0.0009498535082506682,0.0007855957384052849,0.014128643122701854,-3.359999656677246
2007-06-28,46.53743362426758,64.26000213623047,106.04302978515625,15.539999961853027,-0.00023785013750404952,0.009223921660842944,-0.000132875829172107,0.010000228881835938
2007-06-29,47.017696380615234,64.2699966430664,106.07823944091797,16.229999542236328,0.01026703666821899,0.00015552022019765682,0.00033197666800272675,0.6899995803833008
2007-07-02,47.2648811340332,65.0199966430664,107.03729248046875,15.399999618530273,0.005243499409563018,0.011601956095053004,0.009000371817467762,-0.8299999237060547
2007-07-03,46.9766960144043,64.73999786376953,107.42511749267578,14.920000076293945,-0.006115899725509952,-0.004315647745486389,0.0036167217836134405,-0.4799995422363281
2007-07-05,46.45026397705078,64.41999816894531,107.31233215332031,15.479999542236328,-0.01126950098489968,-0.004955100021671941,-0.0010504488147029456,0.5599994659423828
2007-07-06,46.261871337890625,64.95999908447266,107.8764419555664,14.720000267028809,-0.004064039681919895,0.00834756628035994,0.005242941661707142,-0.7599992752075195
2007-07-09,46.42807388305664,65.37999725341797,107.96112823486328,15.15999984741211,0.003586208253675056,0.006444677526836182,0.0007847223592066004,0.4399995803833008
2007-07-10,47.21500015258789,65.61000061035156,106.423828125,17.56999969482422,0.016807325094730166,0.0035117733729580895,-0.014341738206808721,2.4099998474121094
2007-07-11,46.72734832763672,65.44000244140625,107.17831420898438,16.639999389648438,-0.010382031384691563,-0.0025944030574640994,0.0070644349680642725,-0.9300003051757812
2007-07-12,46.566612243652344,66.0199966430664,108.87078857421875,15.539999961853027,-0.0034458016798168973,0.008823945975780085,0.015667817785362838,-1.0999994277954102
2007-07-13,46.69411087036133,66.02999877929688,109.19513702392578,15.149999618530273,0.0027342422808711714,0.00015149014155740927,0.0029747764397875377,-0.3900003433227539
2007-07-16,47.1429443359375,65.81999969482422,109.18101501464844,15.59000015258789,0.009566303790529284,-0.0031854268407077637,-0.0001293365522306205,0.4400005340576172
2007-07-17,47.043216705322266,65.75,109.12457275390625,15.630000114440918,-0.0021176713602512405,-0.001064067820799445,-0.0005170940659538821,0.039999961853027344
2007-07-18,47.22053146362305,66.62000274658203,108.92713928222656,16.0,0.003762103054020709,0.013145202935248576,-0.0018108871862542785,0.36999988555908203
2007-07-19,47.20947265625,67.01000213623047,109.35026550292969,15.229999542236328,-0.00023422232216711392,0.005837019871235102,0.0038769633633388765,-0.7700004577636719
2007-07-20,47.63616943359375,67.58000183105469,108.24315643310547,16.950000762939453,0.00899777041336405,0.008470214516410005,-0.010176030263531942,1.720001220703125
2007-07-23,47.55857849121094,67.47000122070312,108.57457733154297,16.809999465942383,-0.0016301521093703304,-0.0016290356489017837,0.0030571406757887282,-0.1400012969970703
2007-07-24,47.73596954345703,67.47000122070312,106.69176483154297,18.549999237060547,0.00372300956986558,0.0,-0.01749331079863563,1.739999771118164
2007-07-25,47.83015441894531,66.9000015258789,106.91043853759766,18.100000381469727,0.0019710939834567914,-0.008484082789328835,0.002047486205658983,-0.4499988555908203
2007-07-26,48.22916793823242,65.6500015258789,104.37882232666016,20.739999771118164,0.00830769579491145,-0.018861365951098222,-0.02396465735520659,2.6399993896484375
2007-07-27,48.36769104003906,65.41000366210938,102.3268051147461,24.170000076293945,0.0028680683456437034,-0.003662416031323392,-0.019855140377024977,3.4300003051757812
2007-07-30,48.22916793823242,65.7699966430664,103.92754364013672,20.8700008392334,-0.002868068345643624,0.005488548312644498,0.0155222973509705,-3.299999237060547
2007-07-31,48.57826232910156,65.79000091552734,102.7569580078125,23.520000457763672,0.007212171691671993,0.00030410874105093354,-0.011327391646993177,2.6499996185302734
2007-08-01,48.47312545776367,65.93000030517578,103.25759887695312,23.670000076293945,-0.002166623576719458,0.0021257127401822437,0.004860257083056044,0.14999961853027344
2007-08-02,48.59547805786133,65.88999938964844,104.0826416015625,21.219999313354492,0.002520952408178077,-0.0006069020914542221,0.007958388369497546,-2.450000762939453
2007-08-03,48.91816329956055,66.69000244140625,101.40299987792969,25.15999984741211,0.00661828263312429,0.012068377589956174,-0.026082539059305,3.940000534057617
2007-08-06,48.562103271484375,66.5199966430664,103.10247802734375,22.940000534057617,-0.007305306481043254,-0.002552449392796444,0.016620750602410788,-2.219999313354492
2007-08-07,48.52320861816406,66.4800033569336,104.2025146484375,21.559999465942383,-0.0008012469578380038,-0.0006014028171162535,0.010612836013698453,-1.3800010681152344
2007-08-08,47.93345642089844,66.7699966430664,105.65514373779297,21.450000762939453,-0.012228487188567358,0.004352626551117794,0.013844167532198618,-0.10999870300292969
2007-08-09,48.00026321411133,65.45999908447266,102.52426147460938,26.479999542236328,0.0013927700138477105,-0.019814572506723634,-0.030080961579406987,5.029998779296875
2007-08-10,47.88894271850586,66.56999969482422,102.04472351074219,28.299999237060547,-0.0023218577009519945,0.016814765941351804,-0.004688284905510217,1.8199996948242188
2007-08-13,48.02806091308594,66.26000213623047,102.41136169433594,26.56999969482422,0.002900805631236153,-0.004667591916457224,0.0035864775188864844,-1.7299995422363281
2007-08-14,48.15599822998047,66.29000091552734,100.84591674804688,27.68000030517578,0.00266026186636995,0.0004526409523711157,-0.015403885284567018,1.1100006103515625
2007-08-15,47.98355484008789,66.12999725341797,99.4567642211914,30.670000076293945,-0.003587359610464694,-0.002416609910743651,-0.013870755923594711,2.989999771118164
2007-08-16,48.478641510009766,64.68000030517578,100.20420837402344,30.829999923706055,0.010264975003866113,-0.0221704207263521,0.007487168221002719,0.15999984741210938
2007-08-17,48.2839241027832,65.01000213623047,102.04472351074219,29.989999771118164,-0.004024648764243068,0.005089097649259215,0.01820099546827244,-0.8400001525878906
2007-08-20,48.31178665161133,65.12000274658203,101.9953842163086,26.329999923706055,0.0005768899961137257,0.0016906267951208541,-0.0004836234987806199,-3.6599998474121094
2007-08-21,48.54544448852539,65.06999969482422,102.19985961914062,25.25,0.004824798054494173,-0.0007681550545950952,0.0020027446999937816,-1.0799999237060547
2007-08-22,48.46756362915039,65.4000015258789,103.4127197265625,22.889999389648438,-0.0016055759452612511,0.0050586729777030584,0.011797665093254993,-2.3600006103515625
2007-08-23,48.634437561035156,65.30999755859375,103.32111358642578,22.6200008392334,0.0034370887133297673,-0.0013771552618831308,-0.0008862230691924176,-0.26999855041503906
2007-08-24,48.873661041259766,66.11000061035156,104.59738159179688,20.719999313354492,0.004906750590352434,0.012174904045098961,0.012276772531197029,-1.9000015258789062
2007-08-27,49.129554748535156,65.9800033569336,103.62430572509766,22.719999313354492,0.005222161063837806,-0.001968313899368514,-0.00934660517971385,2.0
2007-08-28,49.21303176879883,65.58999633789062,101.34662628173828,26.299999237060547,0.0016976783562253042,-0.005928527206188511,-0.02222532900797937,3.5799999237060547
2007-08-29,49.079498291015625,66.06999969482422,103.33515167236328,23.809999465942383,-0.002717064254061871,0.007291591950524386,0.019431020938976928,-2.489999771118164
2007-08-30,49.40774917602539,65.80000305175781,103.0601577758789,25.059999465942383,0.0066658802821336904,-0.00409489671224921,-0.0026647316738198585,1.25
2007-08-31,49.446685791015625,66.5199966430664,104.07557678222656,23.3799991607666,0.0007877566042789224,0.010882719149130153,0.009804461240243265,-1.6800003051757812
2007-09-04,49.47015380859375,67.44000244140625,105.1263198852539,22.780000686645508,0.00047449995599204976,0.013735746035060996,0.010045338551148477,-0.5999984741210938
2007-09-05,49.86674118041992,67.55999755859375,104.21662139892578,24.579999923706055,0.007984736767486152,0.0017777059079792377,-0.0086910426198698,1.7999992370605469
2007-09-06,49.73829650878906,68.86000061035156,104.4563980102539,23.989999771118164,-0.0025790812554913555,0.019059410971297826,0.0022981094301008993,-0.5900001525878906
2007-09-07,50.44212341308594,69.38999938964844,103.00373840332031,26.229999542236328,0.014051418136283344,0.0076672893414621345,-0.01400445766453624,2.239999771118164
2007-09-10,50.833160400390625,69.62000274658203,102.80628967285156,27.3799991607666,0.007722297402340607,0.0033091657188421245,-0.0019187480113732425,1.1499996185302734
2007-09-11,50.794036865234375,70.5199966430664,104.00511169433594,25.270000457763672,-0.0007699422623400374,0.012844388092752193,0.01159351410310719,-2.1099987030029297
2007-09-12,50.604122161865234,70.45999908447266,104.27305603027344,24.959999084472656,-0.0037459245269165467,-0.0008511500075774832,0.002572948347703371,-0.3100013732910156
2007-09-13,50.15161895751953,70.08000183105469,105.00640869140625,24.760000228881836,-0.008982242434422172,-0.005407687163316696,0.007008386262918028,-0.1999988555908203
2007-09-14,50.22428894042969,69.98999786376953,104.9993896484375,24.920000076293945,0.0014479569276835773,-0.001285128576689731,-6.684618259920057e-05,0.15999984741210938
2007-09-17,50.464447021484375,70.97000122070312,104.43524932861328,26.479999542236328,0.004770315848704172,0.01390492555765156,-0.005387281559441235,1.5599994659423828
2007-09-18,50.08464050292969,71.69999694824219,107.5097885131836,20.350000381469727,-0.007554684668032281,0.010233435305542457,0.029014643649805442,-6.129999160766602
2007-09-19,49.62092590332031,71.43000030517578,108.1444320678711,20.030000686645508,-0.009301746327650719,-0.0037727516034467587,0.0058857682924157865,-0.31999969482421875
2007-09-20,48.68251037597656,72.72000122070312,107.38279724121094,20.450000762939453,-0.019092802241837906,0.01789851321631325,-0.007067673068792111,0.4200000762939453
2007-09-21,49.09585952758789,72.33999633789062,107.67259216308594,19.0,0.008454868175126666,-0.00523929075519364,0.002695074028010424,-1.4500007629394531
2007-09-24,49.235557556152344,72.27999877929688,107.47425079345703,19.3700008392334,0.0028413731174440934,-0.0008297270648809739,-0.0018437772369047768,0.37000083923339844
2007-09-25,49.062381744384766,72.33000183105469,107.26167297363281,18.600000381469727,-0.0035234917876111444,0.0006915573409805822,-0.001979900573105636,-0.7700004577636719
2007-09-26,49.107025146484375,72.0,107.82847595214844,17.6299991607666,0.0009095176713605606,-0.004572887160420416,0.005270388191673013,-0.970001220703125
2007-09-27,49.44780349731445,72.69999694824219,108.46617126464844,17.0,0.006915535517674267,0.009675223546006088,0.005896559793742403,-0.6299991607666016
2007-09-28,49.559566497802734,73.51000213623047,108.1048583984375,18.0,0.0022576712817615418,0.011080137884340773,-0.0033366715944633217,1.0
2007-10-01,49.84272384643555,73.9000015258789,109.32347869873047,17.84000015258789,0.005697215095373933,0.0052913681556413985,0.011209514609114388,-0.15999984741210938
2007-10-02,49.999725341796875,72.3499984741211,109.17467498779297,18.489999771118164,0.003144987448636925,-0.02119741661479163,-0.001362059417271861,0.6499996185302734
2007-10-03,49.85393524169922,71.9000015258789,108.95503234863281,18.799999237060547,-0.0029200772979162447,-0.006239146038013328,-0.0020138725355257577,0.3099994659423828
2007-10-04,50.04462432861328,72.87000274658203,109.12508392333984,18.440000534057617,0.0038176590199972722,0.013400783424484728,0.0015595333685606346,-0.3599987030029297
2007-10-05,49.50626754760742,73.4000015258789,110.42163848876953,16.90999984741211,-0.0108158152883216,0.00724688703528734,0.011811332224996439,-1.5300006866455078
2007-10-08,49.46700668334961,72.52999877929688,109.8336181640625,17.459999084472656,-0.000793362988588372,-0.011923703864010008,-0.005339456870822275,0.5499992370605469
2007-10-09,49.40532302856445,73.08999633789062,110.86799621582031,16.1200008392334,-0.001247743690628892,0.007691255843188692,0.009373611773712707,-1.3399982452392578
2007-10-10,49.43334197998047,73.36000061035156,110.683837890625,16.670000076293945,0.0005669633875395103,0.003687327879970425,-0.0016624404699818864,0.5499992370605469
2007-10-11,49.382869720458984,73.91000366210938,110.15245819091797,18.8799991607666,-0.0010215381270361557,0.007469350076860184,-0.004812440116769951,2.2099990844726562
2007-10-12,49.141700744628906,74.58999633789062,110.76171112060547,17.729999542236328,-0.00489562058211886,0.009158214525531264,0.005515757329856484,-1.1499996185302734
2007-10-15,49.15294647216797,75.13999938964844,109.82649993896484,19.25,0.00022881668344216596,0.007346631152413257,-0.008479299782163278,1.5200004577636719
2007-10-16,49.16981887817383,75.12000274658203,108.95503234863281,20.020000457763672,0.0003432044676805566,-0.0002661605603641906,-0.007966597457388971,0.7700004577636719
2007-10-17,49.70814514160156,74.5,109.28802490234375,18.540000915527344,0.010888807990594607,-0.008287746077086587,0.00305157759711626,-1.4799995422363281
2007-10-18,49.98290252685547,76.0,108.8912353515625,18.5,0.0055121916635665,0.01993421490081733,-0.0036372842017564715,-0.04000091552734375
2007-10-19,50.728721618652344,75.69999694824219,106.04301452636719,22.959999084472656,0.01481125406270417,-0.003955220156770456,-0.026504734026100582,4.459999084472656
2007-10-22,50.734397888183594,74.5999984741211,106.65945434570312,21.639999389648438,0.00011188833075025655,-0.014637633373986493,0.005796280113476944,-1.3199996948242188
2007-10-23,50.66709518432617,75.2300033569336,107.5238265991211,20.40999984741211,-0.0013274501528743854,0.008409645438828075,0.008071376460508796,-1.2299995422363281
2007-10-24,51.04282760620117,75.5199966430664,107.325439453125,20.799999237060547,0.007388347582252018,0.0038473451919205023,-0.0018467570871880238,0.3899993896484375
2007-10-25,50.86897659301758,76.02999877929688,107.58048248291016,21.170000076293945,-0.003411796762706106,0.0067305057984769715,0.0023735330066568853,0.37000083923339844
2007-10-26,50.75121307373047,77.69000244140625,108.84166717529297,19.559999465942383,-0.002317719980456407,0.02159859720250343,0.011654989757984196,-1.6100006103515625
2007-10-29,50.947471618652344,78.12000274658203,109.2029800415039,19.8700008392334,0.0038596131139308765,0.005519560779674641,0.003314121227248064,0.3100013732910156
2007-10-30,50.91944122314453,77.3499984741211,108.44491577148438,21.06999969482422,-0.0005503336742677091,-0.00990558387484408,-0.006965997374937619,1.1999988555908203
2007-10-31,50.45960235595703,78.62000274658203,109.57144927978516,18.530000686645508,-0.009071737206028576,0.016285597636482487,0.010334485985182865,-2.539999008178711
2007-11-01,51.11518096923828,77.93000030517578,107.00662994384766,23.209999084472656,0.012908473835307065,-0.008815163157122153,-0.023686046671683673,4.679998397827148
2007-11-02,51.2785530090332,79.83000183105469,107.12706756591797,23.010000228881836,0.003191058125926703,0.024088404823137864,0.001124882595973281,-0.1999988555908203
2007-11-05,51.25606155395508,79.75,106.31224822998047,24.309999465942383,-0.00043870951355744117,-0.0010026549296778963,-0.007635175284186912,1.2999992370605469
2007-11-06,51.0081787109375,81.43000030517578,107.74345397949219,21.389999389648438,-0.004847898500127281,0.020847017561792937,0.013372473261761521,-2.9200000762939453
2007-11-07,51.09830856323242,82.23999786376953,104.79609680175781,26.489999771118164,0.0017654093899374722,0.009898016504542712,-0.02773644827259595,5.100000381469727
2007-11-08,51.0081787109375,82.2300033569336,104.2646484375,26.15999984741211,-0.0017654093899373948,-0.00012153592477733841,-0.005084163537451513,-0.3299999237060547
2007-11-09,51.44193649291992,82.18000030517578,102.83345794677734,28.5,0.008467738136019785,-0.0006082726377443839,-0.013821596921167112,2.3400001525878906
2007-11-12,51.62778091430664,78.30000305175781,101.81321716308594,31.09000015258789,0.003606192535786025,-0.04836432519681577,-0.009970836180146376,2.5900001525878906
2007-11-13,51.43626403808594,79.12000274658203,104.91650390625,24.100000381469727,-0.0037164676924362813,0.010418080056634612,0.030024902628166667,-6.989999771118164
2007-11-14,51.492576599121094,80.27999877929688,104.6259994506836,25.940000534057617,0.0010942038461725766,0.014554786693980836,-0.0027727514660040517,1.8400001525878906
2007-11-15,51.97697067260742,77.94999694824219,103.11689758300781,28.059999465942383,0.009363095230572748,-0.02945295236897934,-0.014528808782615992,2.1199989318847656
2007-11-16,52.050228118896484,77.75,103.29401397705078,25.489999771118164,0.0014084289349324435,-0.0025690052942447775,0.00171615382320966,-2.5699996948242188
2007-11-19,52.388187408447266,77.23999786376953,101.85575103759766,26.010000228881836,0.006471957037969276,-0.006581121156079224,-0.014021819661201255,0.5200004577636719
2007-11-20,52.331809997558594,79.47000122070312,102.47926330566406,24.8799991607666,-0.001076726847438885,0.02846217740937644,0.006102862060048954,-1.1300010681152344
2007-11-21,52.636009216308594,79.36000061035156,100.38201141357422,26.84000015258789,0.005796063453397126,-0.0013851366451013488,-0.020677446880755318,1.960000991821289
2007-11-23,52.793724060058594,81.25,102.11788177490234,25.610000610351562,0.0029918497655848746,0.023536350542307537,0.017144827630980117,-1.2299995422363281
2007-11-26,53.83572006225586,81.30000305175781,99.8647689819336,28.90999984741211,0.01954486738497317,0.0006152328809138596,-0.02231088903754935,3.299999237060547
2007-11-27,53.32318115234375,80.0999984741211,101.01258850097656,26.280000686645508,-0.009566033480936103,-0.014870219066121595,0.011428187087206535,-2.6299991607666016
2007-11-28,52.96269226074219,79.56999969482422,104.2434310913086,24.110000610351562,-0.006783408976905836,-0.006638701470507684,0.03148369988103933,-2.1700000762939453
2007-11-29,53.41890335083008,78.27999877929688,104.27886199951172,23.969999313354492,0.008576932582730191,-0.01634500662031746,0.0003398284952551572,-0.1400012969970703
2007-11-30,53.159820556640625,77.31999969482422,105.32745361328125,22.8700008392334,-0.0048618203526048795,-0.012339476540602861,0.010005427159388052,-1.0999984741210938
2007-12-03,53.58169937133789,78.27999877929688,104.63311004638672,23.610000610351562,0.007904721831292386,0.012339476540602936,-0.006614062050595835,0.7399997711181641
2007-12-04,53.57603073120117,79.4000015258789,103.6978988647461,23.790000915527344,-0.00010579992944202896,0.014206260536894314,-0.008978187823639709,0.18000030517578125
2007-12-05,52.93701934814453,78.62999725341797,105.43370056152344,22.530000686645508,-0.011998887446693317,-0.009745116397743728,0.01660047131483522,-1.260000228881836
2007-12-06,52.473297119140625,79.37000274658203,106.94281005859375,20.959999084472656,-0.008798478859772826,0.009367226634607144,0.014211881465622671,-1.5700016021728516
2007-12-07,51.88517379760742,78.5999984741211,106.9216079711914,20.850000381469727,-0.01127133318002376,-0.009748817685628595,-0.00019827597004803144,-0.10999870300292969
2007-12-10,51.57416534423828,80.0,107.75057220458984,20.739999771118164,-0.006012205234895758,0.017654954651938483,0.007723109283290175,-0.1100006103515625
2007-12-11,52.58640670776367,78.83999633789062,104.79609680175781,23.59000015258789,0.01943678325009968,-0.01460619883925386,-0.02780251251786797,2.8500003814697266
2007-12-12,52.043521881103516,80.48999786376953,105.83047485351562,22.469999313354492,-0.010377330958108907,0.020712490730692895,0.009821993106438874,-1.1200008392333984
2007-12-13,51.47800064086914,78.5,105.61087036132812,22.559999465942383,-0.010925783394558257,-0.025034301776957927,-0.002077215039728529,0.09000015258789062
2007-12-14,51.24048614501953,78.5199966430664,104.271728515625,23.270000457763672,-0.0046245797925270615,0.00025470186730374784,-0.01276103903261855,0.7100009918212891
2007-12-17,51.69855880737305,78.12999725341797,102.78392791748047,24.520000457763672,0.00889994046830764,-0.004979255801014288,-0.014371268386393122,1.25
2007-12-18,52.032203674316406,79.25,103.3577651977539,22.639999389648438,0.006432923263043303,0.01423334190273785,0.005567420678764555,-1.8800010681152344
2007-12-19,52.72214889526367,79.23999786376953,103.3577651977539,21.68000030517578,0.013172821573282813,-0.00012621788603144562,0.0,-0.9599990844726562
2007-12-20,52.60902786254883,78.66999816894531,104.00958251953125,20.579999923706055,-0.002147912511516427,-0.007219329805340328,0.006286616245872704,-1.1000003814697266
2007-12-21,51.83994674682617,80.0999984741211,105.5089340209961,18.469999313354492,-0.014726712601168897,0.01801396995862084,0.014312597486560014,-2.1100006103515625
2007-12-24,51.59675598144531,80.13999938964844,106.29244995117188,18.600000381469727,-0.004702222848629975,0.0004992625672929884,0.007398624972074987,0.13000106811523438
2007-12-26,51.14436721801758,81.5199966430664,106.52037048339844,18.65999984741211,-0.008806438415796505,0.017073250143272604,0.0021419820375897015,0.05999946594238281
2007-12-27,51.7019157409668,81.55999755859375,105.18131256103516,20.260000228881836,0.010842472260100046,0.0004905680371817453,-0.01265059173215518,1.6000003814697266
2007-12-28,52.508182525634766,83.0,104.91778564453125,20.739999771118164,0.015474179305310089,0.01750169202421168,-0.002508597675610483,0.4799995422363281
2007-12-31,52.82609558105469,82.45999908447266,104.1413803100586,22.5,0.0060362880240717,-0.006527291620528274,-0.007427647579520332,1.760000228881836
2008-01-02,53.5869140625,84.86000061035156,103.22968292236328,23.170000076293945,0.014299594536332992,0.028689530790562096,-0.008792965108637687,0.6700000762939453
2008-01-03,53.51314163208008,85.56999969482422,103.17979431152344,22.489999771118164,-0.0013776359238860893,0.008331903896944106,-0.00048339458516987984,-0.6800003051757812
2008-01-04,53.524497985839844,85.12999725341797,100.65123748779297,23.940000534057617,0.0002121936515587904,-0.005155283230996526,-0.024811595351884895,1.4500007629394531
2008-01-07,53.75730514526367,84.7699966430664,100.56578826904297,23.790000915527344,0.004340112079957478,-0.004237800612756689,-0.0008493239929888976,-0.14999961853027344
2008-01-08,53.69481658935547,86.77999877929688,98.9417724609375,25.43000030517578,-0.0011630959341507585,0.023434499283740494,-0.016280602835706707,1.6399993896484375
2008-01-09,53.797035217285156,86.55000305175781,99.98169708251953,24.1200008392334,0.0019018866457977553,-0.0026538494212900304,0.010455619919195447,-1.3099994659423828
2008-01-10,53.07026672363281,88.25,100.63700866699219,23.450000762939453,-0.01360153545327097,0.019451378931132805,0.00653292934676321,-0.6700000762939453
2008-01-11,53.48474884033203,88.58000183105469,99.82498931884766,23.68000030517578,0.007779722146642335,0.003732423352843317,-0.008101523457658296,0.22999954223632812
2008-01-14,53.68351745605469,89.54000091552734,100.62989807128906,22.899999618530273,0.0037094720389943656,0.010779343871355922,0.008030865088418035,-0.7800006866455078
2008-01-15,54.28533172607422,87.98999786376953,98.4146957397461,23.34000015258789,0.01114803959279738,-0.017462315658241516,-0.02225927118322442,0.4400005340576172
2008-01-16,53.89356994628906,86.69999694824219,97.56710052490234,24.3799991607666,-0.00724288167761912,-0.014769298791920495,-0.008649788048338285,1.039999008178711
2008-01-17,54.59193801879883,86.5,95.03856658935547,28.459999084472656,0.012875041703979252,-0.002309434649609837,-0.02625757848947332,4.079999923706055
2008-01-18,54.21717834472656,87.41999816894531,94.06273651123047,27.18000030517578,-0.006888414656162811,0.010579654551845074,-0.010320803972748151,-1.279998779296875
2008-01-22,54.796287536621094,88.16999816894531,93.10828399658203,31.010000228881836,0.010624644117810772,0.008542679841935765,-0.010198809465442278,3.8299999237060547
2008-01-23,54.67144775390625,87.88999938964844,95.34481811523438,29.020000457763672,-0.0022808517323304263,-0.003180722699554567,0.023736824756367788,-1.989999771118164
2008-01-24,53.57558059692383,90.08000183105469,96.1496810913086,27.780000686645508,-0.02024821585700798,0.02461215908630366,0.008406170610159011,-1.239999771118164
2008-01-25,54.47836685180664,90.30000305175781,94.76074981689453,29.079999923706055,0.016710305981606062,0.0024393095003429448,-0.014550863187300776,1.2999992370605469
2008-01-28,54.273929595947266,91.75,96.32776641845703,27.780000686645508,-0.0037596906612864327,0.015929992715972913,0.01640131767190507,-1.2999992370605469
2008-01-29,53.904930114746094,91.1500015258789,96.80496978759766,27.31999969482422,-0.006822052169935082,-0.0065609690697016314,0.004941724014775491,-0.46000099182128906
2008-01-30,53.55289840698242,92.05999755859375,96.09272766113281,27.6200008392334,-0.006552020861933219,0.009933994004387969,-0.0073846953348858544,0.3000011444091797
2008-01-31,53.93330764770508,91.4000015258789,97.84491729736328,26.200000762939453,0.007078319032282025,-0.007195016714744232,0.018070110263774027,-1.4200000762939453
2008-02-01,54.25745391845703,89.3499984741211,99.41903686523438,24.020000457763672,0.0059921426922706165,-0.022684270626732738,0.015959864409746567,-2.1800003051757812
2008-02-04,53.69913101196289,89.0999984741211,98.16542053222656,25.989999771118164,-0.010343563289383404,-0.0028019071765902166,-0.012689592810278734,1.9699993133544922
2008-02-05,54.10930252075195,87.68000030517578,95.53716278076172,28.239999771118164,0.007609302435341063,-0.01606549067103019,-0.027138709416679244,2.25
2008-02-06,53.94414520263672,88.94999694824219,94.76788330078125,28.969999313354492,-0.003056958388855738,0.014380553122886813,-0.008084742743518027,0.7299995422363281
2008-02-07,52.781864166259766,89.8499984741211,95.39468383789062,27.65999984741211,-0.021781513148558227,0.010067216443898174,0.006592283818082427,-1.3099994659423828
2008-02-08,53.38578414916992,91.0,94.78213500976562,28.010000228881836,0.0113768460805365,0.012717910269796405,-0.006441909693740382,0.35000038146972656
2008-02-11,53.60795974731445,91.33000183105469,95.2664794921875,27.600000381469727,0.004153063709942631,0.0036198342355131343,0.0050970698450119225,-0.4099998474121094
2008-02-12,53.28892135620117,89.33000183105469,96.1496810913086,26.329999923706055,-0.005969104712934331,-0.022141942540969888,0.009228143163107496,-1.2700004577636719
2008-02-13,52.724849700927734,89.44000244140625,97.13260650634766,24.8799991607666,-0.010641579348527207,0.0012306384919769915,0.010170967042667184,-1.4500007629394531
2008-02-14,51.9499626159668,89.70999908447266,96.27786254882812,25.540000915527344,-0.014805877808933306,0.0030141986624117353,-0.008838709985762314,0.6600017547607422
2008-02-15,52.348793029785156,89.1500015258789,96.25653076171875,25.020000457763672,0.007647883338914735,-0.006261873940772848,-0.00022158936728002238,-0.5200004577636719
2008-02-19,51.81890869140625,91.58000183105469,96.52720642089844,25.59000015258789,-0.010173765958380819,0.026892565797985494,0.0028080774965625528,0.5699996948242188
2008-02-20,52.177913665771484,93.23999786376953,96.81210327148438,24.399999618530273,0.006904180191384476,0.01796386403346683,0.002947119830370125,-1.1900005340576172
2008-02-21,52.730533599853516,93.25,96.00720977783203,25.1200008392334,0.010535377463735432,0.000107267267463442,-0.00834872976253363,0.720001220703125
2008-02-22,52.42858123779297,93.38999938964844,96.59842681884766,24.059999465942383,-0.005742786868869592,0.0015002080621885686,0.006139165066436113,-1.0600013732910156
2008-02-25,51.893028259277344,92.73999786376953,97.81642150878906,23.030000686645508,-0.01026743521178886,-0.00698441065741686,0.012530016466754756,-1.029998779296875
2008-02-26,51.91008758544922,93.70999908447266,98.550048828125,21.899999618530273,0.00032868620920732195,0.010405041437242168,0.007472057030665004,-1.1300010681152344
2008-02-27,51.955650329589844,94.77999877929688,98.45037078857422,22.690000534057617,0.0008773393031772128,0.011353506294170987,-0.0010119577232481861,0.7900009155273438
2008-02-28,52.878658294677734,95.98999786376953,97.48876953125,23.530000686645508,0.017609346182584504,0.012685593460616694,-0.009815384266148667,0.8400001525878906
2008-02-29,53.68773651123047,96.18000030517578,95.31634521484375,26.540000915527344,0.015184782486899811,0.001977441901755274,-0.02253587784904025,3.010000228881836
2008-03-03,53.549346923828125,97.23999786376953,95.08838653564453,26.280000686645508,-0.0025810038802592927,0.010960688456801523,-0.0023944655788704673,-0.26000022888183594
2008-03-04,53.02894592285156,95.18000030517578,94.72515869140625,25.520000457763672,-0.00976568723139363,-0.02141228858001734,-0.003827211458171941,-0.7600002288818359
2008-03-05,52.39412307739258,97.72000122070312,95.3234634399414,24.600000381469727,-0.012043483928974237,0.02633641998211893,0.006296354253214529,-0.9200000762939453
2008-03-06,52.674381256103516,96.5,93.35043334960938,27.549999237060547,0.005334783152484396,-0.012563250536444711,-0.020915474262320374,2.9499988555908203
2008-03-07,52.74301528930664,96.08999633789062,92.38887023925781,27.489999771118164,0.0013021388338185144,-0.004257794167007869,-0.010353992742886193,-0.05999946594238281
2008-03-10,53.52070617675781,95.87000274658203,91.17089080810547,29.3799991607666,0.014637258354054324,-0.0022920784400025053,-0.01327085304072798,1.8899993896484375
2008-03-11,53.063236236572266,95.98999786376953,94.44734954833984,26.360000610351562,-0.0085842714964305,0.0012508613827964979,0.035306865202757616,-3.019998550415039
2008-03-12,54.08688735961914,97.01000213623047,93.56411743164062,27.219999313354492,0.019107439778801832,0.010570090873189882,-0.009395582389715074,0.8599987030029297
2008-03-13,53.66370391845703,98.33999633789062,93.77066802978516,27.290000915527344,-0.00785491034424877,0.013616736750610736,0.0022051503284350967,0.07000160217285156
2008-03-14,54.32706069946289,98.70999908447266,92.31764221191406,31.15999984741211,0.012285589920916022,0.0037554244103494877,-0.015616836402752828,3.8699989318847656
2008-03-17,54.744571685791016,99.16999816894531,91.38458251953125,32.2400016784668,0.007655758264747467,0.004649281579360488,-0.010158480308401786,1.0800018310546875
2008-03-18,54.53293991088867,96.5,95.18099975585938,25.790000915527344,-0.003873295363198045,-0.027292522389296952,0.0407035566554378,-6.450000762939453
2008-03-19,55.43648910522461,93.04000091552734,92.82337188720703,29.84000015258789,0.016433103922010993,-0.03651349029438361,-0.025081879166127995,4.049999237060547
2008-03-20,55.5737419128418,89.91000366210938,94.54271697998047,26.6200008392334,0.002472796899835847,-0.03422030732304092,0.01835330358286621,-3.219999313354492
2008-03-24,54.498619079589844,90.0999984741211,96.43241882324219,25.729999542236328,-0.019535458589344336,0.002110936951383417,0.019790676030567268,-0.8900012969970703
2008-03-25,54.727394104003906,92.7300033569336,96.5254898071289,25.719999313354492,0.004189026996229652,0.0287719333343951,0.0009646766153821694,-0.010000228881835938
2008-03-26,54.498619079589844,93.80000305175781,95.34441375732422,26.079999923706055,-0.004189026996229637,0.011472807533615594,-0.012311372922908327,0.3600006103515625
2008-03-27,54.11547088623047,93.45999908447266,95.04377746582031,25.8799991607666,-0.007055250065530287,-0.0036313610705569657,-0.003158142734041724,-0.20000076293945312
2008-03-28,54.6416015625,91.87999725341797,94.1347427368164,25.709999084472656,0.009675412712625127,-0.01705017954859946,-0.00961041163190839,-0.1700000762939453
2008-03-31,54.83601379394531,90.41000366210938,94.46397399902344,25.610000610351562,0.0035516381165977,-0.01612842667290047,0.003491345034952791,-0.09999847412109375
2008-04-01,53.943572998046875,86.86000061035156,97.78531646728516,22.68000030517578,-0.016408608374150747,-0.04005728712133439,0.034555893107111255,-2.9300003051757812
2008-04-02,54.05843734741211,89.2699966430664,97.8497085571289,23.43000030517578,0.00212707878873964,0.027367813453476903,0.000658287974364796,0.75
2008-04-03,54.17902755737305,89.41999816894531,98.09308624267578,23.209999084472656,0.0022282535896856926,0.0016789027418238158,0.0024841720866005334,-0.220001220703125
2008-04-04,54.67293167114258,90.25,97.98571014404297,22.450000762939453,0.00907484820301872,0.009239246884171022,-0.0010952342766784066,-0.7599983215332031
2008-04-07,54.38583755493164,91.16999816894531,98.03582763671875,22.420000076293945,-0.005264955425951243,0.010142278299860375,0.0005113468074499746,-0.030000686645507812
2008-04-08,54.19624710083008,90.3499984741211,97.93566131591797,22.360000610351562,-0.003492116537860748,-0.009034875363145666,-0.0010222541050125408,-0.05999946594238281
2008-04-09,54.75907897949219,92.29000091552734,97.22699737548828,22.809999465942383,0.010331516692244443,0.02124480304789454,-0.00726232220686956,0.4499988555908203
2008-04-10,54.575313568115234,91.7699966430664,97.36296844482422,21.979999542236328,-0.0033615330023660742,-0.005650392946536727,0.001397513904610049,-0.8299999237060547
2008-04-11,54.94286346435547,91.30000305175781,95.47327423095703,23.459999084472656,0.0067121510991702505,-0.005134589224534746,-0.019599580245678424,1.4799995422363281
2008-04-14,54.6212158203125,91.11000061035156,95.1511459350586,23.81999969482422,-0.005871423739828776,-0.002083246601698784,-0.0033797202083966174,0.3600006103515625
2008-04-15,53.943572998046875,91.66000366210938,95.37303924560547,22.780000686645508,-0.012483819666851663,0.00601854460933773,0.002329293896856151,-1.039999008178711
2008-04-16,53.41524887084961,93.2699966430664,97.95706939697266,20.530000686645508,-0.009842291167514708,0.017412357713036033,0.026733384288389637,-2.25
2008-04-17,53.32332992553711,92.55999755859375,98.10026550292969,20.3700008392334,-0.0017223195038053461,-0.007641420238254219,0.0014607577063408047,-0.15999984741210938
2008-04-18,53.27737045288086,90.62000274658203,99.12382507324219,20.1299991607666,-0.0008622734248598754,-0.021182086961172856,0.01037975388406395,-0.24000167846679688
2008-04-21,53.48991394042969,90.25,99.17393493652344,20.5,0.003981439998667218,-0.004091372334785702,0.0005054002056847262,0.37000083923339844
2008-04-22,53.67366409301758,90.2699966430664,98.73731231689453,20.8700008392334,0.0034293429921063876,0.00022154490937352197,-0.00441231444957655,0.37000083923339844
2008-04-23,53.495609283447266,89.22000122070312,98.57980346679688,20.260000228881836,-0.0033228735773419543,-0.011699898740300238,-0.001596505026209487,-0.6100006103515625
2008-04-24,53.04197311401367,87.22000122070312,99.00933837890625,20.059999465942383,-0.008516035389662512,-0.02267156697176417,0.004347765112231179,-0.20000076293945312
2008-04-25,52.731815338134766,87.2699966430664,99.925537109375,19.59000015258789,-0.0058645656803739754,0.0005730462988536478,0.009211106962303348,-0.4699993133544922
2008-04-28,52.89261245727539,87.69000244140625,99.94699096679688,19.639999389648438,0.0030446980251638044,0.004801172923441089,0.00021467540047419604,0.049999237060546875
2008-04-29,53.093624114990234,85.80999755859375,99.55328369140625,20.239999771118164,0.0037931698535782848,-0.021672374264867317,-0.0039469397941795485,0.6000003814697266
2008-04-30,53.47264862060547,86.6500015258789,98.96633911132812,20.790000915527344,0.00711343456300378,0.009741512403569545,-0.005913231972381117,0.5500011444091797
2008-05-01,53.476097106933594,83.98999786376953,101.01351165771484,18.8799991607666,6.448857919489068e-05,-0.031179315068104025,0.020474503340982463,-1.9100017547607422
2008-05-02,52.80171585083008,84.58000183105469,101.29268646240234,18.18000030517578,-0.01269108365770037,0.007000134989940103,0.0027599251480399946,-0.6999988555908203
2008-05-05,52.80171585083008,86.2699966430664,100.80597686767578,18.899999618530273,0.0,0.01978402048340779,-0.004816563629361233,0.7199993133544922
2008-05-06,52.42134094238281,86.62999725341797,101.67923736572266,18.209999084472656,-0.007229909051079795,0.004164270020763222,0.008625478314351221,-0.6900005340576172
2008-05-07,52.6461296081543,85.81999969482422,99.8682861328125,19.729999542236328,0.004278945853971774,-0.00939406818992347,-0.017970947389319557,1.5200004577636719
2008-05-08,53.118751525878906,87.23999786376953,99.61055755615234,19.399999618530273,0.008937277828706791,0.0164108408392243,-0.0025840205938827848,-0.3299999237060547
2008-05-09,53.31472396850586,87.41999816894531,99.42445373535156,19.40999984741211,0.0036825380958992425,0.0020611516430740643,-0.0018700616924526793,0.010000228881835938
2008-05-12,53.23403549194336,86.98999786376953,100.54115295410156,17.790000915527344,-0.0015145834150635245,-0.004930923527425635,0.01116902897426044,-1.6199989318847656
2008-05-13,52.65190505981445,85.38999938964844,100.5554428100586,17.979999542236328,-0.010995535273802676,-0.018564154190549235,0.00014211932257517297,0.18999862670898438
2008-05-14,52.67497253417969,85.19999694824219,100.76302337646484,17.65999984741211,0.0004380168720648168,-0.0022275927551882613,0.0020622116182727832,-0.31999969482421875
2008-05-15,53.1533203125,87.0,102.02277374267578,16.299999237060547,0.009040135169117065,0.020906720638068043,0.012424603594393638,-1.3600006103515625
2008-05-16,52.934322357177734,89.0999984741211,102.11589050292969,16.469999313354492,-0.004128629138889873,0.023851198696715047,0.0009122893701321254,0.1700000762939453
2008-05-19,53.00350570678711,89.38999938964844,102.39500427246094,17.010000228881836,0.001306112475758198,0.003249494920499919,0.0027295752936235293,0.5400009155273438
2008-05-20,53.28016662597656,90.9000015258789,101.56471252441406,17.579999923706055,0.005206096815980435,0.016751205697980824,-0.008141767871024238,0.5699996948242188
2008-05-21,53.29164505004883,91.95999908447266,99.8468017578125,18.59000015258789,0.00021541201066456537,0.01159367196948849,-0.0170591282612778,1.010000228881836
2008-05-22,52.6634407043457,90.9800033569336,99.8611068725586,18.049999237060547,-0.011858075568616072,-0.010713950899921191,0.0001432603732988606,-0.5400009155273438
2008-05-23,52.893959045410156,91.2300033569336,98.52256774902344,19.549999237060547,0.004367646570768381,0.002744088114413663,-0.013494653115884322,1.5
2008-05-27,52.53664779663086,89.36000061035156,99.25273132324219,19.639999389648438,-0.00677815726360867,-0.02071066556256065,0.0073838026796099925,0.09000015258789062
2008-05-28,52.06973648071289,89.13999938964844,99.7107925415039,19.06999969482422,-0.00892707304476946,-0.0024650009199021954,0.0046044824564160595,-0.5699996948242188
2008-05-29,51.69510269165039,86.51000213623047,100.2118148803711,18.139999389648438,-0.007220854768459876,-0.029948121785563844,0.00501217340262914,-0.9300003051757812
2008-05-30,52.035179138183594,87.44999694824219,100.46235656738281,17.829999923706055,0.006556960204151646,0.010807127681703298,0.002497001137533226,-0.3099994659423828
2008-06-02,52.235904693603516,87.95999908447266,99.42445373535156,19.829999923706055,0.0038500760899610586,0.005814988710672287,-0.010384998974558352,2.0
2008-06-03,52.61188888549805,86.87999725341797,98.84461212158203,20.239999771118164,0.0071720308213551855,-0.01235433070599784,-0.005849054307727431,0.4099998474121094
2008-06-04,52.143333435058594,86.6500015258789,98.79456329345703,20.799999237060547,-0.008945779786668483,-0.00265079080081508,-0.0005064666869787253,0.5599994659423828
2008-06-05,51.83098602294922,86.44999694824219,100.77017211914062,18.6299991607666,-0.006008182661580598,-0.002310856942839816,0.019799824484754435,-2.1700000762939453
2008-06-06,52.50202941894531,89.05999755859375,97.55621337890625,23.559999465942383,0.012863668254561861,0.029744095652049107,-0.03241364099023223,4.930000305175781
2008-06-09,52.50202941894531,87.98999786376953,97.79247283935547,23.1200008392334,0.0,-0.01208712510114185,0.002418849905938489,-0.4399986267089844
2008-06-10,52.160701751708984,85.55000305175781,97.30572509765625,23.18000030517578,-0.006522453092755922,-0.028122111368949234,-0.004989782138053099,0.05999946594238281
2008-06-11,52.03921127319336,87.0199966430664,95.87411499023438,24.1200008392334,-0.002331873991839874,0.01703690270554308,-0.014821798334280717,0.9400005340576172
2008-06-12,51.51862335205078,85.5999984741211,96.23917388916016,23.329999923706055,-0.010054136576925325,-0.016452673393949773,0.0038004589942606764,-0.7900009155273438
2008-06-13,51.40868377685547,85.83000183105469,97.45603942871094,21.219999313354492,-0.0021362575213904134,0.0026833517416247226,0.012564910905674232,-2.1100006103515625
2008-06-16,51.42023468017578,87.01000213623047,97.5132827758789,20.950000762939453,0.00022466254711661488,0.013654462065851207,0.0005872036499438564,-0.26999855041503906
2008-06-17,51.524356842041016,87.25,97.04086303710938,21.1299991607666,0.002022878440364526,0.0027544819530526043,-0.004856444105044638,0.17999839782714844
2008-06-18,51.958255767822266,88.27999877929688,96.09602355957031,22.239999771118164,0.008385978236348969,0.011736006478369521,-0.009784221250647415,1.1100006103515625
2008-06-19,51.65165328979492,88.41999816894531,96.21768188476562,21.579999923706055,-0.0059184179540308045,0.0015846001285877345,0.0012652071899183711,-0.6599998474121094
2008-06-20,51.95242691040039,88.94999694824219,94.65591430664062,22.8700008392334,0.005806228191096756,0.0059762121136616485,-0.016364782383456955,1.2900009155273438
2008-06-23,52.06233596801758,87.08999633789062,94.56239318847656,22.639999389648438,0.0021133365203532418,-0.02113235514821951,-0.0009884997600634556,-0.23000144958496094
2008-06-24,52.40947723388672,87.47000122070312,94.37535858154297,22.420000076293945,0.00664566896755928,0.004353866732505198,-0.001979854912812816,-0.2199993133544922
2008-06-25,52.43256378173828,87.41999816894531,94.82137298583984,21.139999389648438,0.0004404063103135939,-0.0005718228977623296,0.0047148301857997,-1.2800006866455078
2008-06-26,52.78544235229492,90.61000061035156,92.24597930908203,23.93000030517578,0.0067075951460360845,0.03584052048031919,-0.027536140041901552,2.7900009155273438
2008-06-27,53.40439987182617,91.47000122070312,91.74242401123047,23.440000534057617,0.011657697503712127,0.009446474043668393,-0.005473785804660913,-0.48999977111816406
2008-06-30,53.415985107421875,91.4000015258789,92.06616973876953,23.950000762939453,0.00021691057644817338,-0.0007655678590445136,0.0035226433728101645,0.5100002288818359
2008-07-01,53.289390563964844,92.66000366210938,92.35389709472656,23.649999618530273,-0.002372787726123786,0.013691424355889053,0.0031203501262537267,-0.3000011444091797
2008-07-02,53.56809616088867,93.16999816894531,90.77128601074219,25.920000076293945,0.005216409957830821,0.0054888422989871725,-0.017284902706735873,2.270000457763672
2008-07-03,53.45192337036133,92.05999755859375,90.86480712890625,24.780000686645508,-0.00217104868168452,-0.011985249940131814,0.0010297636864103007,-1.1399993896484375
2008-07-07,53.69579315185547,91.2300033569336,89.93678283691406,25.780000686645508,0.00455203732776629,-0.009056684715605397,-0.010265755319924016,1.0
2008-07-08,54.04416275024414,90.86000061035156,91.5338134765625,23.149999618530273,0.006466882403199112,-0.004063960105008701,0.017601439608489068,-2.6300010681152344
2008-07-09,54.28221130371094,91.5,89.77132415771484,25.229999542236328,0.004395031934383526,0.007019105232723836,-0.019442855988858223,2.0799999237060547
2008-07-10,54.276363372802734,93.52999877929688,90.13822174072266,25.59000015258789,-0.00010773779835055072,0.021943255113523116,0.0040786950999210595,0.3600006103515625
2008-07-11,53.50424575805664,95.16000366210938,89.0879135131836,27.489999771118164,-0.01432782445205465,0.017277496523462485,-0.011720614849761325,1.8999996185302734
2008-07-14,53.9744873046875,95.91000366210938,88.28219604492188,28.479999542236328,0.008750466883745884,0.007850566004166892,-0.009085217484882616,0.9899997711181641
2008-07-15,53.95703887939453,96.16999816894531,87.03768157958984,28.540000915527344,-0.00032332398256305277,0.0027071497619921858,-0.014197310495480508,0.060001373291015625
2008-07-16,52.981685638427734,94.44000244140625,89.17424011230469,25.100000381469727,-0.018241853775329678,-0.01815270161590802,0.024251063411061115,-3.440000534057617
2008-07-17,52.7088623046875,94.22000122070312,90.06627655029297,25.010000228881836,-0.00516269325917958,-0.0023322518409360084,0.009953595530652882,-0.09000015258789062
2008-07-18,52.51148223876953,94.16999816894531,90.62738800048828,24.049999237060547,-0.003751751589395105,-0.0005308461499447085,0.006210657747198566,-0.9600009918212891
2008-07-21,52.71469497680664,95.12000274658203,90.67774963378906,23.049999237060547,0.0038624037486562554,0.010037641179610729,0.0005555455874352853,-1.0
2008-07-22,52.453407287597656,93.05999755859375,91.70645904541016,21.18000030517578,-0.004968963425132252,-0.021894861075694584,0.011280804716765814,-1.8699989318847656
2008-07-23,52.34891128540039,90.56999969482422,92.20281982421875,21.309999465942383,-0.0019941550578040684,-0.027121391164392418,0.005397900389558909,0.12999916076660156
2008-07-24,52.859798431396484,91.33000183105469,90.28926086425781,23.440000534057617,0.009711955655128663,0.008356311735007812,-0.020972187827238156,2.1300010681152344
2008-07-25,52.33148956298828,91.69000244140625,90.26771545410156,22.90999984741211,-0.010044811135844444,0.0039340079361909145,-0.00023865497415640212,-0.5300006866455078
2008-07-28,52.859798431396484,91.7300033569336,88.94404602050781,24.229999542236328,0.010044811135844416,0.0004361674288188628,-0.014772395449356938,1.3199996948242188
2008-07-29,52.64496994018555,90.58999633789062,90.84320068359375,22.030000686645508,-0.004072399597240271,-0.01250572486127245,0.02112747529334321,-2.1999988555908203
2008-07-30,52.69721221923828,89.5199966430664,92.46183013916016,21.209999084472656,0.0009918587647367908,-0.01188176475168946,0.017660961297661443,-0.8200016021728516
2008-07-31,53.2197151184082,90.08000183105469,91.23888397216797,22.940000534057617,0.009866357548022916,0.006236158213952812,-0.01331474665298909,1.730001449584961
2008-08-01,53.33747100830078,89.56999969482422,90.75690460205078,22.56999969482422,0.002210192331627768,-0.0056777456383802685,-0.005296611539022658,-0.37000083923339844
2008-08-04,53.215110778808594,88.13999938964844,89.91519165039062,23.489999771118164,-0.0022967117497537395,-0.016093986590938986,-0.009317642943171004,0.9200000762939453
2008-08-05,52.81889724731445,86.08000183105469,92.33953094482422,21.139999389648438,-0.007473364120637472,-0.023649334804024327,0.026605426336028467,-2.3500003814697266
2008-08-06,52.60331344604492,86.63999938964844,92.74956512451172,20.229999542236328,-0.004089918061196613,0.006484477963029264,0.0044306753792937165,-0.9099998474121094
2008-08-07,53.45978927612305,86.08999633789062,91.36834716796875,21.149999618530273,0.016150657961388055,-0.006368377516337615,-0.015003905384018083,0.9200000762939453
2008-08-08,53.605491638183594,84.43000030517578,93.06607055664062,20.65999984741211,0.002721749772890891,-0.01947042583576133,0.01841056959788003,-0.48999977111816406
2008-08-11,53.09274673461914,81.12999725341797,94.03007507324219,20.1200008392334,-0.009611196181858381,-0.039870019743063895,0.010305001679467138,-0.5399990081787109
2008-08-12,53.5880012512207,80.5199966430664,93.05170440673828,21.170000076293945,0.009284863180728287,-0.007547213471977264,-0.010459378658599864,1.0499992370605469
2008-08-13,53.401527404785156,81.55999755859375,92.4905776977539,21.549999237060547,-0.003485837120683316,0.012833356691477001,-0.006048523423737287,0.37999916076660156
2008-08-14,53.74534225463867,79.3499984741211,93.18840026855469,20.34000015258789,0.0064176588823420784,-0.027470488029696195,0.007516476704817538,-1.2099990844726562
2008-08-15,54.21143341064453,77.62999725341797,93.64160919189453,19.579999923706055,0.008634827209668528,-0.021914512705522013,0.0048515740443301975,-0.7600002288818359
2008-08-18,54.42707443237305,78.80000305175781,92.36109161376953,20.979999542236328,0.003969887091023818,0.014959120554555644,-0.013769023817396996,1.3999996185302734
2008-08-19,54.21727752685547,80.43000030517578,91.35395812988281,21.280000686645508,-0.0038620906196637243,0.020474209118556685,-0.010964192367761387,0.3000011444091797
2008-08-20,54.368751525878906,80.05999755859375,91.77840423583984,20.420000076293945,0.0027899371327564375,-0.0046109216405604905,0.0046354108086743735,-0.8600006103515625
2008-08-21,54.269737243652344,82.30000305175781,91.93663787841797,19.81999969482422,-0.0018228219255272081,0.027594821694200418,0.0017225990848104872,-0.6000003814697266
2008-08-22,54.23478317260742,81.08000183105469,93.26753234863281,18.809999465942383,-0.0006442878530768583,-0.014934800596812396,0.014372434253462194,-1.010000228881836
2008-08-25,54.7766227722168,80.93000030517578,91.37555694580078,20.969999313354492,0.009941052629479948,-0.00185175688863645,-0.020494042096521663,2.1599998474121094
2008-08-26,54.82324981689453,81.2300033569336,91.6417236328125,20.489999771118164,0.0008508595199842921,0.00370009111066845,0.0029086529296415992,-0.4799995422363281
2008-08-27,54.916465759277344,81.36000061035156,92.53375244140625,19.760000228881836,0.001698855593213293,0.0015990808530273566,0.009686803073109245,-0.7299995422363281
2008-08-28,54.922298431396484,82.18000030517578,93.65595245361328,19.43000030517578,0.00010620425616770582,0.010028207926600663,0.012054518286559499,-0.3299999237060547
2008-08-29,54.67757797241211,81.70999908447266,92.64883422851562,20.649999618530273,-0.004465714263755584,-0.005735584976745511,-0.010811617385413905,1.2199993133544922
2008-09-02,55.18634796142578,79.19999694824219,92.07333374023438,21.989999771118164,0.009261886859575219,-0.031200121903938532,-0.006231004720358302,1.3400001525878906
2008-09-03,55.42022705078125,78.88999938964844,91.99421691894531,21.43000030517578,0.004229033181823452,-0.003921790917827457,-0.0008596499043747117,-0.5599994659423828
2008-09-04,55.864681243896484,78.38999938964844,89.22457885742188,24.030000686645508,0.00798772381765965,-0.006358108955715176,-0.03056916613800754,2.6000003814697266
2008-09-05,55.83544921875,78.9800033569336,89.50515747070312,23.059999465942383,-0.0005234018204410855,0.007498337947551977,0.0031396996329109516,-0.970001220703125
2008-09-08,56.06934356689453,78.86000061035156,91.35395812988281,22.639999389648438,0.0041802443473577654,-0.001520562172927079,0.020445362175507794,-0.4200000762939453
2008-09-09,56.624935150146484,76.48999786376953,88.64191436767578,25.469999313354492,0.009860235869725535,-0.03051415078362391,-0.030136791293009117,2.8299999237060547
2008-09-10,56.274078369140625,74.22000122070312,89.0015869140625,24.520000457763672,-0.006215429162403639,-0.03012631332599945,0.004049380194247464,-0.9499988555908203
2008-09-11,56.24480056762695,73.08000183105469,90.28926086425781,24.389999389648438,-0.0005204069299496382,-0.015478915514254269,0.014364325976149271,-0.13000106811523438
2008-09-12,55.51966857910156,75.55000305175781,90.70652770996094,25.65999984741211,-0.0129762556747663,0.0332399725473417,0.00461079882829359,1.2700004577636719
2008-09-15,57.32084274291992,77.55999755859375,86.3902359008789,31.700000762939453,0.03192695849133064,0.026257069784174,-0.048754665855346865,6.040000915527344
2008-09-16,57.30911636352539,76.79000091552734,87.83618927001953,30.299999237060547,-0.00020459536977666384,-0.009977363631870767,0.01659893517552614,-1.4000015258789062
2008-09-17,57.595680236816406,85.45999908447266,83.88679504394531,36.220001220703125,0.004987859095208819,0.10697398423801134,-0.04600538233262841,5.920001983642578
2008-09-18,56.753543853759766,82.80000305175781,86.37589263916016,33.099998474121094,-0.014729467826828475,-0.03162032125475302,0.029240404636234042,-3.1200027465820312
2008-09-19,54.95248031616211,85.9800033569336,89.80614471435547,32.06999969482422,-0.03224928365136726,0.03768665186313431,0.038944783133867136,-1.029998779296875
2008-09-22,54.94659423828125,89.18000030517578,87.77301025390625,33.849998474121094,-0.00010711787902405993,0.036542052510024896,-0.022899346543638337,1.779998779296875
2008-09-23,54.73605728149414,88.31999969482422,85.77603912353516,35.720001220703125,-0.003839024904052883,-0.009690223547907538,-0.02301434988879936,1.8700027465820312
2008-09-24,54.975830078125,86.70999908447266,86.0510025024414,35.189998626708984,0.004370960780011532,-0.018397372242872228,0.003200469623506932,-0.5300025939941406
2008-09-25,54.864742279052734,86.44999694824219,87.39676666259766,32.81999969482422,-0.0020227104532197894,-0.0030030300021146434,0.015518114448621053,-2.3699989318847656
2008-09-26,55.26237869262695,86.63999938964844,87.4402084350586,34.7400016784668,0.007221438971593822,0.0021954188195928825,0.0004969403449203367,1.9200019836425781
2008-09-29,56.87054443359375,89.56999969482422,80.58822631835938,46.720001220703125,0.02868517053526251,0.033258843431934,-0.08160266422704256,11.979999542236328
2008-09-30,55.48460006713867,85.06999969482422,83.92376708984375,39.38999938964844,-0.024672028592329812,-0.051545995679539464,0.04055628875178077,-7.3300018310546875
2008-10-01,56.182621002197266,85.97000122070312,83.97441864013672,39.810001373291016,0.012501968259391767,0.010523968985084205,0.0006033603235123686,0.4200019836425781
2008-10-02,56.634307861328125,82.33000183105469,80.92828369140625,45.2599983215332,0.008007473296390911,-0.04326282883476272,-0.03694883650278699,5.4499969482421875
2008-10-03,57.132869720458984,82.58999633789062,79.83574676513672,45.13999938964844,0.008764655348178366,0.003152979931026516,-0.013592017355976187,-0.11999893188476562
2008-10-06,58.17110061645508,84.27999877929688,75.7694320678711,52.04999923706055,0.018009075547346976,0.02025601097029596,-0.052276418164108565,6.909999847412109
2008-10-07,57.995140075683594,87.2699966430664,72.3759994506836,53.68000030517578,-0.0030294631951309605,0.03486214825706517,-0.04582019530666575,1.6300010681152344
2008-10-08,57.1622314453125,89.41999816894531,70.55268096923828,57.529998779296875,-0.014465824356056294,0.02433762761966628,-0.025515066575470053,3.8499984741210938
2008-10-09,56.681236267089844,89.9000015258789,65.6253433227539,63.91999816894531,-0.00845016495048503,0.005353608121824253,-0.0723977260752867,6.3899993896484375
2008-10-10,56.28232955932617,83.22000122070312,64.03360748291016,69.94999694824219,-0.007062602228919143,-0.07721024022746184,-0.024553890028423977,6.029998779296875
2008-10-13,55.56083297729492,81.98999786376953,73.33108520507812,54.9900016784668,-0.012902113535995732,-0.014890455669864109,0.1355765384654482,-14.95999526977539
2008-10-14,55.20307540893555,82.19999694824219,72.24579620361328,55.130001068115234,-0.0064598445045973745,0.0025580023828085247,-0.01491045965319802,0.1399993896484375
2008-10-15,55.730934143066406,83.30999755859375,65.13336181640625,69.25,0.00951669772258243,0.01341329574561084,-0.103637253022186,14.119998931884766
2008-10-16,55.44352722167969,79.29000091552734,67.84661865234375,67.61000061035156,-0.00517038820115721,-0.04945653185086193,0.04081266116210775,-1.6399993896484375
2008-10-17,55.062252044677734,77.20999908447266,67.44143676757812,70.33000183105469,-0.006900574657602022,-0.0265830583677772,-0.005989931557176703,2.720001220703125
2008-10-20,55.502193450927734,78.5,71.49329376220703,52.970001220703125,0.007958141084865838,0.016569654325264915,0.0583440339160114,-17.360000610351562
2008-10-21,55.79544448852539,76.02999877929688,69.35883331298828,53.11000061035156,0.0052696844541884075,-0.03197064160356307,-0.030310140181688348,0.1399993896484375
2008-10-22,56.927528381347656,71.70999908447266,65.58197021484375,69.6500015258789,0.020086800909106885,-0.058497788057396756,-0.05599269769630671,16.540000915527344
2008-10-23,57.34990692138672,70.6500015258789,66.34169006347656,67.80000305175781,0.007392193608615432,-0.014892064399146903,0.011517695090379355,-1.8499984741210938
2008-10-24,56.739871978759766,72.20999908447266,62.977203369140625,79.12999725341797,-0.010694047481985018,0.021840397056156174,-0.05204569935381416,11.329994201660156
2008-10-27,56.78095626831055,72.18000030517578,60.7414436340332,80.05999755859375,0.0007238194431612423,-0.00041552434178707896,-0.0361465828534004,0.9300003051757812
2008-10-28,55.953834533691406,73.79000091552734,67.83943176269531,66.95999908447266,-0.0146740251254467,0.022060230034850928,0.11051738853837575,-13.099998474121094
2008-10-29,55.67229461669922,74.0,67.347412109375,69.95999908447266,-0.005044347880324824,0.0028418597266937724,-0.0072791376990863355,3.0
2008-10-30,55.167823791503906,72.70999908447266,69.6772232055664,62.900001525878906,-0.0091027385354699,-0.01758617913369578,0.03400900347383863,-7.05999755859375
2008-10-31,54.452213287353516,71.33999633789062,70.06069946289062,59.88999938964844,-0.013056384379818344,-0.019021785472914204,0.005488520405190478,-3.0100021362304688
2008-11-03,54.59945297241211,71.0999984741211,70.26331329345703,53.68000030517578,0.002700367258585431,-0.0033698132493902304,0.0028878018436470274,-6.209999084472656
2008-11-04,55.624176025390625,75.4800033569336,72.65094757080078,47.72999954223633,0.018594063469625294,0.05978044962665676,0.0334166295552431,-5.950000762939453
2008-11-05,56.28377151489258,72.80000305175781,69.59761047363281,54.560001373291016,0.011788316064043831,-0.03615176785243687,-0.04293619841226821,6.8300018310546875
2008-11-06,55.8774299621582,72.22000122070312,65.74114227294922,63.68000030517578,-0.007245702170318218,-0.007998964370514715,-0.05700529077520741,9.119998931884766
2008-11-07,55.51222229003906,72.5,67.91177368164062,56.099998474121094,-0.00655732329437867,0.003869529108754129,0.03248447320585872,-7.5800018310546875
2008-11-10,55.78317642211914,73.58000183105469,67.02181243896484,59.97999954223633,0.004869108166825781,0.014786712701221597,-0.013191291707546548,3.8800010681152344
2008-11-11,55.94809341430664,72.05000305175781,64.95248413085938,61.439998626708984,0.0029520314625060664,-0.021012909760209354,-0.03136213599503831,1.4599990844726562
2008-11-12,56.307342529296875,70.0,62.09446334838867,66.45999908447266,0.006400586990402952,-0.02886512275228242,-0.04499916126975325,5.020000457763672
2008-11-13,54.958683013916016,72.1500015258789,65.96542358398438,59.83000183105469,-0.024243259570994432,0.030252064319223424,0.060473891725608186,-6.629997253417969
2008-11-14,56.048213958740234,73.30000305175781,62.673309326171875,66.30999755859375,0.01963059886946857,0.015813344157826127,-0.05119505122956876,6.4799957275390625
2008-11-17,56.29554748535156,72.6500015258789,61.84121322631836,69.1500015258789,0.004403162632925465,-0.008907239506966189,-0.013365645547674524,2.8400039672851562
2008-11-18,57.01990509033203,72.51000213623047,63.00613784790039,67.63999938964844,0.012784972484794845,-0.0019288981747573384,0.018662124920766347,-1.5100021362304688
2008-11-19,58.48051834106445,72.26000213623047,58.96875,74.26000213623047,0.025293259978254778,-0.003453757562079425,-0.06622450523423823,6.620002746582031
2008-11-20,61.501651763916016,73.44999694824219,54.591339111328125,80.86000061035156,0.050370353438122246,0.016334105788500954,-0.07713239673478442,6.599998474121094
2008-11-21,60.612388610839844,78.8499984741211,57.5361442565918,72.66999816894531,-0.014564727697760033,0.07094243298627406,0.05253810025251422,-8.19000244140625
2008-11-24,59.6641845703125,80.91000366210938,61.52285385131836,64.69999694824219,-0.015767387776768175,0.025790177023884007,0.06699536703552224,-7.970001220703125
2008-11-25,61.41923141479492,80.87000274658203,61.97870635986328,60.900001525878906,0.028991084408991785,-0.0004945100106059737,0.007382167123340196,-3.7999954223632812
2008-11-26,61.501651763916016,80.37999725341797,64.37360382080078,54.91999816894531,0.0013410310655364978,-0.006077606219572271,0.037912790282721105,-5.980003356933594
2008-11-28,62.261375427246094,80.30999755859375,65.18400573730469,55.279998779296875,0.012277224035729385,-0.0008712390504950196,0.012510457533324358,0.3600006103515625
2008-12-01,64.64571380615234,75.6500015258789,59.41011047363281,68.51000213623047,0.037580548147255616,-0.059776655395983355,-0.09274970618312123,13.230003356933594
2008-12-02,64.8938980102539,76.94999694824219,61.69651412963867,62.97999954223633,0.0038317932914581436,0.01703836022130856,0.0377630103484672,-5.530002593994141
2008-12-03,65.07708740234375,76.18000030517578,63.179813385009766,60.720001220703125,0.0028189293605142226,-0.01005685556947555,0.02375740943922052,-2.259998321533203
2008-12-04,66.35934448242188,75.5,61.71822738647461,63.63999938964844,0.019512059833431274,-0.008966308801461867,-0.02340553482856652,2.9199981689453125
2008-12-05,65.283935546875,74.5199966430664,63.621131896972656,59.93000030517578,-0.016338591054999692,-0.01306515556901043,0.03036637085266107,-3.7099990844726562
2008-12-08,65.1420669555664,76.19999694824219,65.84246826171875,58.4900016784668,-0.0021754656976034578,0.022293921957316113,0.0343193667627419,-1.4399986267089844
2008-12-09,66.4302749633789,76.33000183105469,64.75708770751953,58.90999984741211,0.01958237049578727,0.0017046471557575096,-0.016621887199423008,0.4199981689453125
2008-12-10,66.2707290649414,79.75,65.19847869873047,55.72999954223633,-0.0024045933409651984,0.043830671865911774,0.006792978565393922,-3.1800003051757812
2008-12-11,66.40074157714844,80.6500015258789,63.628414154052734,55.779998779296875,0.0019599172783061705,0.0112220818260269,-0.024376001813322716,0.049999237060546875
2008-12-12,66.40074157714844,80.80999755859375,64.38815307617188,54.279998779296875,0.0,0.001981866542690083,0.011869523737829443,-1.5
2008-12-15,67.15708923339844,82.5999984741211,63.49090576171875,56.7599983215332,0.01132626574225833,0.021908972020150932,-0.014032978452022475,2.479999542236328
2008-12-16,68.81755065917969,84.45999908447266,66.4791488647461,52.369998931884766,0.02442431870521676,0.022268376612201064,0.045991668297052146,-4.3899993896484375
2008-12-17,70.68482208251953,85.43000030517578,65.83519744873047,49.84000015258789,0.0267720600705937,0.011419292069736266,-0.009733736639267227,-2.529998779296875
2008-12-18,72.1679916381836,83.87000274658203,64.60519409179688,47.34000015258789,0.02076574921970565,-0.01842931699135299,-0.01885979949498364,-2.5
2008-12-19,72.24484252929688,82.62999725341797,64.32726287841797,44.93000030517578,0.0010643222787077944,-0.014895236270839864,-0.004311275072302678,-2.4099998474121094
2008-12-22,71.68934631347656,83.45999908447266,63.503021240234375,44.560001373291016,-0.00771879118241911,0.009994686720185789,-0.01289605302862876,-0.3699989318847656
2008-12-23,71.5948257446289,82.62999725341797,62.8465461730957,45.02000045776367,-0.0013193443658254306,-0.009994686720185745,-0.01039150331785061,0.45999908447265625
2008-12-24,71.44120788574219,83.45999908447266,63.21125411987305,44.209999084472656,-0.0021479610983395855,0.009994686720185789,0.005786376781601213,-0.8100013732910156
2008-12-26,71.67755889892578,85.5999984741211,63.57596206665039,43.380001068115234,0.0033028684267625563,0.025317801128255938,0.005753087159290736,-0.8299980163574219
2008-12-29,71.5915756225586,86.3499984741211,63.39360427856445,43.900001525878906,-0.0012003044057967637,0.008723521599817628,-0.0028724665086632753,0.5200004577636719
2008-12-30,72.27339935302734,85.9000015258789,64.89618682861328,41.630001068115234,0.009478732895566234,-0.005224940168183113,0.023425889949538505,-2.270000457763672
2008-12-31,70.76150512695312,86.5199966430664,65.82255554199219,40.0,-0.02114100109892645,0.007191715531704658,0.014173701567283828,-1.6300010681152344
2009-01-02,68.98285675048828,86.2300033569336,67.80655670166016,39.189998626708984,-0.025457119101822735,-0.003357378391118624,0.02969632780034853,-0.8100013732910156
2009-01-05,67.20419311523438,84.4800033569336,67.726318359375,39.08000183105469,-0.02612237770566395,-0.020503324199848343,-0.001184042640920088,-0.10999679565429688
2009-01-06,66.52831268310547,85.12999725341797,68.17857360839844,38.560001373291016,-0.010108031443401928,0.00766460793819893,0.006655491379043985,-0.5200004577636719
2009-01-07,66.7891845703125,82.75,66.1362075805664,43.38999938964844,0.003913548116905849,-0.028355453375407055,-0.030413978884924715,4.829998016357422
2009-01-08,66.73580932617188,84.45999908447266,66.40608978271484,42.560001373291016,-0.0007994794895850443,0.020454024408850847,0.004072399234119533,-0.8299980163574219
2009-01-09,66.83662414550781,83.91999816894531,64.98373413085938,42.81999969482422,0.0015095156367078678,-0.006414096397031772,-0.021651771433334056,0.2599983215332031
2009-01-12,67.5302963256836,80.76000213623047,63.42278289794922,45.84000015258789,0.010325135685786474,-0.03838212237276427,-0.02431384584423243,3.020000457763672
2009-01-13,67.6014404296875,80.87999725341797,63.53950500488281,43.27000045776367,0.0010529593163736597,0.001484720857258964,0.0018386899251096663,-2.5699996948242188
2009-01-14,68.71607971191406,79.79000091552734,61.5409049987793,49.13999938964844,0.016353937829856096,-0.013568345959084955,-0.03195976287131726,5.869998931884766
2009-01-15,68.82868957519531,80.38999938964844,61.562782287597656,51.0,0.0016374288753465123,0.007491587953086663,0.0003554286558090685,1.8600006103515625
2009-01-16,67.76744079589844,82.70999908447266,62.0441780090332,46.11000061035156,-0.015538802306107491,0.028450719887202026,0.007789175531616094,-4.8899993896484375
2009-01-20,67.75553894042969,84.5199966430664,58.76913070678711,56.650001525878906,-0.00017564335616737347,0.021647650395541167,-0.05422995076537735,10.540000915527344
2009-01-21,65.61524963378906,84.1500015258789,61.307491302490234,46.41999816894531,-0.032098079132101,-0.0043872142605711085,0.04228531362357898,-10.230003356933594
2009-01-22,64.35240173339844,84.58000183105469,60.359230041503906,47.290000915527344,-0.019433876544216532,0.005096914923472842,-0.015588164980593042,0.8700027465820312
2009-01-23,63.848480224609375,88.52999877929688,60.621803283691406,47.27000045776367,-0.007861476401781224,0.04564361014124337,0.004340740812917291,-0.020000457763671875
2009-01-26,63.2911376953125,88.94999694824219,61.03757095336914,45.689998626708984,-0.008767465383051029,0.004732915968779248,0.006834973316230718,-1.5800018310546875
2009-01-27,64.77925872802734,88.37999725341797,61.6576042175293,42.25,0.02324015622850177,-0.006428711177525445,0.010106975133612056,-3.4399986267089844
2009-01-28,63.1606330871582,87.41999816894531,63.74373245239258,39.65999984741211,-0.025304257880562335,-0.01092160013595116,0.03327429775700083,-2.5900001525878906
2009-01-29,61.70809555053711,89.5,61.67219161987305,42.630001068115234,-0.02326608230429587,0.023514556791130875,-0.033037738500371415,2.970001220703125
2009-01-30,61.512420654296875,91.30999755859375,60.41757583618164,44.84000015258789,-0.003176014299389505,0.02002165860988255,-0.020553072956250185,2.2099990844726562
2009-02-02,62.65689468383789,88.83999633789062,60.235233306884766,45.52000045776367,0.018434609826962437,-0.027423326085868636,-0.003022601287399506,0.6800003051757812
2009-02-03,61.16463851928711,88.47000122070312,61.081356048583984,43.060001373291016,-0.024104505552410442,-0.004173432511596273,0.013949229303275407,-2.4599990844726562
2009-02-04,60.95058822631836,89.18000030517578,60.78229522705078,43.849998474121094,-0.0035057137082226313,0.007993277328123664,-0.004908131649774097,0.7899971008300781
2009-02-05,61.004112243652344,90.12000274658203,61.686744689941406,43.72999954223633,0.0008777688857307783,0.010485343419634507,0.014770523341494026,-0.11999893188476562
2009-02-06,60.81391906738281,89.58999633789062,63.44466018676758,43.369998931884766,-0.003122580930961726,-0.005898480307817772,0.02809895982191574,-0.3600006103515625
2009-02-09,61.010047912597656,88.31999969482422,63.532188415527344,43.63999938964844,0.0032198756866260374,-0.014277086659724235,0.0013786488416870635,0.2700004577636719
2009-02-10,62.335914611816406,90.20999908447266,60.621803283691406,46.66999816894531,0.02149916772669331,0.021173696446258473,-0.04689206312142045,3.029998779296875
2009-02-11,63.144412994384766,92.29000091552734,60.979217529296875,44.529998779296875,0.012886634687559587,0.022795527677897713,0.0058784913558926795,-2.1399993896484375
2009-02-12,62.549903869628906,93.16999816894531,61.023006439208984,41.25,-0.0094596728460978,0.009489958611898299,0.0007178379273437815,-3.279998779296875
2009-02-13,60.885257720947266,92.55000305175781,60.36650848388672,42.93000030517578,-0.02697362819162998,-0.00667668981583939,-0.01081649195796186,1.6800003051757812
2009-02-17,62.781776428222656,95.44999694824219,57.78440475463867,48.65999984741211,0.030673775234925336,0.030853446205778977,-0.04371553051309209,5.729999542236328
2009-02-18,62.24667739868164,96.91000366210938,57.64580154418945,48.459999084472656,-0.00855968829984766,0.015180232335787214,-0.0024015079155894157,-0.20000076293945312
2009-02-19,61.18844223022461,95.7699966430664,57.02579116821289,47.08000183105469,-0.01714683956263323,-0.011833302053734346,-0.010813775289647084,-1.3799972534179688
2009-02-20,61.78293228149414,97.80000305175781,56.47144317626953,49.29999923706055,0.00966883040889093,0.02097515976334867,-0.009768562262343622,2.2199974060058594
2009-02-23,62.35366439819336,97.7300033569336,54.450958251953125,52.619998931884766,0.009195292176588916,-0.000715999545035443,-0.03643463189643624,3.3199996948242188
2009-02-24,62.28830337524414,94.7300033569336,56.51523971557617,45.4900016784668,-0.0010487804406157605,-0.031177833375502513,0.03720988328676338,-7.129997253417969
2009-02-25,61.56890869140625,93.1500015258789,56.07026672363281,44.66999816894531,-0.011616647295679917,-0.01681966189582418,-0.007904664161102035,-0.8200035095214844
2009-02-26,60.920867919921875,93.05999755859375,55.15848159790039,44.65999984741211,-0.01058123927993675,-0.0009666932467289369,-0.01639514178552419,-0.009998321533203125
2009-02-27,60.570125579833984,92.62999725341797,53.92578125,46.349998474121094,-0.0057739805137671,-0.004631386566918853,-0.02260184542984495,1.6899986267089844
2009-03-02,61.5728759765625,90.93000030517578,51.4968376159668,52.650001525878906,0.016419654220544887,-0.01852305052084567,-0.04608827961560555,6.3000030517578125
2009-03-03,61.161495208740234,90.04000091552734,51.11021423339844,50.93000030517578,-0.006703620255981987,-0.009835956887444822,-0.007536035883548437,-1.720001220703125
2009-03-04,60.88136291503906,88.98999786376953,52.32107925415039,47.560001373291016,-0.00459072804398237,-0.011730046343054587,0.023414970496951296,-3.3699989318847656
2009-03-05,62.574432373046875,91.98999786376953,50.18385314941406,50.16999816894531,0.027429665918658218,0.033155872403161146,-0.04170601033547295,2.609996795654297
2009-03-06,62.157135009765625,92.29000091552734,50.271419525146484,49.33000183105469,-0.00669115171011725,0.003255950930954496,0.0017433907764163622,-0.839996337890625
2009-03-09,61.79347610473633,90.56999969482422,49.68057632446289,49.68000030517578,-0.0058678201776767094,-0.01881277418024431,-0.011822677031542618,0.34999847412109375
2009-03-10,60.60710525512695,88.13999938964844,52.642005920410156,44.369998931884766,-0.019385659606379484,-0.02719657652831088,0.05790035438991163,-5.310001373291016
2009-03-11,61.26292037963867,89.22000122070312,52.98482131958008,43.61000061035156,0.010762637516119809,0.01217879089301902,0.006491089656213543,-0.7599983215332031
2009-03-12,61.55500411987305,91.0999984741211,55.070960998535156,41.18000030517578,0.004756378876759251,0.02085254413435487,0.03861707127503996,-2.4300003051757812
2009-03-13,61.2450065612793,91.30000305175781,55.5013313293457,42.36000061035156,-0.005048830458209912,0.002193033510109556,0.007784454767766669,1.1800003051757812
2009-03-16,60.2791862487793,90.80000305175781,55.33357620239258,43.7400016784668,-0.01589544642671351,-0.005491501809613432,-0.003027119502155231,1.3800010681152344
2009-03-17,59.9512825012207,90.04000091552734,57.02579116821289,40.79999923706055,-0.00545460005218454,-0.008405293010376257,0.030123753254513125,-2.94000244140625
2009-03-18,62.222694396972656,93.08999633789062,58.302268981933594,40.060001373291016,0.037187520794539894,0.03331270158240966,0.022137369538556592,-0.7399978637695312
2009-03-19,62.300209045410156,94.3499984741211,57.58015823364258,43.68000030517578,0.0012449863648676665,0.013444527853073575,-0.012462978425442816,3.6199989318847656
2009-03-20,61.954402923583984,93.58999633789062,56.35403823852539,45.88999938964844,-0.005566103489367386,-0.008087754602137932,-0.02152413182288402,2.2099990844726562
2009-03-23,61.417842864990234,92.08000183105469,60.401893615722656,43.22999954223633,-0.00869828441847391,-0.016265716740780103,0.06936655427960553,-2.6599998474121094
2009-03-24,62.00212860107422,90.94999694824219,59.211769104003906,42.93000030517578,0.009468323387158943,-0.012347912889209464,-0.019900131139141797,-0.2999992370605469
2009-03-25,61.167503356933594,91.9800033569336,59.83622360229492,42.25,-0.013552659138232814,0.011261327198225552,0.010490898860519737,-0.6800003051757812
2009-03-26,61.87696075439453,91.93000030517578,61.05570983886719,40.36000061035156,0.011531851753771197,-0.0005437774128025601,0.020175500013091156,-1.8899993896484375
2009-03-27,62.33602523803711,90.69000244140625,59.95376968383789,41.040000915527344,0.007391603544281626,-0.013580296815494405,-0.018212963476502975,0.6800003051757812
2009-03-30,62.574432373046875,89.9800033569336,57.882076263427734,45.540000915527344,0.003817253239856735,-0.00785966365924459,-0.03516598697812502,4.5
2009-03-31,63.0216178894043,90.27999877929688,58.41838073730469,44.13999938964844,0.007121042502924903,0.00332847770745487,0.009222805983982894,-1.4000015258789062
2009-04-01,63.59674072265625,91.02999877929688,59.549713134765625,42.279998779296875,0.009084413900069381,0.008273170679264967,0.01918089960650442,-1.8600006103515625
2009-04-02,62.81952667236328,88.80000305175781,61.29081726074219,42.040000915527344,-0.012296263116403607,-0.02480242474253235,0.0288185531597903,-0.23999786376953125
2009-04-03,61.53401565551758,87.58999633789062,61.90054702758789,39.70000076293945,-0.020675837418698256,-0.013719889999443402,0.009898985197655035,-2.3400001525878906
2009-04-06,61.27096939086914,85.2699966430664,61.41569519042969,40.93000030517578,-0.004283973762853843,-0.02684414097964916,-0.007863592449458978,1.2299995422363281
2009-04-07,61.42644500732422,86.73999786376953,59.9831657409668,40.38999938964844,0.0025342946374448793,0.017092460393572564,-0.02360147261051865,-0.5400009155273438
2009-04-08,61.97050857543945,86.61000061035156,60.62961959838867,38.849998474121094,0.00881816086773835,-0.0014998243891666274,0.010719594044846665,-1.5400009155273438
2009-04-09,61.19329071044922,86.30999755859375,63.03924560546875,36.529998779296875,-0.012621049146678352,-0.003469851444995191,0.038973932644035515,-2.3199996948242188
2009-04-13,61.755287170410156,87.87999725341797,63.053955078125,37.810001373291016,0.009142039441229603,0.01802677831754674,0.00023331111659042686,1.2800025939941406
2009-04-14,62.07814407348633,87.37000274658203,61.96669006347656,37.66999816894531,0.005214385669003797,-0.00582021051641387,-0.01739380604617034,-0.14000320434570312
2009-04-15,61.97050857543945,87.5,62.62785720825195,36.16999816894531,-0.0017353759635550176,0.0014867876173518325,0.010613198818031631,-1.5
2009-04-16,61.480262756347656,85.80999755859375,63.5461311340332,35.790000915527344,-0.007942411228971779,-0.019503271995841835,0.01455593424730036,-0.37999725341796875
2009-04-17,60.80466079711914,85.22000122070312,63.972232818603516,33.939998626708984,-0.011049748630656967,-0.006899358971822021,0.006683010309465711,-1.8500022888183594
2009-04-20,61.72542953491211,86.94999694824219,61.29081726074219,39.18000030517578,0.015029550173930466,0.020097043306539473,-0.042819095271777345,5.240001678466797
2009-04-21,61.11552810668945,86.88999938964844,62.488258361816406,37.13999938964844,-0.009930017667519084,-0.0006902618757463332,0.019348641149216767,-2.0400009155273438
2009-04-22,60.74483108520508,87.37999725341797,62.106231689453125,38.099998474121094,-0.006083982804302244,0.0056234482639747705,-0.006132339711013064,0.9599990844726562
2009-04-23,60.73884582519531,88.80000305175781,62.716007232666016,37.150001525878906,-9.853603655775058e-05,0.016120292274093014,0.009770380650955278,-0.9499969482421875
2009-04-24,60.12899398803711,89.72000122070312,63.663692474365234,36.81999969482422,-0.01009130325182463,0.010307038892938492,0.014997709402718015,-0.3300018310546875
2009-04-27,60.38613510131836,89.01000213623047,63.0612907409668,38.31999969482422,0.004267372992020587,-0.007944976286971623,-0.009507300859488501,1.5
2009-04-28,59.39962387084961,87.75,62.862911224365234,37.95000076293945,-0.016471633079187902,-0.014256884624757573,-0.003150779240552725,-0.3699989318847656
2009-04-29,58.87346649169922,88.33000183105469,64.20000457763672,36.08000183105469,-0.008897389060734853,0.0065879591407686485,0.02104693887369515,-1.8699989318847656
2009-04-30,58.640323638916016,87.2699966430664,64.22201538085938,36.5,-0.003967928502965958,-0.012073098777590854,0.00034278861904358946,0.4199981689453125
2009-05-01,58.23674011230469,86.94999694824219,64.56731414794922,35.29999923706055,-0.0069061476688237165,-0.0036735170067088633,0.005362239181381095,-1.2000007629394531
2009-05-04,58.4285888671875,88.63999938964844,66.76387786865234,34.529998779296875,0.0032888764724181324,0.019250010410794313,0.03345387401596987,-0.7700004577636719
2009-05-05,58.356624603271484,88.25,66.53611755371094,33.36000061035156,-0.001232420969849314,-0.004409520299832408,-0.003417262481704221,-1.1699981689453125
2009-05-06,58.218692779541016,89.54000091552734,67.68949127197266,32.45000076293945,-0.002366399529395089,0.01451176722419934,0.017186021602302228,-0.9099998474121094
2009-05-07,56.79740905761719,89.44000244140625,66.74919128417969,33.439998626708984,-0.024715775444715708,-0.0011174263342352655,-0.013988761321507415,0.9899978637695312
2009-05-08,56.93540573120117,89.9800033569336,68.30659484863281,32.04999923706055,0.002426682950908466,0.006019424017208001,0.023064137382266137,-1.3899993896484375
2009-05-11,57.74494171142578,89.69000244140625,67.02833557128906,32.869998931884766,0.014118363698371661,-0.0032281533701712588,-0.018890870036010313,0.8199996948242188
2009-05-12,57.95485305786133,90.69999694824219,66.82998657226562,31.799999237060547,0.003628555731997561,0.011198016123960024,-0.002963568361200506,-1.0699996948242188
2009-05-13,58.58452224731445,91.08999633789062,65.14766693115234,33.650001525878906,0.010806224338058328,0.004290665079152016,-0.02549538839631975,1.8500022888183594
2009-05-14,58.81243896484375,91.02999877929688,65.70598602294922,31.3700008392334,0.00388284332957614,-0.0006588794462207963,0.008533540597695793,-2.280000686645508
2009-05-15,58.794403076171875,91.55000305175781,65.16969299316406,33.119998931884766,-0.0003067149580800112,0.005696195347549881,-0.008195503328766217,1.7499980926513672
2009-05-18,57.88291549682617,90.36000061035156,67.02101135253906,30.239999771118164,-0.01562439269669624,-0.013083606100380167,0.02801164303293674,-2.8799991607666016
2009-05-19,57.577030181884766,90.95999908447266,66.94017028808594,28.799999237060547,-0.005298565295209744,0.006618141022648309,-0.0012069328334731802,-1.4400005340576172
2009-05-20,58.182743072509766,92.25,66.49205017089844,29.030000686645508,0.01046509338492818,0.014082443543520349,-0.006716845457978894,0.23000144958496094
2009-05-21,56.71946334838867,93.8499984741211,65.53703308105469,31.350000381469727,-0.025471379226336185,0.017195463853182144,-0.01446702079465843,2.3199996948242188
2009-05-22,56.08976745605469,94.1500015258789,65.39740753173828,32.630001068115234,-0.01116402315715873,0.0031915245362349074,-0.002132755928670136,1.2800006866455078
2009-05-26,55.244232177734375,93.76000213623047,67.07242584228516,30.6200008392334,-0.015189457629070428,-0.004150922697323314,0.025290400780557137,-2.010000228881836
2009-05-27,54.2667350769043,93.44999694824219,65.87496948242188,32.36000061035156,-0.017852514444743988,-0.00331184736774341,-0.01801447467405303,1.739999771118164
2009-05-28,55.05234146118164,94.23999786376953,66.79322814941406,31.670000076293945,0.014372970088519475,0.00841819599030902,0.013843156798558976,-0.6900005340576172
2009-05-29,56.473594665527344,96.19999694824219,67.97603607177734,28.920000076293945,0.02548878223827135,0.020584628713310075,0.017553531960668108,-2.75
2009-06-01,54.80401611328125,95.7300033569336,69.62162780761719,30.040000915527344,-0.030009699849904047,-0.004897561923661561,0.023920031075957054,1.1200008392333984
2009-06-02,55.09883499145508,96.36000061035156,69.68035125732422,29.6299991607666,0.005365094397243328,0.006559420055802069,0.0008431101062563538,-0.4100017547607422
2009-06-03,55.61623001098633,94.41000366210938,68.798828125,31.020000457763672,0.009346492927908939,-0.02044414554689964,-0.012731661810543452,1.3900012969970703
2009-06-04,54.46708679199219,96.2300033569336,69.44529724121094,30.18000030517578,-0.0208784581651758,0.01909415571894292,0.009352640870844453,-0.8400001525878906
2009-06-05,54.051998138427734,93.70999908447266,69.45996856689453,29.6200008392334,-0.007650095431870047,-0.02653629688685098,0.00021124218225702346,-0.5599994659423828
2009-06-08,53.91360092163086,93.55999755859375,69.17346954345703,29.770000457763672,-0.0025637294435535323,-0.0016019817445124753,-0.004133193769190228,0.14999961853027344
2009-06-09,53.90756607055664,93.83000183105469,69.52608489990234,28.270000457763672,-0.00011194186167472501,0.0028817381951294313,0.005084603444418807,-1.5
2009-06-10,53.05921936035156,93.86000061035156,69.34978485107422,28.459999084472656,-0.015862204223279597,0.00031966305250262516,-0.0025389600634210833,0.18999862670898438
2009-06-11,53.648895263671875,93.69999694824219,69.6583251953125,28.110000610351562,0.011052241113902357,-0.0017061601941360273,0.0044391776971501274,-0.34999847412109375
2009-06-12,54.130184173583984,92.16999816894531,69.84932708740234,28.149999618530273,0.008931085913148507,-0.016463478535408964,0.0027382298864232096,0.03999900817871094
2009-06-15,54.61749267578125,91.0999984741211,68.2478256225586,30.809999465942383,0.008962246883895453,-0.011676890623094857,-0.023194877428426186,2.6599998474121094
2009-06-16,55.56813049316406,91.93000030517578,67.32218933105469,32.68000030517578,0.0172556342320012,0.009069633678898644,-0.013655684496132092,1.8700008392333984
2009-06-17,55.255271911621094,92.3499984741211,67.25608825683594,31.540000915527344,-0.005646089289283464,0.0045582689271499,-0.0009823439669334154,-1.1399993896484375
2009-06-18,54.41896438598633,91.61000061035156,67.74828338623047,30.030000686645508,-0.015251051912549978,-0.008045247432850396,0.007291575881834036,-1.510000228881836
2009-06-19,55.16502380371094,91.9000015258789,67.99796295166016,27.989999771118164,0.013616422564370066,0.003160603275712481,0.0036786261679678566,-2.0400009155273438
2009-06-22,55.70050048828125,90.54000091552734,65.95893859863281,31.170000076293945,0.009660006607402086,-0.01490929384566157,-0.030445342163615344,3.1800003051757812
2009-06-23,56.356266021728516,90.91999816894531,66.01063537597656,30.579999923706055,0.011704300239947257,0.004188226725490046,0.000783465134138512,-0.5900001525878906
2009-06-24,55.790733337402344,91.44999694824219,66.57952880859375,29.049999237060547,-0.010085646185704386,0.0058123626209368685,0.008581283945860456,-1.5300006866455078
2009-06-25,56.813533782958984,92.30999755859375,68.02755737304688,26.360000610351562,0.01816678179779822,0.00936011008805884,0.021515723517714278,-2.6899986267089844
2009-06-26,56.90977096557617,92.29000091552734,67.8502197265625,25.93000030517578,0.001692479932807193,-0.00021664835655369304,-0.0026102538760858942,-0.43000030517578125
2009-06-29,56.99403762817383,92.04000091552734,68.48558044433594,25.350000381469727,0.0014796112441085724,-0.002712528083375162,0.009320593954578026,-0.5799999237060547
2009-06-30,56.89777374267578,91.18000030517578,67.93152618408203,26.350000381469727,-0.0016904447696992901,-0.009387696981969475,-0.008122988684560264,1.0
2009-07-01,56.784881591796875,92.38999938964844,68.21222686767578,26.219999313354492,-0.0019860934397772233,0.013183162944147444,0.0041235984032449,-0.13000106811523438
2009-07-02,56.917659759521484,91.25,66.35050201416016,27.950000762939453,0.002335536681983524,-0.012415748613801528,-0.027672501464225206,1.730001449584961
2009-07-06,56.808998107910156,90.76000213623047,66.34310913085938,29.0,-0.001910927248106114,-0.005384309013824143,-0.00011142787123862554,1.0499992370605469
2009-07-07,57.18929672241211,90.70999908447266,65.05763244628906,30.850000381469727,0.00667203006584571,-0.0005510889148283001,-0.01956636895910308,1.8500003814697266
2009-07-08,58.245574951171875,89.2699966430664,65.01327514648438,31.299999237060547,0.01830136241769601,-0.01600214694695305,-0.0006820480051251451,0.4499988555908203
2009-07-09,57.55143737792969,89.51000213623047,65.13887786865234,29.780000686645508,-0.011989012042089985,0.0026849271616822263,0.0019300911779027911,-1.519998550415039
2009-07-10,58.08256149291992,89.58000183105469,64.9837417602539,29.020000457763672,0.009186361368937588,0.000781726470917072,-0.0023844614002557648,-0.7600002288818359
2009-07-13,57.75664138793945,90.19000244140625,66.56470489501953,26.309999465942383,-0.005627127205372263,0.006786482027611023,0.02403736869511357,-2.710000991821289
2009-07-14,56.79694366455078,90.80999755859375,66.94152069091797,25.020000457763672,-0.016755829621530296,0.00685080156975785,0.005644932209793503,-1.289999008178711
2009-07-15,55.336299896240234,92.23999786376953,68.89933013916016,25.889999389648438,-0.026053404722681608,0.01562446798435957,0.028827043005763837,0.8699989318847656
2009-07-16,55.9338264465332,91.9800033569336,68.7884521484375,25.420000076293945,0.010740210580347334,-0.0028226541932032975,-0.001610571582286555,-0.4699993133544922
2009-07-17,55.070701599121094,91.93000030517578,69.54206848144531,24.34000015258789,-0.015551478088155676,-0.0005437774128025601,0.010895987168968118,-1.0799999237060547
2009-07-20,55.36044692993164,93.27999877929688,70.28081512451172,24.399999618530273,0.005247541106929186,0.014578288320425086,0.010566990153799319,0.05999946594238281
2009-07-21,56.4649543762207,93.12999725341797,70.60589599609375,23.8700008392334,0.019754784741151013,-0.0016093724740910249,0.004614792210204317,-0.529998779296875
2009-07-22,55.95796203613281,93.44000244140625,70.59114074707031,23.469999313354492,-0.009019438265068134,0.003323208166328789,-0.00020900224845348217,-0.40000152587890625
2009-07-23,54.93190002441406,93.26000213623047,72.14996337890625,23.43000030517578,-0.01850649423090287,-0.0019282309216242279,0.0218421261945859,-0.03999900817871094
2009-07-24,55.197471618652344,93.41000366210938,72.44549560546875,23.09000015258789,0.004822911545806609,0.0016071308030831514,0.004087716725721841,-0.3400001525878906
2009-07-27,54.56370544433594,93.70999908447266,72.65974426269531,24.280000686645508,-0.0115482219595248,0.003206452276499924,0.002953012766646267,1.1900005340576172
2009-07-28,55.04658889770508,92.11000061035156,72.31990814208984,25.010000228881836,0.008810971273211642,-0.0172213757394612,-0.004688061219293661,0.7299995422363281
2009-07-29,55.34837341308594,91.19999694824219,72.14259338378906,25.610000610351562,0.0054673738875975686,-0.009928658008449049,-0.0024548217768855574,0.6000003814697266
2009-07-30,56.13302993774414,91.62000274658203,72.89611053466797,25.399999618530273,0.014077136790586694,0.004594754818541675,0.010390660010284653,-0.21000099182128906
2009-07-31,57.225494384765625,93.3499984741211,72.99956512451172,25.920000076293945,0.01927509689973184,0.018706235205377633,0.0014181997748197697,0.5200004577636719
2009-08-03,56.358272552490234,93.87000274658203,74.20378112792969,25.559999465942383,-0.015270468794649305,0.005555021966375179,0.016361623540247238,-0.3600006103515625
2009-08-04,55.91009521484375,94.68000030517578,74.39588928222656,24.889999389648438,-0.00798407828190808,0.00859191226069412,0.002585581257220233,-0.6700000762939453
2009-08-05,55.074432373046875,94.77999877929688,74.181640625,24.899999618530273,-0.015059371839669397,0.001055615791092795,-0.0028840001023122414,0.010000228881835938
2009-08-06,55.262107849121094,94.5999984741211,73.79747009277344,25.670000076293945,0.00340187677971379,-0.0019009437320754224,-0.005192238194224427,0.7700004577636719
2009-08-07,54.80183792114258,93.75,74.7652816772461,24.760000228881836,-0.008363730880641507,-0.009025795077514111,0.013029178097054221,-0.9099998474121094
2009-08-10,55.4861946105957,92.93000030517578,74.6101303100586,24.989999771118164,0.012410511956458382,-0.008785139997340487,-0.0020773354987593047,0.22999954223632812
2009-08-11,56.128108978271484,92.79000091552734,73.67926788330078,25.989999771118164,0.01150249429544653,-0.0015076396214322287,-0.012554837571004195,1.0
2009-08-12,55.52859878540039,92.94999694824219,74.46975708007812,25.450000762939453,-0.01073855688548916,0.0017227961034532154,0.010671642273192273,-0.5399990081787109
2009-08-13,56.31587219238281,93.72000122070312,75.03862762451172,24.709999084472656,0.014078235660179492,0.008249945329395655,0.007609918211208701,-0.7400016784667969
2009-08-14,56.53389358520508,93.0,74.46234130859375,24.270000457763672,0.003863927631107281,-0.007712133511340266,-0.007709504150985638,-0.4399986267089844
2009-08-17,57.36966323852539,91.61000061035156,72.63017272949219,27.889999389648438,0.014675303847722126,-0.015059050463639348,-0.0249130739671899,3.6199989318847656
2009-08-18,57.03654479980469,92.05999755859375,73.20643615722656,26.18000030517578,-0.005823449371154558,0.0049000691797493594,0.007902904920580366,-1.7099990844726562
2009-08-19,57.508941650390625,92.52999877929688,73.84919738769531,26.260000228881836,0.008248243443854029,0.0050923911990607956,0.008741798028881996,0.07999992370605469
2009-08-20,57.98133850097656,92.2699966430664,74.6101303100586,25.09000015258789,0.008180766113959665,-0.002813877859599588,0.010251152255316472,-1.1700000762939453
2009-08-21,56.788265228271484,93.6500015258789,76.07290649414062,25.010000228881836,-0.020791502501657524,0.014845419974691357,0.01941588340013024,-0.07999992370605469
2009-08-24,57.8177604675293,92.33999633789062,76.06551361083984,25.139999389648438,0.017966296714944083,-0.014087067763647543,-9.718627683263283e-05,0.12999916076660156
2009-08-25,58.14485168457031,92.76000213623047,76.21329498291016,24.920000076293945,0.005641336952224666,0.0045381579971108974,0.0019409321602755927,-0.2199993133544922
2009-08-26,58.411312103271484,92.79000091552734,76.22069549560547,24.950000762939453,0.004572231519029124,0.00032334981476544154,9.709793305142404e-05,0.030000686645507812
2009-08-27,58.181190490722656,93.19000244140625,76.39061737060547,24.68000030517578,-0.0039474564187186685,0.004301560763973328,0.0022268590975006402,-0.2700004577636719
2009-08-28,58.44762420654297,93.87000274658203,76.37582397460938,24.760000228881836,0.004568925440889625,0.007270429612602234,-0.00019367337370782678,0.07999992370605469
2009-08-31,58.50214385986328,93.4000015258789,75.6961669921875,26.010000228881836,0.0009323602461328484,-0.005019514036492951,-0.008938680995476721,1.25
2009-09-01,58.36061096191406,93.9000015258789,74.0264663696289,29.149999618530273,-0.002422208296628812,0.005339040892428647,-0.022304842071358803,3.1399993896484375
2009-09-02,59.21115493774414,96.19000244140625,73.74576568603516,28.899999618530273,0.01446875969522768,0.024095025081346855,-0.0037991037599690576,-0.25
2009-09-03,58.846614837646484,97.45999908447266,74.35892486572266,27.100000381469727,-0.006175641965395226,0.013116600475876481,0.008280125100779287,-1.7999992370605469
2009-09-04,57.84418487548828,97.52999877929688,75.40060424804688,25.260000228881836,-0.017181382324396543,0.000717982446260517,0.013911584635829961,-1.8400001525878906
2009-09-08,57.4371223449707,97.43000030517578,76.05076599121094,25.6200008392334,-0.007062102818344463,-0.0010258358982360054,0.008585801978224322,0.3600006103515625
2009-09-09,57.370269775390625,97.08000183105469,76.63442993164062,24.31999969482422,-0.0011646040538229568,-0.003598774849809519,0.007645361816575237,-1.3000011444091797
2009-09-10,58.427398681640625,97.69999694824219,77.41754150390625,23.549999237060547,0.018258714342581122,0.006366128093033135,0.010166936658950115,-0.7700004577636719
2009-09-11,58.74945068359375,98.77999877929688,77.40277862548828,24.149999618530273,0.005496867591376222,0.010993614941952026,-0.00019070982995481885,0.6000003814697266
2009-09-14,58.16611099243164,97.95999908447266,77.7795181274414,23.860000610351562,-0.009978903124037245,-0.008335920016645862,0.0048554538756745945,-0.28999900817871094
2009-09-15,57.868492126464844,98.9000015258789,78.10460662841797,23.420000076293945,-0.005129840765198716,0.009550031319132289,0.004170905443614363,-0.4400005340576172
2009-09-16,57.97175598144531,99.91000366210938,79.28665161132812,23.690000534057617,0.0017828670780690736,0.010160563341840068,0.015020747921390527,0.2700004577636719
2009-09-17,58.70079803466797,99.33999633789062,79.16846466064453,23.649999618530273,0.012497395777885435,-0.0057215445842040275,-0.001491740694537435,-0.04000091552734375
2009-09-18,58.17829132080078,98.66999816894531,79.21893310546875,23.920000076293945,-0.008941038086515531,-0.0067673425030896645,0.0006372785618561531,0.2700004577636719
2009-09-21,58.31196594238281,98.36000061035156,79.0185317993164,24.059999465942383,0.002295036227006856,-0.003146706758441258,-0.0025329199177392026,0.1399993896484375
2009-09-22,58.433467864990234,99.66999816894531,79.47872161865234,23.079999923706055,0.0020814855453100698,0.013230487054918885,0.005806928543690454,-0.9799995422363281
2009-09-23,58.60969924926758,98.83000183105469,78.81806945800781,23.489999771118164,0.0030113935191907444,-0.008463489692784069,-0.008347054819822291,0.4099998474121094
2009-09-24,58.77976608276367,97.55000305175781,77.94963073730469,24.950000762939453,0.002897482359199814,-0.013036122562252067,-0.011079420100751412,1.460000991821289
2009-09-25,59.52706527709961,97.0,77.53385925292969,25.610000610351562,0.012633406287412385,-0.00565411984977392,-0.005348123783519452,0.6599998474121094
2009-09-28,60.049564361572266,97.05000305175781,78.92201232910156,24.8799991607666,0.008739206172321603,0.000515362556847874,0.017745444635439214,-0.7300014495849609
2009-09-29,59.9948616027832,97.43000030517578,78.68450164794922,25.190000534057617,-0.00091137530353426,0.0039078335092760045,-0.0030139726456116355,0.3100013732910156
2009-09-30,59.94020462036133,98.8499984741211,78.38013458251953,25.610000610351562,-0.0009114429653783343,0.014469359610812447,-0.0038756967032997696,0.4200000762939453
2009-10-01,60.76115036010742,97.88999938964844,76.43527221679688,28.270000457763672,0.013603134764876627,-0.00975914114205605,-0.025126241959607613,2.6599998474121094
2009-10-02,60.3405647277832,98.37000274658203,76.0789794921875,28.68000030517578,-0.0069460176187071945,0.00489151440733444,-0.004672263329805603,0.4099998474121094
2009-10-05,60.34672927856445,99.81999969482422,77.21472930908203,26.84000015258789,0.00010215741163753758,0.014632653538604653,0.014818228458542321,-1.8400001525878906
2009-10-06,59.74942398071289,102.27999877929688,78.32073974609375,25.700000762939453,-0.009947199918616293,0.02434557750386831,0.014222210361559831,-1.1399993896484375
2009-10-07,60.450279235839844,102.36000061035156,78.53602600097656,24.68000030517578,0.011661646061162417,0.0007818787663110404,0.0027450061084750934,-1.0200004577636719
2009-10-08,59.81644821166992,103.63999938964844,79.13728332519531,24.18000030517578,-0.010540519493046753,0.012427332550376955,0.007626658451907486,-0.5
2009-10-09,58.44526290893555,102.83999633789062,79.6197738647461,23.1200008392334,-0.02319003739438669,-0.007749003016846714,0.006078369473726148,-1.0599994659423828
2009-10-12,58.53664016723633,103.55999755859375,79.93157196044922,23.010000228881836,0.0015622463728597485,0.006976784520624898,0.003908440771928739,-0.1100006103515625
2009-10-13,58.84137725830078,104.26000213623047,79.76825714111328,22.989999771118164,0.00519241647492174,0.006736668520876528,-0.002045273024842427,-0.020000457763671875
2009-10-14,57.96979522705078,104.18000030517578,81.14151000976562,22.860000610351562,-0.014923199346288276,-0.0007676245830555696,0.017069022402010466,-0.12999916076660156
2009-10-15,57.70170593261719,102.86000061035156,81.43843078613281,21.719999313354492,-0.004635364316586525,-0.01275132896577922,0.003652616737714405,-1.1400012969970703
2009-10-16,58.17098617553711,103.18000030517578,80.8297119140625,21.43000030517578,0.008099972481029186,0.0031061924936279916,-0.0075026646307265465,-0.28999900817871094
2009-10-19,58.62807846069336,104.2300033569336,81.49783325195312,21.489999771118164,0.007827025329735027,0.010124989184004255,0.008231814385114597,0.05999946594238281
2009-10-20,58.944984436035156,103.41999816894531,81.06725311279297,20.899999618530273,0.005390805257511306,-0.0078016786951705126,-0.005297338508440873,-0.5900001525878906
2009-10-21,58.591522216796875,103.75,80.33977508544922,22.219999313354492,-0.006014527653259515,0.0031858098477671078,-0.009014266126008261,1.3199996948242188
2009-10-22,58.30504608154297,103.91999816894531,81.15634155273438,20.690000534057617,-0.004901370723463396,0.001637195631687369,0.010112607573577626,-1.529998779296875
2009-10-23,57.866302490234375,103.48999786376953,80.22845458984375,22.270000457763672,-0.007553423158366744,-0.004146385704315989,-0.011499189634874344,1.5799999237060547
2009-10-26,57.11668014526367,101.86000061035156,79.35995483398438,24.309999465942383,-0.013039024530723932,-0.015875641589657388,-0.010884353483820698,2.039999008178711
2009-10-27,57.89675521850586,101.8499984741211,78.99624633789062,24.829999923706055,0.01356514624134002,-9.819975733603636e-05,-0.0045935572203177275,0.5200004577636719
2009-10-28,58.17098617553711,100.7300033569336,77.50420379638672,27.90999984741211,0.004725369237227318,-0.011057424410540882,-0.01906815920566625,3.0799999237060547
2009-10-29,57.53718185424805,102.69000244140625,79.1669921875,24.760000228881836,-0.010955331350074097,0.019271061704086094,0.02122726921798747,-3.1499996185302734
2009-10-30,58.37209701538086,102.52999877929688,76.87321472167969,30.690000534057617,0.014406605058671276,-0.0015593382085453942,-0.02940194391583901,5.930000305175781
2009-11-02,58.114078521728516,103.94999694824219,77.43738555908203,29.780000686645508,-0.0044300349708410805,0.01375455816989644,0.007312178815050688,-0.9099998474121094
2009-11-03,57.533267974853516,106.45999908447266,77.68234252929688,28.809999465942383,-0.01004459588249529,0.023859334198798456,0.0031582981333310193,-0.970001220703125
2009-11-04,57.007423400878906,107.0999984741211,77.8827896118164,27.719999313354492,-0.009181859512081253,0.005993644061587079,0.002577019550485816,-1.0900001525878906
2009-11-05,57.007423400878906,106.9800033569336,79.31546783447266,25.43000030517578,0.0,-0.001121030724287651,0.01822816505602525,-2.289999008178711
2009-11-06,57.06247329711914,107.43000030517578,79.52328491210938,24.190000534057617,0.0009651959387620521,0.004197543036965226,0.00261670647273175,-1.239999771118164
2009-11-09,57.12974548339844,108.19000244140625,81.33453369140625,23.149999618530273,0.0011782272869392978,0.0070494877462507185,0.022520824265059726,-1.0400009155273438
2009-11-10,57.025779724121094,108.38999938964844,81.34933471679688,22.84000015258789,-0.0018214762331115054,0.001846864931193741,0.00018196057883644254,-0.3099994659423828
2009-11-11,57.26424789428711,109.5999984741211,81.76504516601562,23.040000915527344,0.004173041536478562,0.011101532395072736,0.0050971759764139295,0.20000076293945312
2009-11-12,57.16032409667969,108.20999908447266,80.93365478515625,24.239999771118164,-0.001816459950412908,-0.012763585468758788,-0.010220089252984448,1.1999988555908203
2009-11-13,57.423194885253906,109.73999786376953,81.37162780761719,23.360000610351562,0.004588290743409769,0.014040137041637483,0.0053969171985476915,-0.8799991607666016
2009-11-16,58.09574890136719,111.62999725341797,82.5519027709961,22.889999389648438,0.011644178749842604,0.01707589425776357,0.014400560503807423,-0.470001220703125
2009-11-17,58.4075927734375,111.97000122070312,82.64838409423828,22.40999984741211,0.005353402097242755,0.0030411827518562703,0.0011680528653124904,-0.4799995422363281
2009-11-18,58.06517028808594,112.25,82.5964126586914,21.6299991607666,-0.005879889218745671,0.0024975374482029953,-0.0006290235853926549,-0.7800006866455078
2009-11-19,58.16913604736328,112.30000305175781,81.52007293701172,22.6299991607666,0.0017889002013385998,0.0004453622970806544,-0.013116965674457231,1.0
2009-11-20,58.15682601928711,112.94000244140625,81.23057556152344,22.190000534057617,-0.00021164713196298636,0.005682836942088943,-0.003557561011129927,-0.4399986267089844
2009-11-23,58.08353805541992,114.29000091552734,82.26237487792969,21.15999984741211,-0.001260972884273831,0.011882360058537005,0.012622110155223885,-1.0300006866455078
2009-11-24,58.45037078857422,114.7300033569336,82.38858032226562,20.469999313354492,0.006295745992797209,0.0038424851504036766,0.001533006217897151,-0.6900005340576172
2009-11-25,58.719383239746094,116.62000274658203,82.6780776977539,20.479999542236328,0.004591849254642411,0.016339238275087858,0.0035076456479082654,0.010000228881835938
2009-11-27,58.93949508666992,115.05999755859375,81.33453369140625,24.739999771118164,0.00374152986726196,-0.013467099128963782,-0.016383789619983262,4.260000228881836
2009-11-30,59.080108642578125,115.63999938964844,81.60913848876953,24.510000228881836,0.0023828858596430203,0.005028201653515722,0.0033705519663629526,-0.22999954223632812
2009-12-01,58.4220085144043,117.37999725341797,82.61866760253906,21.920000076293945,-0.011201619603329613,0.014934599861011129,0.012294408040065775,-2.5900001525878906
2009-12-02,58.47108840942383,119.18000030517578,82.5815658569336,21.1200008392334,0.0008397398853350991,0.015218446148337,-0.00044917304839481217,-0.7999992370605469
2009-12-03,57.86385726928711,118.69999694824219,81.93578338623047,22.459999084472656,-0.01043945396400189,-0.004035681973678308,-0.0078506709531243,1.3399982452392578
2009-12-04,57.25046920776367,113.75,82.40343475341797,21.25,-0.010657124716127248,-0.04259621807472385,0.005691308925387219,-1.2099990844726562
2009-12-07,57.324058532714844,113.11000061035156,82.27723693847656,22.100000381469727,0.0012845671114103804,-0.005642255891681633,-0.0015326369311934886,0.8500003814697266
2009-12-08,57.409950256347656,110.94999694824219,81.36418151855469,23.690000534057617,0.0014972324349975304,-0.019281180066479105,-0.011159337334101481,1.5900001525878906
2009-12-09,57.146209716796875,110.83999633789062,81.66851043701172,22.65999984741211,-0.004604571340375225,-0.0009919349177228208,0.0037333527194162073,-1.0300006866455078
2009-12-10,56.489906311035156,110.81999969482422,82.1287841796875,22.31999969482422,-0.011551093545106781,-0.00018042626976952085,0.005620055633178237,-0.3400001525878906
2009-12-11,56.48377227783203,109.31999969482422,82.47766876220703,21.59000015258789,-0.00010859225415637869,-0.013627902417121703,0.004239020994842961,-0.7299995422363281
2009-12-14,56.551246643066406,110.23999786376953,83.04181671142578,21.149999618530273,0.0011938667130397334,0.008380429619065604,0.006816721694818007,-0.4400005340576172
2009-12-15,56.29977798461914,110.20999908447266,82.65580749511719,21.489999771118164,-0.004456655586330328,-0.000272159491016775,-0.004659208802235313,0.3400001525878906
2009-12-16,56.23228073120117,111.58999633789062,82.78201293945312,20.540000915527344,-0.0011996094674286027,0.012443778983734818,0.0015257148394028858,-0.9499988555908203
2009-12-17,57.15848922729492,107.33999633789062,81.78730773925781,22.510000228881836,0.016336939883599515,-0.03883007474829872,-0.012088733303454724,1.9699993133544922
2009-12-18,56.913143157958984,108.94999694824219,82.25001525878906,21.68000030517578,-0.00430162070144905,0.014887700748231638,0.005641505704603409,-0.8299999237060547
2009-12-21,55.901092529296875,106.94999694824219,83.08586120605469,20.489999771118164,-0.01794237709533817,-0.018527626386022195,0.010110970298233938,-1.1900005340576172
2009-12-22,55.58829116821289,106.16999816894531,83.38441467285156,19.540000915527344,-0.005611335742948601,-0.007319841214939189,0.0035868720143694363,-0.9499988555908203
2009-12-23,55.600555419921875,106.55000305175781,83.54859924316406,19.709999084472656,0.00022060219410596394,0.0035728214071417724,0.0019670719338479334,0.1699981689453125
2009-12-24,55.02402877807617,108.36000061035156,83.94412231445312,19.469999313354492,-0.010423214074281598,0.016844635663340383,0.004722877541279977,-0.23999977111816406
2009-12-28,54.87068176269531,108.55000305175781,84.12322998046875,19.93000030517578,-0.0027908006519281356,0.0017519015886225233,0.0021313804421130194,0.46000099182128906
2009-12-29,55.23260498046875,107.47000122070312,84.00384521484375,20.010000228881836,0.0065742727948820716,-0.009999174226535323,-0.001420173229705298,0.07999992370605469
2009-12-30,55.595767974853516,106.93000030517578,83.97398376464844,19.959999084472656,0.00655363395715816,-0.005037332589067185,-0.00035554037924275986,-0.05000114440917969
2009-12-31,55.33107376098633,107.30999755859375,83.16796875,21.68000030517578,-0.0047724195896013755,0.0035474015655265327,-0.009644751070022245,1.720001220703125
2010-01-04,55.28185272216797,109.80000305175781,84.5784912109375,20.040000915527344,-0.0008899690774319483,0.022938737681147854,0.016817710568457215,-1.6399993896484375
2010-01-05,55.63887023925781,109.69999694824219,84.8023681640625,19.350000381469727,0.006437367886700108,-0.0009112174071558337,0.0026434755889349106,-0.6900005340576172
2010-01-06,54.89404296875,111.51000213623047,84.86204528808594,19.15999984741211,-0.013477226335342466,0.016364952672508887,0.0007034725228496422,-0.1900005340576172
2010-01-07,54.986427307128906,110.81999969482422,85.2203140258789,19.059999465942383,0.001681542860449803,-0.006207031449163178,0.004212891555961036,-0.10000038146972656
2010-01-08,54.9617805480957,111.37000274658203,85.50392150878906,18.1299991607666,-0.00044833399155532995,0.00495075538137829,0.0033224075410594354,-0.9300003051757812
2010-01-11,54.660179138183594,112.8499984741211,85.62328338623047,17.549999237060547,-0.005502586740413449,0.013201473675458084,0.0013950078466088208,-0.5799999237060547
2010-01-12,55.595767974853516,110.48999786376953,84.82479095458984,18.25,0.01697162498719479,-0.02113448995131151,-0.009369402101740051,0.7000007629394531
2010-01-13,54.94941711425781,111.54000091552734,85.54120635986328,17.850000381469727,-0.01169400957186903,0.009458279378539308,0.00841035933790636,-0.39999961853027344
2010-01-14,55.718868255615234,112.02999877929688,85.7725830078125,17.6299991607666,0.01390576420024095,0.004383402504944763,0.002701204491360195,-0.220001220703125
2010-01-15,56.063629150390625,110.86000061035156,84.80984497070312,17.90999984741211,0.006168443109531381,-0.010498532177150062,-0.011287777653098933,0.2800006866455078
2010-01-19,55.903526306152344,111.5199966430664,85.86956024169922,17.579999923706055,-0.0028598199660096408,0.005935767413319545,0.012417771049473591,-0.3299999237060547
2010-01-20,56.46986389160156,108.94000244140625,84.99640655517578,18.68000030517578,0.010079652832539003,-0.023406622544498178,-0.010220423686094974,1.1000003814697266
2010-01-21,56.72834014892578,107.37000274658203,83.36197662353516,22.270000457763672,0.004566798718038564,-0.01451645533950801,-0.019416690156657517,3.5900001525878906
2010-01-22,56.629878997802734,107.16999816894531,81.50373077392578,27.309999465942383,-0.0017371687139256641,-0.0018644973871885428,-0.02254349405225121,5.039999008178711
2010-01-25,56.37133026123047,107.4800033569336,81.92164611816406,25.40999984741211,-0.004576042848366429,0.002888473341000015,0.005114459738882999,-1.8999996185302734
2010-01-26,56.38978576660156,107.55999755859375,81.5783462524414,24.549999237060547,0.0003273381141658198,0.0007439937221865503,-0.004199393103937563,-0.8600006103515625
2010-01-27,56.359004974365234,106.52999877929688,81.96643829345703,23.139999389648438,-0.0005460066187627492,-0.009622184538243794,0.004746012177179757,-1.4099998474121094
2010-01-28,56.3282356262207,106.4800033569336,81.0261001586914,23.729999542236328,-0.0005461017368999076,-0.0004694185510533905,-0.011538547427671837,0.5900001525878906
2010-01-29,56.82069396972656,105.95999908447266,80.14543914794922,24.6200008392334,0.00870465950972027,-0.004895549849721357,-0.010928353469999262,0.8900012969970703
2010-02-01,56.304901123046875,108.3499984741211,81.39179992675781,22.59000015258789,-0.009119004775796222,0.022305058135940522,0.015431556452810559,-2.030000686645508
2010-02-02,56.465484619140625,109.12999725341797,82.37686920166016,21.479999542236328,0.0028479747333911326,0.007173093057516182,0.012030154002347578,-1.1100006103515625
2010-02-03,55.81070327758789,108.69999694824219,81.96643829345703,21.600000381469727,-0.011663893781755296,-0.003948040904900219,-0.0049948095574870455,0.12000083923339844
2010-02-04,56.69403839111328,104.37000274658203,79.43647766113281,26.079999923706055,0.015703396188263257,-0.0406494619043355,-0.03135219523766808,4.479999542236328
2010-02-05,56.81764221191406,104.68000030517578,79.60063934326172,26.110000610351562,0.002177817630703816,0.0029657764294868027,0.0020644456278497945,0.030000686645507812
2010-02-08,56.8917236328125,104.04000091552734,79.0259780883789,26.510000228881836,0.0013029961222521935,-0.006132631197052165,-0.007245489794718029,0.39999961853027344
2010-02-09,56.32345199584961,105.41000366210938,80.0185775756836,26.0,-0.010038873433453855,0.01308209362845793,0.01248219243721895,-0.5100002288818359
2010-02-10,55.78601837158203,105.12000274658203,79.86186981201172,25.399999618530273,-0.009587731338790227,-0.002754962144308314,-0.001960312426137256,-0.6000003814697266
2010-02-11,55.48331832885742,107.12999725341797,80.69769287109375,23.959999084472656,-0.005440866251869613,0.018940443772260875,0.010411470924315951,-1.4400005340576172
2010-02-12,55.7119026184082,107.04000091552734,80.6305160522461,22.729999542236328,0.00411141071705617,-0.0008404197035730865,-0.0008327969817371019,-1.2299995422363281
2010-02-16,55.81692123413086,109.62000274658203,81.89926147460938,22.25,0.0018832557025834588,0.023817259740401706,0.015612784486781947,-0.4799995422363281
2010-02-17,55.18070983886719,109.25,82.2873306274414,21.719999313354492,-0.011463638573341003,-0.00338103069775341,0.004727181075148759,-0.5300006866455078
2010-02-18,54.95825958251953,109.9800033569336,82.77245330810547,20.6299991607666,-0.004039452339098498,0.006659727627096444,0.005878162032666709,-1.0900001525878906
2010-02-19,55.2547492980957,109.47000122070312,82.94409942626953,20.020000457763672,0.005380316422069431,-0.004648011335301192,0.0020715634825249143,-0.6099987030029297
2010-02-22,55.0262451171875,109.06999969482422,82.9590072631836,19.940000534057617,-0.004144041484748981,-0.003660675124824127,0.0001797173935035217,-0.07999992370605469
2010-02-23,55.88485336303711,107.88999938964844,81.9515151977539,21.3700008392334,0.015483128563280265,-0.010877691236587123,-0.012218803083910237,1.4300003051757812
2010-02-24,56.02074432373047,107.36000061035156,82.70526885986328,20.270000457763672,0.0024286725650530614,-0.0049245049976189585,0.009155516204251741,-1.1000003814697266
2010-02-25,56.33576583862305,108.30999755859375,82.59331512451172,20.100000381469727,0.0056075493963693365,0.008809784398268496,-0.001354563962632278,-0.1700000762939453
2010-02-26,56.62606430053711,109.43000030517578,82.64555358886719,19.5,0.00513977333105442,0.010287614912394953,0.0006322781861498484,-0.6000003814697266
2010-03-01,56.60133361816406,109.43000030517578,83.50379180908203,19.260000228881836,-0.00043683213110782724,0.0,0.010331016970943912,-0.23999977111816406
2010-03-02,56.52694320678711,111.0199966430664,83.73514556884766,19.059999465942383,-0.001315151687749102,0.01442525680569016,0.002766746918811902,-0.20000076293945312
2010-03-03,56.38441848754883,111.62999725341797,83.80978393554688,18.829999923706055,-0.002524543018449828,0.0054794713974865225,0.0008909654485809838,-0.22999954223632812
2010-03-04,56.681884765625,110.83000183105469,84.06352996826172,18.719999313354492,0.005261814631566035,-0.007192294113451878,0.0030230680512770293,-0.1100006103515625
2010-03-05,55.93827438354492,110.80999755859375,85.26507568359375,17.420000076293945,-0.013205827347868885,-0.0001805113929827648,0.014192119260747383,-1.2999992370605469
2010-03-08,55.64704513549805,109.87999725341797,85.27997589111328,17.790000915527344,-0.005219860651217989,-0.008428164684993255,0.00017473632239530703,0.37000083923339844
2010-03-09,55.65941619873047,109.72000122070312,85.42176055908203,17.920000076293945,0.00022228832243996135,-0.0014571590358533955,0.0016611981052180266,0.12999916076660156
2010-03-10,55.51689910888672,108.47000122070312,85.80242919921875,18.56999969482422,-0.002563804485051528,-0.011458028889065516,0.004446442618329415,0.6499996185302734
2010-03-11,55.721405029296875,108.5999984741211,86.1606216430664,18.059999465942383,0.0036769016284057036,0.0011977451434267712,0.004165929368290571,-0.5100002288818359
2010-03-12,56.068424224853516,107.94999694824219,86.16809844970703,17.579999923706055,0.006208441546399139,-0.006003264758673447,8.677377330126938e-05,-0.4799995422363281
2010-03-15,55.99406433105469,108.36000061035156,86.19049835205078,18.0,-0.0013271149993334943,0.0037908941588112085,0.00025992207972814173,0.4200000762939453
2010-03-16,56.44017791748047,110.4000015258789,86.87710571289062,17.690000534057617,0.00793558828013674,0.018651124814839434,0.007934598353316492,-0.3099994659423828
2010-03-17,56.681884765625,109.58999633789062,87.39202880859375,16.90999984741211,0.004273387706090398,-0.007364051605517102,0.00590953292621829,-0.7800006866455078
2010-03-18,56.49599075317383,110.33999633789062,87.34724426269531,16.6200008392334,-0.003284991501507321,0.006820378596121279,-0.0005125870800749874,-0.28999900817871094
2010-03-19,56.551734924316406,108.27999877929688,86.9051284790039,16.969999313354492,0.000986206052825678,-0.018846021182444456,-0.005074441460278228,0.34999847412109375
2010-03-22,56.613677978515625,107.75,87.36973571777344,16.8700008392334,0.0010947348451541916,-0.004906724488664302,0.0053319030442052304,-0.09999847412109375
2010-03-23,56.34722900390625,108.31999969482422,87.98421478271484,16.350000381469727,-0.004717551866134461,0.005276077362753657,0.007008471475951023,-0.5200004577636719
2010-03-24,55.318607330322266,106.30000305175781,87.55707550048828,17.549999237060547,-0.01842373286129933,-0.018824492289792633,-0.0048665487708636265,1.1999988555908203
2010-03-25,54.965370178222656,106.77999877929688,87.41471862792969,18.399999618530273,-0.006405977877266761,0.004505317583276473,-0.0016271983113443612,0.8500003814697266
2010-03-26,55.120269775390625,108.58999633789062,87.36225128173828,17.770000457763672,0.002814167214924297,0.016808656864527635,-0.0006003920058186552,-0.6299991607666016
2010-03-29,54.90959548950195,108.75,87.91681671142578,17.59000015258789,-0.003829406549424044,0.0014723814641710547,0.006327820959988059,-0.18000030517578125
2010-03-30,55.083133697509766,107.97000122070312,87.97674560546875,17.1299991607666,0.003155451333591793,-0.007198247903797274,0.00068142228257258,-0.46000099182128906
2010-03-31,55.46111297607422,108.94999694824219,87.67699432373047,17.59000015258789,0.006838542266554259,0.009035611315005328,-0.0034129825283407585,0.46000099182128906
2010-04-01,55.32551193237305,110.26000213623047,88.2764892578125,17.469999313354492,-0.002447968994986317,0.011952199156018703,0.00681426979036399,-0.12000083923339844
2010-04-05,54.40500259399414,110.88999938964844,88.99588775634766,17.020000457763672,-0.016778029995421263,0.005697480924987118,0.00811635134424691,-0.4499988555908203
2010-04-06,54.492061614990234,111.02999877929688,89.20571899414062,16.229999542236328,0.001598923537123683,0.0012617106108131124,0.0023549881350197932,-0.7900009155273438
2010-04-07,55.18870544433594,112.48999786376953,88.69613647460938,16.6200008392334,0.012703288212173012,0.013063885742510774,-0.005728820667664445,0.3900012969970703
2010-04-08,55.213584899902344,112.6500015258789,89.00334167480469,16.479999542236328,0.0004507054321063733,0.001421370609229975,0.003457584788036118,-0.1400012969970703
2010-04-09,55.34423065185547,113.63999938964844,89.58789825439453,16.139999389648438,0.0023633935260508067,0.008749871191504223,0.006546330798653234,-0.3400001525878906
2010-04-12,55.636512756347656,113.01000213623047,89.73027038574219,15.579999923706055,0.0052672701817528785,-0.00555922233998455,0.0015879278975850653,-0.5599994659423828
2010-04-13,55.81692123413086,112.69000244140625,89.79772186279297,16.200000762939453,0.0032373813688847805,-0.0028356216460236707,0.0007514313437123699,0.6200008392333984
2010-04-14,55.42503356933594,113.02999877929688,90.81688690185547,15.59000015258789,-0.007045710166832882,0.003012551773767293,0.011285641435463227,-0.6100006103515625
2010-04-15,55.48725891113281,113.6500015258789,90.8918228149414,15.890000343322754,0.0011220640550089812,0.005470304321850955,0.0008247916949149078,0.3000001907348633
2010-04-16,55.891563415527344,111.23999786376953,89.44552612304688,18.360000610351562,0.0072600207433333955,-0.021433553562709227,-0.016040245795153233,2.4700002670288086
2010-04-19,55.754695892333984,111.1500015258789,89.78271484375,17.34000015258789,-0.0024518079263058565,-0.0008093560236553409,0.0037626784339743883,-1.0200004577636719
2010-04-20,55.95372772216797,111.45999908447266,90.58456420898438,15.729999542236328,0.0035634204476657767,0.0027851197891251185,0.008891353820202928,-1.6100006103515625
2010-04-21,56.414058685302734,112.30999755859375,90.4197006225586,16.31999969482422,0.00819333641867716,0.007597109309406448,-0.0018216546684117494,0.5900001525878906
2010-04-22,56.24604034423828,111.83999633789062,90.68949127197266,16.469999313354492,-0.002982750185390024,-0.004193637495525288,0.0029793170203499778,0.14999961853027344
2010-04-23,56.047000885009766,113.19000244140625,91.28147888183594,16.6200008392334,-0.003545004489942413,0.011998598472109824,0.006506419103771194,0.15000152587890625
2010-04-26,56.10924530029297,112.75,90.93677520751953,17.469999313354492,0.0011099590756780573,-0.0038948658306392175,-0.0037834199127926957,0.8499984741210938
2010-04-27,56.89912414550781,114.62999725341797,88.78607177734375,22.809999465942383,0.013979348828197641,0.016536547783718297,-0.02393469876571886,5.340000152587891
2010-04-28,56.414058685302734,114.30999755859375,89.46051025390625,21.079999923706055,-0.008561553228543002,-0.002795491486585349,0.007567513356802894,-1.7299995422363281
2010-04-29,56.65032196044922,114.27999877929688,90.56957244873047,18.440000534057617,0.004179275872472402,-0.00026246799903482677,0.012321010005099319,-2.6399993896484375
2010-04-30,57.30345916748047,115.36000061035156,89.03337097167969,22.049999237060547,0.011463320529132905,0.00940611214659533,-0.017107057511490113,3.6099987030029297
2010-05-03,57.2285270690918,115.7300033569336,90.1873779296875,20.190000534057617,-0.001308492265648129,0.003202242039102839,0.012878228824042241,-1.8599987030029297
2010-05-04,58.25838851928711,114.87000274658203,88.06666564941406,23.84000015258789,0.017835591944418725,-0.007458842798920333,-0.02379539114701785,3.6499996185302734
2010-05-05,58.60167694091797,115.08999633789062,87.5421142578125,24.90999984741211,0.0058752219204085635,0.0019133210932084476,-0.00597410849252307,1.0699996948242188
2010-05-06,60.41173553466797,118.48999786376953,84.63450622558594,32.79999923706055,0.030420070086423726,0.029114151638993547,-0.0337779249159498,7.8899993896484375
2010-05-07,59.656494140625,118.2699966430664,83.37556457519531,40.95000076293945,-0.012580369624723363,-0.0018584329204847005,-0.014986782731257663,8.150001525878906
2010-05-10,58.42063903808594,117.56999969482422,87.04751586914062,28.84000015258789,-0.02093377778780998,-0.005936219595425441,0.04309885324977551,-12.110000610351562
2010-05-11,58.27088928222656,120.66000366210938,86.80023193359375,28.31999969482422,-0.0025665931403938734,0.025942805079309364,-0.0028448352704766033,-0.5200004577636719
2010-05-12,57.827728271484375,121.4000015258789,88.01420593261719,25.520000457763672,-0.00763425392017394,0.006114187831152085,0.013888938793338801,-2.799999237060547
2010-05-13,58.20846176147461,120.55999755859375,86.92011260986328,26.68000030517578,0.0065623467337081924,-0.006943357126726535,-0.012508781557132679,1.1599998474121094
2010-05-14,59.21958541870117,120.37000274658203,85.34642028808594,31.239999771118164,0.01722158669179967,-0.0015771788582184835,-0.01827094414135611,4.559999465942383
2010-05-17,59.001136779785156,119.36000061035156,85.3913803100586,30.84000015258789,-0.0036956107774703028,-0.008426213640485862,0.0005266557593497237,-0.39999961853027344
2010-05-18,59.906192779541016,119.48999786376953,84.22986602783203,33.54999923706055,0.015223173904607062,0.001088526414774818,-0.013695600788617196,2.7099990844726562
2010-05-19,60.105857849121094,116.62999725341797,83.75025177001953,35.31999969482422,0.0033274200841308284,-0.024226160830335432,-0.005710384864482219,1.7700004577636719
2010-05-20,61.37289810180664,115.83999633789062,80.58789825439453,45.790000915527344,0.020861033551680105,-0.006796610129532807,-0.03849068439737615,10.470001220703125
2010-05-21,61.43535614013672,115.22000122070312,81.76441192626953,40.099998474121094,0.0010171636116912076,-0.005366542125113491,0.014493594403245354,-5.69000244140625
2010-05-24,61.22309875488281,116.83999633789062,80.71528625488281,38.31999969482422,-0.0034609533816039755,0.013962091277818433,-0.012914108823223892,-1.779998779296875
2010-05-25,61.522762298583984,117.36000061035156,80.7977523803711,34.61000061035156,0.004882676067017813,0.004440692858806834,0.0010211699730415047,-3.7099990844726562
2010-05-26,61.34794998168945,118.47000122070312,80.31061553955078,35.02000045776367,-0.00284546954437698,0.009413635235164157,-0.006047337350258415,0.4099998474121094
2010-05-27,59.95607376098633,118.69000244140625,83.0008773803711,29.68000030517578,-0.02294956534768673,0.0018552983674487234,0.03294936787329729,-5.340000152587891
2010-05-28,60.23075485229492,118.87999725341797,81.9592514038086,32.06999969482422,0.004570909686615491,0.0015994852276123958,-0.012628988936883478,2.3899993896484375
2010-06-01,60.654056549072266,119.91000366210938,80.58039855957031,35.540000915527344,0.007003417915601286,0.00862693406619541,-0.016966763765569725,3.470001220703125
2010-06-02,60.077919006347656,119.77999877929688,82.67861938476562,30.170000076293945,-0.00954414791057605,-0.0010847752867185415,0.025705610490566643,-5.370000839233398
2010-06-03,59.6395263671875,117.95999908447266,82.96341705322266,29.459999084472656,-0.007323821475571499,-0.01531114045936818,0.003438715862472868,-0.7100009918212891
2010-06-04,61.24277114868164,119.19000244140625,80.04833984375,35.47999954223633,0.026527272061725206,0.01037330279219341,-0.035769052002745265,6.020000457763672
2010-06-07,61.712467193603516,121.48999786376953,79.05166625976562,36.56999969482422,0.007640151586985627,0.019113058305128095,-0.012529058248171129,1.0900001525878906
2010-06-08,61.405582427978516,121.0,79.89847564697266,33.70000076293945,-0.004985221941665469,-0.004041391686318541,0.010655132341327781,-2.8699989318847656
2010-06-09,61.336669921875,120.55999755859375,79.4713134765625,33.72999954223633,-0.0011228816813278406,-0.003643011529050801,-0.0053606545593348175,0.029998779296875
2010-06-10,60.2407341003418,118.97000122070312,81.79439544677734,30.56999969482422,-0.018029098683296177,-0.01327616331865957,0.02881260617061488,-3.1599998474121094
2010-06-11,61.00473403930664,120.01000213623047,82.19158172607422,28.790000915527344,0.012602698685736043,0.008703719694756393,0.004844158785254129,-1.779998779296875
2010-06-14,60.69160461425781,119.5999984741211,82.06416320800781,28.579999923706055,-0.005146089349006915,-0.003422261685440584,-0.0015514652918354954,-0.21000099182128906
2010-06-15,60.441131591796875,120.98999786376953,83.93009185791016,25.8700008392334,-0.004135519221020597,0.011555051138783462,0.022482793118467816,-2.7099990844726562
2010-06-16,60.78560256958008,120.33000183105469,83.90011596679688,25.920000076293945,0.005683101294429862,-0.005469896230116363,-0.00035721687794543243,0.049999237060546875
2010-06-17,61.28035354614258,121.9000015258789,84.03501892089844,25.049999237060547,0.008106333683626989,0.01296306533767651,0.0016066082086905753,-0.8700008392333984
2010-06-18,61.18016815185547,122.83000183105469,84.12614440917969,23.950000762939453,-0.0016362075752923905,0.00760025145353973,0.0010837876641233404,-1.0999984741210938
2010-06-21,61.00473403930664,120.38999938964844,83.88520050048828,24.8799991607666,-0.0028716188327369205,-0.020064832581080997,-0.002868188145248007,0.9299983978271484
2010-06-22,61.73126983642578,121.44999694824219,82.49974060058594,27.049999237060547,0.011839138645708206,0.008766162443343445,-0.01665405430198605,2.1700000762939453
2010-06-23,62.15083312988281,120.94999694824219,82.24378204345703,26.90999984741211,0.006773616004335242,-0.004125418496021565,-0.003107360568422674,-0.1399993896484375
2010-06-24,61.7813720703125,121.30000305175781,80.88096618652344,29.739999771118164,-0.005962326797638181,0.002889629284295153,-0.01670926796473047,2.8299999237060547
2010-06-25,62.0318717956543,122.76000213623047,81.21977996826172,28.530000686645508,0.004046417964935803,0.011964406044451084,0.004180292604055637,-1.2099990844726562
2010-06-28,62.61431884765625,121.08999633789062,80.96375274658203,29.0,0.009345673354503039,-0.01369720662981477,-0.0031572556112549285,0.4699993133544922
2010-06-29,63.29688262939453,121.2699966430664,78.46400451660156,34.130001068115234,0.010842092840901315,0.0014853964638133306,-0.03136157912360402,5.130001068115234
2010-06-30,63.722782135009766,121.68000030517578,77.71858978271484,34.540000915527344,0.006706065592427636,0.0033752134718408188,-0.009545498935915945,0.4099998474121094
2010-07-01,63.82323455810547,117.04000091552734,77.37224578857422,32.86000061035156,0.001575156111804246,-0.03887888592484208,-0.004466344753519571,-1.6800003051757812
2010-07-02,63.314476013183594,118.48999786376953,76.9505844116211,30.1200008392334,-0.008003310084122483,0.012312786265651068,-0.00546467979799783,-2.739999771118164
2010-07-06,63.83583068847656,116.51000213623047,77.45509338378906,29.649999618530273,0.008200650247747202,-0.0168514262328477,0.00653487326079208,-0.470001220703125
2010-07-07,63.08833312988281,117.7300033569336,79.89461517333984,26.84000015258789,-0.011778784722927505,0.010416771036920415,0.031010127714867382,-2.809999465942383
2010-07-08,62.68628692626953,117.20999908447266,80.68522644042969,25.709999084472656,-0.0063931431128405455,-0.004426705679849722,0.009847034939667085,-1.1300010681152344
2010-07-09,62.32819366455078,118.36000061035156,81.28752136230469,24.979999542236328,-0.005728844201098284,0.009763642764658647,0.0074370251303097065,-0.7299995422363281
2010-07-12,62.30309295654297,117.33999633789062,81.34024047851562,24.43000030517578,-0.00040279947399569335,-0.008655160400420137,0.0006483409408196251,-0.5499992370605469
2010-07-13,61.769142150878906,118.36000061035156,82.56754302978516,24.559999465942383,-0.008607148917532488,0.008655160400420107,0.01497580484171945,0.12999916076660156
2010-07-14,62.39103317260742,118.30000305175781,82.5600357055664,24.889999389648438,0.010017644076752728,-0.0005070359076372465,-9.092756378335978e-05,0.3299999237060547
2010-07-15,63.012939453125,118.2300033569336,82.58262634277344,25.139999389648438,0.009918527554379993,-0.0005918885128414277,0.00027358935683537253,0.25
2010-07-16,63.32072448730469,116.66999816894531,80.30872344970703,26.25,0.004872583182246442,-0.013282487126809137,-0.027921072780603125,1.1100006103515625
2010-07-19,62.93131637573242,115.7300033569336,80.78307342529297,25.969999313354492,-0.006168761214077387,-0.008089500274875386,0.005889205481182989,-0.2800006866455078
2010-07-20,63.02545928955078,116.6500015258789,81.67906951904297,23.93000030517578,0.0014948450506420364,0.007918090681685528,0.01103032573624713,-2.039999008178711
2010-07-21,64.09339904785156,115.8499984741211,80.61742401123047,25.639999389648438,0.016802619185323855,-0.0068817738410447155,-0.013082977058336175,1.7099990844726562
2010-07-22,63.35212707519531,116.86000061035156,82.41694641113281,24.6299991607666,-0.011632896885900013,0.00868040464199568,0.022076271150822734,-1.010000228881836
2010-07-23,62.68000411987305,116.08999633789062,83.13224029541016,23.469999313354492,-0.010665999548863186,-0.0066109215447102,0.008641520381566327,-1.1599998474121094
2010-07-26,62.57321548461914,115.5199966430664,83.99810791015625,22.729999542236328,-0.001705164329761218,-0.0049220747193229565,0.010361677229444768,-0.7399997711181641
2010-07-27,61.970184326171875,113.51000213623047,83.99060821533203,23.190000534057617,-0.00968394747511611,-0.01755268849818397,-8.928807841592842e-05,0.46000099182128906
2010-07-28,62.17115783691406,113.77999877929688,83.44852447509766,24.25,0.0032378204201030762,0.002375791006871298,-0.006475017225258345,1.0599994659423828
2010-07-29,62.152347564697266,114.29000091552734,83.04191589355469,24.1299991607666,-0.0003026020268583349,0.004472337326195603,-0.004884477319562165,-0.12000083923339844
2010-07-30,63.11975860595703,115.48999786376953,83.02684020996094,23.5,0.01544526235848321,0.01044484170982206,-0.0001815595418293059,-0.6299991607666016
2010-08-02,62.23369216918945,115.54000091552734,84.90166473388672,22.010000228881836,-0.014137324325202536,0.0004328706471263803,0.02232976975258578,-1.489999771118164
2010-08-03,62.5929069519043,115.98999786376953,84.49507141113281,22.6299991607666,0.005755436370572345,0.0038871637993980568,-0.004800495131450078,0.6199989318847656
2010-08-04,62.1139030456543,116.72000122070312,85.05978393554688,22.209999084472656,-0.007682118754481812,0.006273952596501684,0.0066611435139574925,-0.4200000762939453
2010-08-05,62.40383529663086,116.9800033569336,84.96942138671875,22.100000381469727,0.00465689111941025,0.0022250940386060744,-0.0010629063067637042,-0.10999870300292969
2010-08-06,63.084442138671875,117.83999633789062,84.62305450439453,21.739999771118164,0.01084744375629794,0.007324732365886041,-0.004084702013958531,-0.3600006103515625
2010-08-09,62.85124206542969,117.4000015258789,85.07481384277344,22.139999389648438,-0.0037034831113909525,-0.003740820686149912,0.005324290870443866,0.39999961853027344
2010-08-10,62.983638763427734,117.7300033569336,84.61553955078125,22.3700008392334,0.002104293276727409,0.002806975212677366,-0.0054130998523450975,0.23000144958496094
2010-08-11,63.82810592651367,117.33999633789062,82.29647064208984,25.389999389648438,0.013318634613381118,-0.003318223315611171,-0.027789709671691244,3.019998550415039
2010-08-12,63.67051696777344,118.7699966430664,81.7920150756836,25.729999542236328,-0.0024720116251135543,0.012113149233667235,-0.0061485990739105914,0.3400001525878906
2010-08-13,64.4646224975586,118.73999786376953,81.55110931396484,26.239999771118164,0.012394971433450832,-0.000252610670289372,-0.0029496917888555923,0.5100002288818359
2010-08-16,66.0779037475586,119.7300033569336,81.513427734375,26.100000381469727,0.024717820843981216,0.008303024914577904,-0.00046216769069051816,-0.1399993896484375
2010-08-17,65.69981384277344,119.75,82.51484680175781,24.329999923706055,-0.005738313717746819,0.0001670005247416709,0.012210474230194772,-1.7700004577636719
2010-08-18,65.87630462646484,120.22000122070312,82.6654281616211,24.59000015258789,0.002682719198510834,0.003917171473901901,0.0018232370857856528,0.26000022888183594
2010-08-19,66.90350341796875,120.38999938964844,81.227294921875,26.440000534057617,0.015472522502888816,0.0014130601122222405,-0.017550140426927048,1.8500003814697266
2010-08-20,66.82793426513672,119.97000122070312,80.96375274658203,25.489999771118164,-0.0011301629921097118,-0.0034947461752424026,-0.0032497774818238214,-0.9500007629394531
2010-08-23,66.84052276611328,119.77999877929688,80.65508270263672,25.65999984741211,0.00018835410078592144,-0.00158500505680003,-0.0038197332431943037,0.1700000762939453
2010-08-24,67.91185760498047,120.36000061035156,79.4578857421875,27.459999084472656,0.015901127822312653,0.004830540187787872,-0.014954682109843223,1.7999992370605469
2010-08-25,67.69131469726562,121.36000061035156,79.7666015625,26.700000762939453,-0.0032527720174308737,0.00827408323664724,0.0038777478562886203,-0.7599983215332031
2010-08-26,68.32781982421875,120.95999908447266,79.23199462890625,27.3700008392334,0.009359121057629417,-0.0033014352071624076,-0.006724700230645628,0.6700000762939453
2010-08-27,66.39309692382812,121.01000213623047,80.45928955078125,24.450000762939453,-0.02872391262838507,0.00041329960092031443,0.015371146806401958,-2.9200000762939453
2010-08-30,67.66612243652344,120.91000366210938,79.29222869873047,27.209999084472656,0.018992558443910096,-0.0008267069892494204,-0.014611211555389962,2.759998321533203
2010-08-31,68.41602325439453,122.08000183105469,79.29222869873047,26.049999237060547,0.01102140776820682,0.00963008506090663,0.0,-1.1599998474121094
2010-09-01,67.00141143798828,121.69000244140625,81.66400909423828,23.889999389648438,-0.020893369891835344,-0.003199735123742887,0.029473254560284434,-2.1599998474121094
2010-09-02,66.29351043701172,122.29000091552734,82.42446899414062,23.190000534057617,-0.01062167480132077,0.004918433276591497,0.009268967001835639,-0.6999988555908203
2010-09-03,65.47175598144531,121.86000061035156,83.49365997314453,21.309999465942383,-0.012473167351538037,-0.0035224308588275117,0.012888353863007341,-1.8800010681152344
2010-09-07,66.81177520751953,122.69999694824219,82.55245971679688,23.799999237060547,0.020260497314710257,0.006869477016185955,-0.01133673389608578,2.489999771118164
2010-09-08,66.28085327148438,122.70999908447266,83.13224029541016,23.25,-0.007978274354104739,8.151368239033065e-05,0.006998629868410537,-0.5499992370605469
2010-09-09,64.97245025634766,121.55999755859375,83.51625061035156,22.809999465942383,-0.019937728376350165,-0.00941589256292237,0.004608634528121553,-0.4400005340576172
2010-09-10,64.67535400390625,121.7300033569336,83.93789672851562,21.989999771118164,-0.0045831362001390475,0.0013975570337529687,0.005035969738319364,-0.8199996948242188
2010-09-13,64.99136352539062,121.62000274658203,84.87154388427734,21.209999084472656,0.004874190588682137,-0.0009040527231121419,0.011061664234822587,-0.7800006866455078
2010-09-14,65.61714935302734,124.0199966430664,84.8188247680664,21.559999465942383,0.009582692621782938,0.019541363578779912,-0.0006213566312076777,0.35000038146972656
2010-09-15,64.64375305175781,123.94000244140625,85.1426010131836,22.100000381469727,-0.014945611496592879,-0.0006452186217994567,0.003810001419947201,0.5400009155273438
2010-09-16,64.00530242919922,124.62999725341797,85.12001037597656,21.719999313354492,-0.009925542968836474,0.0055517285681441755,-0.0002653622795431179,-0.3800010681152344
2010-09-17,64.26448822021484,124.54000091552734,85.15178680419922,22.010000228881836,0.004041265561461294,-0.0007223690048194798,0.0003732435919253696,0.29000091552734375
2010-09-20,64.63742065429688,124.87000274658203,86.45377349853516,21.5,0.005786314227053298,0.0026462613270077863,0.015174469584657149,-0.5100002288818359
2010-09-21,65.53499603271484,126.01000213623047,86.2796859741211,22.350000381469727,0.01379078036210126,0.009088067711881243,-0.002015678767600695,0.8500003814697266
2010-09-22,66.12279510498047,126.19999694824219,85.85580444335938,22.510000228881836,0.008929254739790908,0.0015066400907301708,-0.0049249853882063635,0.15999984741210938
2010-09-23,66.31243133544922,126.30000305175781,85.15937805175781,23.8700008392334,0.0028638356300671854,0.0007921275940184022,-0.008144659804486015,1.3600006103515625
2010-09-24,65.42121887207031,126.69000244140625,86.91553497314453,21.709999084472656,-0.013530727477884034,0.003083123365456964,0.020412247976960632,-2.160001754760742
2010-09-27,66.55894470214844,126.72000122070312,86.49921417236328,22.540000915527344,0.017241288125163772,0.00023676081451782575,-0.004801455500793616,0.8300018310546875
2010-09-28,67.01408386230469,127.8499984741211,86.80203247070312,22.600000381469727,0.006814862648907574,0.00887775210309078,0.0034947077692561966,0.05999946594238281
2010-09-29,66.73597717285156,127.94999694824219,86.65061950683594,23.25,-0.004158608797623372,0.0007818489523424245,-0.00174587128649405,0.6499996185302734
2010-09-30,66.69170379638672,127.91000366210938,86.39324951171875,23.700000762939453,-0.0006636310811682914,-0.0003126185129611772,-0.0029746235605180443,0.4500007629394531
2010-10-01,66.36943054199219,128.91000366210938,86.75658416748047,22.5,-0.0048439972521905055,0.0077875946216159906,0.0041967720248116715,-1.2000007629394531
2010-10-04,66.54070281982422,128.4600067138672,86.10560607910156,23.530000686645508,0.0025772658307286565,-0.0034968907693697037,-0.00753179356148565,1.0300006866455078
2010-10-05,66.14098358154297,130.99000549316406,87.83904266357422,21.760000228881836,-0.006025254251666885,0.019503402251400258,0.019931558493528654,-1.7700004577636719
2010-10-06,66.97217559814453,131.80999755859375,87.83148193359375,21.489999771118164,0.012488664905693588,0.0062404468569036255,-8.607852686133068e-05,-0.2700004577636719
2010-10-07,66.41383361816406,130.3699951171875,87.72553253173828,21.559999465942383,-0.008371871148362128,-0.010984948981022643,-0.0012070086181519915,0.06999969482421875
2010-10-08,66.12197875976562,131.66000366210938,88.21753692626953,20.709999084472656,-0.004404173104832975,0.009846345633438466,0.005592782693920298,-0.8500003814697266
2010-10-11,66.13467407226562,132.2899932861328,88.30078887939453,18.959999084472656,0.0001919799460692242,0.004773561868528394,0.0009432670394739045,-1.75
2010-10-12,65.48121643066406,131.9600067138672,88.57331848144531,18.93000030517578,-0.009929849783999932,-0.002497534484728762,0.0030816247984320135,-0.029998779296875
2010-10-13,65.37969207763672,134.07000732421875,89.26217651367188,19.06999969482422,-0.0015516379116366625,0.015863209004852077,0.007747176429633601,0.1399993896484375
2010-10-14,64.40264129638672,134.75,88.91395568847656,19.8799991607666,-0.01505704536336326,0.005059103545827353,-0.0039087308074281825,0.8099994659423828
2010-10-15,63.615901947021484,133.67999267578125,89.09562683105469,19.030000686645508,-0.012291176481131353,-0.007972380291158545,0.0020411396182242534,-0.8499984741210938
2010-10-18,64.12984466552734,134.27999877929688,89.5346908569336,19.09000015258789,0.008046381269580937,0.004478333523156747,0.004915905830184978,0.05999946594238281
2010-10-19,64.51683807373047,130.11000061035156,88.36136627197266,20.6299991607666,0.0060163941626091575,-0.03154691181467764,-0.013191316526222303,1.539999008178711
2010-10-20,64.65638732910156,131.32000732421875,89.22433471679688,19.790000915527344,0.0021606537922313246,0.009256897200788577,0.009718972111998271,-0.8399982452392578
2010-10-21,63.88871765136719,129.47000122070312,89.42112731933594,19.270000457763672,-0.011944115713529477,-0.014187944908196784,0.002203164635671355,-0.5200004577636719
2010-10-22,64.32015991210938,129.72999572753906,89.58766174316406,18.780000686645508,0.006730327845281495,0.0020061311504169905,0.0018606289975442013,-0.48999977111816406
2010-10-25,64.50415802001953,130.85000610351562,89.85258483886719,19.850000381469727,0.002856576087229282,0.008596340971850403,0.0029527744554003693,1.0699996948242188
2010-10-26,63.508052825927734,130.8800048828125,89.86774444580078,20.219999313354492,-0.015562973136080686,0.0002292345407023127,0.0001687021944583164,0.3699989318847656
2010-10-27,62.94974899291992,129.52000427246094,89.61038970947266,20.709999084472656,-0.008829940936065402,-0.01044556780572793,-0.002867813552004486,0.48999977111816406
2010-10-28,63.12104797363281,131.24000549316406,89.6255111694336,20.8799991607666,0.0027175061989381665,0.01319240759250659,0.00016873249078639302,0.1700000762939453
2010-10-29,63.7110710144043,132.6199951171875,89.69361114501953,21.200000762939453,0.00930406748361163,0.010460109173882851,0.0007595395067841886,0.32000160217285156
2010-11-01,63.436737060546875,131.9199981689453,89.72390747070312,21.829999923706055,-0.0043152042289710925,-0.005292194751345636,0.0003377187044529876,0.6299991607666016
2010-11-02,64.27052307128906,132.49000549316406,90.4354476928711,21.56999969482422,0.013057955472008916,0.00431154796969714,0.007899050495942233,-0.26000022888183594
2010-11-03,62.95940017700195,131.57000732421875,90.79882049560547,19.559999465942383,-0.020611020989145235,-0.006968127295408858,0.004009984351029366,-2.010000228881836
2010-11-04,63.44952392578125,136.02999877929688,92.54740905761719,18.520000457763672,0.007754613977596275,0.03333635562596672,0.01907474818580635,-1.039999008178711
2010-11-05,62.361114501953125,136.3800048828125,92.8956527709961,18.260000228881836,-0.017302774897925335,0.00256970222394171,0.003755806437919259,-0.26000022888183594
2010-11-08,62.64120864868164,137.77999877929688,92.72152709960938,18.290000915527344,0.004481430559604198,0.010213058409749015,-0.0018761811011864787,0.030000686645507812
2010-11-09,61.260032653808594,135.58999633789062,92.05537414550781,19.079999923706055,-0.02229571221328496,-0.01602260183973123,-0.007210380038787869,0.7899990081787109
2010-11-10,61.34280014038086,137.24000549316406,92.42633819580078,18.469999313354492,0.001350172704161471,0.012095658550698336,0.0040216945688912225,-0.6100006103515625
2010-11-11,61.31099319458008,137.66000366210938,92.0781021118164,18.639999389648438,-0.0005186459488767574,0.0030556455565671583,-0.0037748305343224767,0.1700000762939453
2010-11-12,60.98003387451172,133.69000244140625,90.98808288574219,20.610000610351562,-0.005412664134200638,-0.029263198316056956,-0.011908612263033377,1.970001220703125
2010-11-15,59.70707321166992,132.4199981689453,90.85939025878906,20.200000762939453,-0.021096004424054317,-0.009545029587657348,-0.0014153911100579185,-0.4099998474121094
2010-11-16,61.190006256103516,130.97000122070312,89.44384002685547,22.579999923706055,0.024533387077167478,-0.011010377007280064,-0.015702206935815345,2.3799991607666016
2010-11-17,60.852684020996094,130.3800048828125,89.4892349243164,21.760000228881836,-0.005527952445810889,-0.004514997714772795,0.0005073952755491799,-0.8199996948242188
2010-11-18,61.10093307495117,132.08999633789062,90.80636596679688,18.75,0.004071210067488844,0.013030179764404218,0.014611055044824602,-3.010000228881836
2010-11-19,61.476444244384766,132.1999969482422,91.0561752319336,18.040000915527344,0.006126943688167398,0.0008324236217627286,0.002747233384130427,-0.7099990844726562
2010-11-22,61.7374267578125,133.47999572753906,90.98046875,18.3700008392334,0.004236258492679561,0.009635717541740217,-0.0008317719404436487,0.3299999237060547
2010-11-23,62.042930603027344,134.41000366210938,89.663330078125,20.6299991607666,0.00493623499017927,0.006943235453942185,-0.014582975143091089,2.259998321533203
2010-11-24,60.935428619384766,134.17999267578125,90.98808288574219,19.559999465942383,-0.018011818214458224,-0.001712729779152155,0.014666661424903958,-1.0699996948242188
2010-11-26,61.78197479248047,133.11000061035156,89.92830657958984,22.219999313354492,0.013796895601773457,-0.008006268905469849,-0.011715781320752069,2.6599998474121094
2010-11-29,62.310218811035156,133.50999450683594,90.20085906982422,21.530000686645508,0.008513786306866491,0.003000481613543358,0.003026191758019734,-0.6899986267089844
2010-11-30,62.63480758666992,135.4199981689453,89.69361114501953,23.540000915527344,0.005195717111678172,0.014204706278409088,-0.005639409243978549,2.010000228881836
2010-12-01,61.24248504638672,135.3800048828125,91.6011962890625,21.360000610351562,-0.022480006536424565,-0.00029537138827830117,0.02104478968412088,-2.1800003051757812
2010-12-02,61.082855224609375,135.1999969482422,92.77449798583984,19.389999389648438,-0.002609923864283004,-0.0013305341112288544,0.012727464319877342,-1.970001220703125
2010-12-03,60.60386657714844,138.07000732421875,93.02430725097656,18.010000228881836,-0.00787252896965789,0.021005714938510268,0.002689031453640451,-1.3799991607666016
2010-12-06,61.45967102050781,139.11000061035156,92.9258804321289,18.020000457763672,0.014022508003257215,0.007504135483824827,-0.001058636501165892,0.010000228881835938
2010-12-07,60.143959045410156,136.5,92.97891235351562,17.989999771118164,-0.021640198067164922,-0.01894037683401103,0.0005705277634919574,-0.030000686645507812
2010-12-08,59.56280517578125,134.7899932861328,93.31954193115234,17.739999771118164,-0.009709700855288937,-0.012606652684668887,0.0036568200045340267,-0.25
2010-12-09,59.85658645629883,135.3699951171875,93.68290710449219,17.25,0.004920170320061227,0.004293772187225958,0.003886212533881339,-0.48999977111816406
2010-12-10,59.49253845214844,135.41000366210938,94.22792053222656,17.610000610351562,-0.006100574821874934,0.00029550591176138747,0.005800782880419971,0.3600006103515625
2010-12-13,59.716041564941406,136.0500030517578,94.28843688964844,17.549999237060547,0.003749786712479531,0.004715247621070945,0.0006420276768364621,-0.060001373291015625
2010-12-14,58.84749221801758,136.17999267578125,94.37169647216797,17.610000610351562,-0.014651467554208524,0.0009549986110493081,0.0008826410375229482,0.060001373291015625
2010-12-15,58.081085205078125,134.6999969482422,93.94024658203125,17.940000534057617,-0.013109164678102312,-0.010927425511095372,-0.004582297204142969,0.3299999237060547
2010-12-16,58.48343276977539,133.80999755859375,94.48529052734375,17.389999389648438,0.006903458609891075,-0.0066291956887806385,0.005785261104809016,-0.5500011444091797
2010-12-17,59.55005645751953,134.1999969482422,94.58648681640625,16.110000610351562,0.018073730257725597,0.002910336725632516,0.0010704537731370217,-1.279998779296875
2010-12-20,59.4862060546875,135.11000061035156,94.81475830078125,16.40999984741211,-0.0010727892090722341,0.006758064192099476,0.002410455060744492,0.2999992370605469
2010-12-21,59.90130615234375,135.32000732421875,95.41592407226562,16.489999771118164,0.006953855771010597,0.001553132048372285,0.006320408098656564,0.07999992370605469
2010-12-22,59.47343063354492,135.0500030517578,95.71269989013672,15.449999809265137,-0.0071686415848775595,-0.001997295201813413,0.003105511359127792,-1.0399999618530273
2010-12-23,59.352020263671875,134.66000366210938,95.57572937011719,16.469999313354492,-0.0020435085447836265,-0.0028919925235061706,-0.0014320839368927687,1.0199995040893555
2010-12-27,59.88212966918945,135.02000427246094,95.61375427246094,17.670000076293945,0.00889196423439774,0.002669836944532674,0.00039777190795908357,1.2000007629394531
2010-12-28,58.70940017700195,137.22000122070312,95.7507553100586,17.520000457763672,-0.0197782712220243,0.0161625389018061,0.0014318335338412917,-0.14999961853027344
2010-12-29,59.70265197753906,137.7100067138672,95.81927490234375,17.280000686645508,0.01677658783157501,0.003564587333997068,0.0007153477517448246,-0.23999977111816406
2010-12-30,59.65781784057617,137.02999877929688,95.6670150756836,17.520000457763672,-0.0007512393196803636,-0.004950202442879679,-0.0015902951461107123,0.23999977111816406
2010-12-31,60.317935943603516,138.72000122070312,95.68987274169922,17.75,0.011004302846067342,0.012257650782176114,0.0002389008975329099,0.22999954223632812
2011-01-03,59.862892150878906,138.0,96.67912292480469,17.610000610351562,-0.007572688165009046,-0.005203836674790001,0.010285013965245612,-0.1399993896484375
2011-01-04,59.93339157104492,134.75,96.6258316040039,17.3799991607666,0.001176988569499383,-0.023832475368098148,-0.0005513704734653117,-0.23000144958496094
2011-01-05,58.61326599121094,134.3699951171875,97.1280517578125,17.020000457763672,-0.022272752012159266,-0.0028240572403502554,0.005184115743749641,-0.3599987030029297
2011-01-06,58.86956787109375,133.8300018310547,96.93782043457031,17.399999618530273,0.004363229555751839,-0.004026801058528414,-0.0019604826136868075,0.37999916076660156
2011-01-07,59.18357849121094,133.5800018310547,96.74759674072266,17.139999389648438,0.005319830438240871,-0.0018697884851869347,-0.0019642547981515803,-0.26000022888183594
2011-01-10,59.50399398803711,134.1199951171875,96.6258316040039,17.540000915527344,0.005399323089134534,0.004034322186689475,-0.001259378331911356,0.40000152587890625
2011-01-11,59.1707763671875,134.91000366210938,96.96826171875,16.889999389648438,-0.005615658585849964,0.005873031403827585,0.0035376128061177024,-0.6500015258789062
2011-01-12,58.70940017700195,135.4600067138672,97.8433609008789,16.239999771118164,-0.00782792424757032,0.004068526754664966,0.00898411559270133,-0.6499996185302734
2011-01-13,59.234832763671875,134.0500030517578,97.68358612060547,16.389999389648438,0.008909906819236127,-0.010463555902437563,-0.0016342997041551071,0.14999961853027344
2011-01-14,58.856746673583984,132.69000244140625,98.39122009277344,15.460000038146973,-0.006403291136424792,-0.01019728850011685,0.007218031302855055,-0.9299993515014648
2011-01-18,58.581180572509766,133.42999267578125,98.55867767333984,15.869999885559082,-0.004692974634207906,0.005561341914815331,0.0017005098537175066,0.4099998474121094
2011-01-19,59.00418472290039,133.72000122070312,97.59223937988281,17.309999465942383,0.007194874533977502,0.0021711298182139015,-0.009854107524313208,1.4399995803833008
2011-01-20,58.19025802612305,131.1999969482422,97.46289825439453,17.989999771118164,-0.013890416038091158,-0.01902521743105847,-0.001326200847762155,0.6800003051757812
2011-01-21,58.65166091918945,131.02999877929688,97.68358612060547,18.469999313354492,0.007897941007092011,-0.0012965579493562846,0.0022617672155026774,0.4799995422363281
2011-01-24,58.67727279663086,130.36000061035156,98.23906707763672,17.649999618530273,0.00043658247010504064,-0.005126436648875738,0.0056704259192236345,-0.8199996948242188
2011-01-25,59.234832763671875,130.10000610351562,98.29232025146484,17.59000015258789,0.009457283797549287,-0.001996426218916223,0.0005419304860680885,-0.05999946594238281
2011-01-26,58.33762741088867,131.16000366210938,98.67278289794922,16.639999389648438,-0.015262464829714424,0.008114547464887574,0.0038632540850402704,-0.9500007629394531
2011-01-27,58.60038757324219,127.93000030517578,98.91632080078125,16.149999618530273,0.004494015134738514,-0.02493473818294468,0.002465095712249851,-0.48999977111816406
2011-01-28,58.90800476074219,130.27999877929688,97.18896484375,20.040000915527344,0.005235675241528687,0.018202729323755898,-0.01761707367030539,3.8900012969970703
2011-01-31,58.45945739746094,129.8699951171875,97.91947937011719,19.530000686645508,-0.007643507643925106,-0.0031520585138855306,0.007488327252504567,-0.5100002288818359
2011-02-01,58.16998291015625,130.8000030517578,99.48701477050781,17.6299991607666,-0.004964013905290894,0.00713554983027548,0.01588162896929703,-1.9000015258789062
2011-02-02,58.18292236328125,130.4499969482422,99.29679870605469,17.299999237060547,0.0002224173629000656,-0.002679474165923171,-0.0019137989073046786,-0.3299999237060547
2011-02-03,57.7005500793457,132.1999969482422,99.5174560546875,16.690000534057617,-0.008325174588016435,0.013325916144528013,0.0022197345909694037,-0.6099987030029297
2011-02-04,57.11527633666992,131.66000366210938,99.79900360107422,15.930000305175781,-0.010195089481567986,-0.004093034478557125,0.0028251327977062146,-0.7600002288818359
2011-02-07,57.411067962646484,131.67999267578125,100.42298889160156,16.280000686645508,0.005165488962132714,0.0001518114527852543,0.006232954760820818,0.35000038146972656
2011-02-08,56.88374328613281,133.13999938964844,100.87955474853516,15.8100004196167,-0.009227512822719957,0.011026520280860727,0.004536123901382439,-0.4700002670288086
2011-02-09,57.37896728515625,133.07000732421875,100.65127563476562,15.869999885559082,0.008668219008449102,-0.0005258409922787546,-0.0022654520002512732,0.05999946594238281
2011-02-10,56.716556549072266,132.85000610351562,100.68932342529297,16.09000015258789,-0.01161164183406191,-0.0016546424472632221,0.00037794454926501684,0.2200002670288086
2011-02-11,57.5333366394043,132.32000732421875,101.29048156738281,15.6899995803833,0.014298376706413752,-0.003997431521033765,0.005952673508586909,-0.40000057220458984
2011-02-14,57.571922302246094,132.9499969482422,101.53398132324219,15.949999809265137,0.0006704413793409533,0.004749808107153751,0.0024010897835012564,0.26000022888183594
2011-02-15,57.82916259765625,133.97000122070312,101.21438598632812,16.3700008392334,0.0044582028271165555,0.007642808665807496,-0.0031526330481705563,0.4200010299682617
2011-02-16,57.642662048339844,134.10000610351562,101.85359191894531,16.719999313354492,-0.003230237541618806,0.0009699324016305088,0.006295508039911845,0.34999847412109375
2011-02-17,57.732669830322266,135.0399932861328,102.15795135498047,16.59000015258789,0.0015602607381750705,0.006985145327737571,0.0029837494188231727,-0.12999916076660156
2011-02-18,57.55262756347656,135.41000366210938,102.37102508544922,16.43000030517578,-0.003123423667836365,0.002736258909305569,0.002083556191011251,-0.15999984741210938
2011-02-22,58.41442108154297,136.2899932861328,100.31647491455078,20.799999237060547,0.014863004498247444,0.006477679138460114,-0.020273776559619896,4.369998931884766
2011-02-23,58.62664794921875,137.50999450683594,99.70010375976562,22.1299991607666,0.0036265407011451633,0.008911682609680623,-0.006163220168600204,1.3299999237060547
2011-02-24,58.999629974365234,136.47999572753906,99.631591796875,21.31999969482422,0.006341835885764208,-0.007518549348772146,-0.0006874166739735307,-0.8099994659423828
2011-02-25,59.34689712524414,137.3800048828125,100.69692993164062,19.219999313354492,0.005868666467564813,0.006572791889415744,0.010636010973992072,-2.1000003814697266
2011-02-28,59.424076080322266,137.66000366210938,101.32087707519531,18.350000381469727,0.0012996267330010638,0.002036059244667372,0.006177169595255603,-0.8699989318847656
2011-03-01,59.596336364746094,140.02999877929688,99.631591796875,21.010000228881836,0.0028946363260654623,0.017069773077460833,-0.01681318056924749,2.6599998474121094
2011-03-02,58.6801872253418,139.9199981689453,99.84469604492188,20.700000762939453,-0.015491957906151689,-0.0007858590263391696,0.0021366382082290488,-0.3099994659423828
2011-03-03,58.105953216552734,138.08999633789062,101.56443786621094,18.600000381469727,-0.009834020276010729,-0.013165197646376121,0.017077513649549493,-2.1000003814697266
2011-03-04,58.58988571166992,139.35000610351562,100.803466796875,19.059999465942383,0.008293959299526501,0.009083177750322635,-0.007520704998882341,0.45999908447265625
2011-03-07,58.215606689453125,139.72000122070312,100.0120620727539,20.65999984741211,-0.0064086079429985935,0.002651630947559652,-0.007881948430454052,1.6000003814697266
2011-03-08,57.86078643798828,139.36000061035156,100.88720703125,19.81999969482422,-0.006113583426365046,-0.00257991119154468,0.008712331289486796,-0.8400001525878906
2011-03-09,58.42210006713867,139.41000366210938,100.74259185791016,20.219999313354492,0.00965435251660745,0.000358740549755809,-0.001434462553990103,0.39999961853027344
2011-03-10,59.40282440185547,137.77000427246094,98.87826538085938,21.8799991607666,0.016647530034610166,-0.011833598965568962,-0.0186792172908284,1.6599998474121094
2011-03-11,59.067317962646484,138.22000122070312,99.5631103515625,20.079999923706055,-0.00566399819325378,0.0032609684267887263,0.006902267101117416,-1.7999992370605469
2011-03-14,59.041500091552734,138.86000061035156,98.96195983886719,21.1299991607666,-0.0004371878735273775,0.004619608225729074,-0.006056185745239333,1.0499992370605469
2011-03-15,59.925418853759766,136.27000427246094,97.828125,24.31999969482422,0.01486018190486523,-0.018827992605934686,-0.011523419856443258,3.190000534057617
2011-03-16,60.602901458740234,136.24000549316406,96.01710510253906,29.399999618530273,0.011242000857154306,-0.0002201664404463368,-0.018685758638195254,5.079999923706055
2011-03-17,60.138328552246094,136.97000122070312,97.28787994384766,26.3700008392334,-0.0076953862251857245,0.005343855984731355,0.013148063902120739,-3.029998779296875
2011-03-18,60.29962921142578,138.3699951171875,97.64170837402344,24.440000534057617,0.002678570088958385,0.010169288734282928,0.0036303243835749625,-1.9300003051757812
2011-03-21,59.944801330566406,139.13999938964844,99.15495300292969,20.610000610351562,-0.005901793691099043,0.005549394715688909,0.015379066328743298,-3.8299999237060547
2011-03-22,60.144798278808594,139.0500030517578,98.81102752685547,20.209999084472656,0.003330798566962198,-0.0006470134817238508,-0.0034745951922249096,-0.40000152587890625
2011-03-23,60.06736373901367,140.33999633789062,99.09379577636719,19.170000076293945,-0.0012882981090276142,0.009234421102419529,0.0028576205189514156,-1.039999008178711
2011-03-24,59.61571502685547,139.22000122070312,100.04149627685547,18.0,-0.00754744715440671,-0.008012599220911064,0.009518228994798374,-1.1700000762939453
2011-03-25,59.467308044433594,139.25999450683594,100.34720611572266,17.90999984741211,-0.002492497342212867,0.0002872255603370287,0.0030511707734803373,-0.09000015258789062
2011-03-28,59.55123519897461,138.5399932861328,100.10263061523438,19.440000534057617,0.0014103208821895068,-0.005183605936138139,-0.0024402676085510107,1.5300006866455078
2011-03-29,59.09305953979492,138.2100067138672,100.77517700195312,18.15999984741211,-0.0077235561613447625,-0.0023847279396549065,0.0066960995607247996,-1.2800006866455078
2011-03-30,59.564109802246094,138.6699981689453,101.47066497802734,17.709999084472656,0.007939726518261997,0.003322680368145147,0.006877676305094039,-0.4500007629394531
2011-03-31,59.44150161743164,139.86000061035156,101.33309173583984,17.739999771118164,-0.0020605453261084952,0.008544930078369888,-0.0013567131646762772,0.030000686645507812
2011-04-01,59.73047637939453,139.1999969482422,101.76103973388672,17.399999618530273,0.004849719425745571,-0.0047302006629672795,0.004214288500814093,-0.3400001525878906
2011-04-04,59.795249938964844,139.83999633789062,101.84513092041016,17.5,0.0010838430839343808,0.004587159742600465,0.000826018101853543,0.10000038146972656
2011-04-05,59.555545806884766,142.0500030517578,101.82982635498047,17.25,-0.004016805298677841,0.01568024406451237,-0.00015028421425226693,-0.25
2011-04-06,58.66144561767578,142.3800048828125,102.15083312988281,16.899999618530273,-0.015126712787716714,0.0023204441860725563,0.003147426238466717,-0.35000038146972656
2011-04-07,58.5447883605957,142.50999450683594,101.8910140991211,17.110000610351562,-0.001990632949166525,0.0009125601693485474,-0.0025467243579505847,0.21000099182128906
2011-04-08,58.23384475708008,143.66000366210938,101.53942108154297,17.8700008392334,-0.005325363554346323,0.008037287998853247,-0.0034566446986829223,0.7600002288818359
2011-04-11,58.28561019897461,142.63999938964844,101.23374938964844,16.59000015258789,0.0008885287923757936,-0.007125452862238653,-0.003014914869883024,-1.2800006866455078
2011-04-12,58.914161682128906,141.61000061035156,100.47712707519531,17.09000015258789,0.010726258241436845,-0.0072471647308646366,-0.007502082945131033,0.5
2011-04-13,59.2834358215332,141.89999389648438,100.46946716308594,16.920000076293945,0.006248440724129175,0.00204573660814561,-7.62382875123542e-05,-0.1700000762939453
2011-04-14,59.238075256347656,143.80999755859375,100.5458755493164,16.270000457763672,-0.0007654402477279552,0.013370425768477334,0.0007602244572917599,-0.6499996185302734
2011-04-15,60.041481018066406,145.0500030517578,100.91275787353516,15.319999694824219,0.013471175387492302,0.008585564685085078,0.003642263660546089,-0.9500007629394531
2011-04-18,60.177555084228516,145.92999267578125,99.78166198730469,16.959999084472656,0.0022637700098903707,0.006048472882944081,-0.011271941323480522,1.6399993896484375
2011-04-19,60.436710357666016,145.92999267578125,100.35485076904297,15.829999923706055,0.004297264030834213,0.0,0.005727993768180893,-1.1299991607666016
2011-04-20,60.0479621887207,146.5,101.72288513183594,15.069999694824219,-0.006453094983176885,0.003898423967414405,0.013539891038675755,-0.7600002288818359
2011-04-21,59.99612045288086,146.74000549316406,102.24256896972656,14.6899995803833,-0.0008637116952684356,0.001636922263399478,0.0050958135508336515,-0.38000011444091797
2011-04-25,60.22287368774414,146.8699951171875,102.13558197021484,15.770000457763672,0.0037723407251270464,0.0008854577994363184,-0.0010469515336362463,1.080000877380371
2011-04-26,60.80598831176758,146.3800048828125,103.01444244384766,15.619999885559082,0.009636034353882874,-0.0033417949897760106,0.008568030665845891,-0.15000057220458984
2011-04-27,60.18398666381836,149.1999969482422,103.68700408935547,15.350000381469727,-0.010281961424222193,0.019081653785337462,0.006507588894963301,-0.26999950408935547
2011-04-28,60.64396286010742,149.82000732421875,104.02326965332031,14.619999885559082,0.007613775126553191,0.004146955091005261,0.0032378355839404556,-0.7300004959106445
2011-04-29,60.831947326660156,152.3699951171875,104.26781463623047,14.75,0.0030950106292467767,0.01687711902897774,0.002348109100347191,0.13000011444091797
2011-05-02,60.92952346801758,150.41000366210938,104.10733795166016,15.989999771118164,0.001602742831673569,-0.012946818420868185,-0.0015402672948654887,1.239999771118164
2011-05-03,61.27437210083008,149.8800048828125,103.73289489746094,16.700000762939453,0.005643838873979384,-0.003529916511002363,-0.003603185525542126,0.7100009918212891
2011-05-04,61.54767990112305,147.72999572753906,103.04501342773438,17.079999923706055,0.004450475251783327,-0.014448752090855678,-0.006653360727416432,0.37999916076660156
2011-05-05,62.133304595947266,143.47000122070312,102.11263275146484,18.200000762939453,0.0094699936907148,-0.029260291794056918,-0.009089469614672918,1.1200008392333984
2011-05-06,61.860015869140625,145.3000030517578,102.56352996826172,18.399999618530273,-0.0044081272816556645,0.01267462896066856,0.004405964429136832,0.1999988555908203
2011-05-09,61.794883728027344,147.3800048828125,102.96095275878906,17.15999984741211,-0.0010534503258483653,0.014213726890232377,0.003867405776699641,-1.239999771118164
2011-05-10,61.35243606567383,147.89999389648438,103.8398666381836,15.90999984741211,-0.007185695423655,0.0035220099792790545,0.008500151729901102,-1.25
2011-05-11,61.70382308959961,146.5399932861328,102.7469711303711,16.950000762939453,0.005711013505494192,-0.009237945533017843,-0.010580593762008294,1.0400009155273438
2011-05-12,61.31343460083008,146.58999633789062,103.2361068725586,16.030000686645508,-0.006346911101884738,0.0003411664040718726,0.004749289760416954,-0.9200000762939453
2011-05-13,61.86651611328125,145.6300048828125,102.44125366210938,17.06999969482422,0.008980117723110392,-0.006570357296572971,-0.0077291653823549225,1.039999008178711
2011-05-16,62.21135711669922,145.3699951171875,101.7916488647461,18.239999771118164,0.0055584752109275855,-0.0017870091740066025,-0.006361433246058376,1.1700000762939453
2011-05-17,62.8489990234375,144.74000549316406,101.7763671875,17.549999237060547,0.010197435094292138,-0.0043431154594507256,-0.0001501382935409339,-0.6900005340576172
2011-05-18,62.01618576049805,145.60000610351562,102.6858139038086,16.229999542236328,-0.013339596844593297,0.005924110292412172,0.008896048249343006,-1.3199996948242188
2011-05-19,61.990116119384766,145.64999389648438,102.93038940429688,15.520000457763672,-0.0004204567203784151,0.0003432638177482088,0.0023789527469096168,-0.7099990844726562
2011-05-20,62.02265930175781,147.49000549316406,102.11263275146484,17.43000030517578,0.0005248359777376055,0.012553972615642393,-0.007976482008444707,1.9099998474121094
2011-05-23,62.321983337402344,147.8300018310547,100.92801666259766,18.270000457763672,0.00481443522543914,0.0023025631834914487,-0.011668890283747468,0.8400001525878906
2011-05-24,62.55623245239258,148.58999633789062,100.84396362304688,17.81999969482422,0.003751645365210835,0.005127833323306366,-0.0008331488276401521,-0.4500007629394531
2011-05-25,62.263389587402344,148.5800018310547,101.18023681640625,17.06999969482422,-0.004692265486892623,-6.726457516765322e-05,0.0033290417998505695,-0.75
2011-05-26,62.79694747924805,148.22000122070312,101.64642333984375,16.09000015258789,0.008532859285450969,-0.0024258812883911256,0.004596904016603713,-0.9799995422363281
2011-05-27,62.770912170410156,149.6999969482422,102.03622436523438,15.979999542236328,-0.0004146811020529666,0.009935606280794308,0.003827537649043729,-0.1100006103515625
2011-05-31,62.914093017578125,149.63999938964844,103.09852600097656,15.449999809265137,0.002278408771089381,-0.00040086563861292825,0.010357203058639748,-0.5299997329711914
2011-06-01,63.764347076416016,149.91000366210938,100.78282165527344,18.299999237060547,0.013424017953680806,0.0018027330517969423,-0.02271717310341989,2.84999942779541
2011-06-02,62.549659729003906,149.5,100.67581939697266,18.09000015258789,-0.019233413982994496,-0.0027387456222016378,-0.0010622752918805721,-0.20999908447265625
2011-06-03,62.90884780883789,150.22000122070312,99.67463684082031,17.950000762939453,0.005726021587279113,0.004804501553227066,-0.009994395907834219,-0.1399993896484375
2011-06-06,62.432151794433594,150.47999572753906,98.61996459960938,18.489999771118164,-0.007606422707454115,0.0017292622165884623,-0.010637527989431819,0.5399990081787109
2011-06-07,62.71947479248047,150.4199981689453,98.55883026123047,18.06999969482422,0.004591606368713268,-0.0003987873752467306,-0.0006200904147016964,-0.4200000762939453
2011-06-08,63.20926284790039,149.80999755859375,98.14614868164062,18.790000915527344,0.007778852299696303,-0.004063560992703724,-0.004195950578172404,0.720001220703125
2011-06-09,62.95458221435547,150.55999755859375,98.89508056640625,17.770000457763672,-0.004037305289115574,0.004993851388959323,0.007601815053642482,-1.0200004577636719
2011-06-10,63.437862396240234,149.24000549316406,97.51945495605469,18.860000610351562,0.007647332696589525,-0.008805874461023683,-0.014007599789606277,1.0900001525878906
2011-06-13,63.11787033081055,147.77000427246094,97.59585571289062,19.610000610351562,-0.00505694590763978,-0.00989874533208827,0.0007831344498666657,0.75
2011-06-14,62.16437530517578,148.6699981689453,98.833984375,18.260000228881836,-0.015221844587551199,0.006072032480570563,0.012606486456678155,-1.3500003814697266
2011-06-15,63.29416275024414,149.1199951171875,97.07613372802734,21.31999969482422,0.01801101788736314,0.003022245884073787,-0.017945962578829546,3.059999465942383
2011-06-16,63.5815315246582,148.97000122070312,97.2901382446289,22.729999542236328,0.004529934081765279,-0.0010063666073081164,0.0022020755032000684,1.4099998474121094
2011-06-17,63.28105926513672,149.94000244140625,97.58050537109375,21.850000381469727,-0.004736980689238464,0.006490278771680714,0.002980103477604183,-0.8799991607666016
2011-06-20,63.35947036743164,150.02999877929688,98.07971954345703,19.989999771118164,0.0012383257167731256,0.0006000356050579211,0.005102879298535694,-1.8600006103515625
2011-06-21,63.078651428222656,150.75999450683594,99.4238052368164,18.860000610351562,-0.00444200525864879,0.004853865999923359,0.013610961576917692,-1.1299991607666016
2011-06-22,63.11787033081055,150.99000549316406,98.82472229003906,18.520000457763672,0.0006215528495371225,0.0015245138749051255,-0.006043775233231762,-0.3400001525878906
2011-06-23,63.60106658935547,148.33999633789062,98.54054260253906,19.290000915527344,0.00762630451609974,-0.01770673421621351,-0.0028797355405326894,0.7700004577636719
2011-06-24,63.33331298828125,146.25999450683594,97.3961181640625,21.100000381469727,-0.004218778223681314,-0.014121089335867159,-0.01168170824390555,1.8099994659423828
2011-06-27,62.46479797363281,145.72999572753906,98.26407623291016,20.559999465942383,-0.013808296609143535,-0.003630257057320092,0.008872154757567823,-0.5400009155273438
2011-06-28,61.9619026184082,146.24000549316406,99.54667663574219,19.170000076293945,-0.008083443363525,0.0034935800405475424,0.012968136049529708,-1.3899993896484375
2011-06-29,61.55055618286133,147.17999267578125,100.3991928100586,17.270000457763672,-0.006660833415161604,0.006407132466265777,0.008527521401899286,-1.8999996185302734
2011-06-30,61.45253372192383,146.0,101.35926055908203,16.520000457763672,-0.001593821452186997,-0.008049656026433037,0.00951707330688182,-0.75
2011-07-01,61.35429382324219,144.92999267578125,102.85696411132812,15.869999885559082,-0.0015999097379336045,-0.0073558050101630275,0.01466808435500607,-0.6500005722045898
2011-07-05,61.49187469482422,147.6300048828125,102.77249908447266,16.059999465942383,0.0022398896239611403,0.018458359922485637,-0.0008215265487080067,0.18999958038330078
2011-07-06,61.80642318725586,148.91000366210938,102.89537811279297,16.34000015258789,0.00510224683096423,0.008632944574224394,0.001194926933811147,0.2800006866455078
2011-07-07,61.622886657714844,149.14999389648438,103.9629898071289,15.949999809265137,-0.0029739559435967393,0.0016103488438778855,0.01032224303460631,-0.3900003433227539
2011-07-08,62.49446487426758,150.25,103.2256088256836,15.949999809265137,0.014044652620752218,0.007348103376555757,-0.007117998766806215,0.0
2011-07-11,63.43149185180664,151.58999633789062,101.35926055908203,18.389999389648438,0.014882464216851111,0.008878910398621733,-0.01824572900790933,2.439999580383301
2011-07-12,63.64775085449219,152.77000427246094,100.92151641845703,19.8700008392334,0.003403533210345524,0.007754066530314864,-0.0043280911859025755,1.480001449584961
2011-07-13,63.82470703125,154.13999938964844,101.25942993164062,19.90999984741211,0.0027763846930112576,0.008927726045871467,0.0033426871713197566,0.03999900817871094
2011-07-14,62.91382598876953,154.5399932861328,100.56050109863281,20.799999237060547,-0.014374424334630763,0.002591642671108347,-0.006926289426506022,0.8899993896484375
2011-07-15,63.018672943115234,155.1999969482422,101.14423370361328,19.530000686645508,0.0016651298030351945,0.004261669024496625,0.005788007259112905,-1.269998550415039
2011-07-18,62.40927505493164,156.57000732421875,100.31473541259766,20.950000762939453,-0.00971717536683052,0.008788653016896502,-0.008234957046769145,1.4200000762939453
2011-07-19,63.70675277709961,154.66000366210938,101.94296264648438,19.209999084472656,0.020576662988630444,-0.012274058243285656,0.01610086957603515,-1.7400016784667969
2011-07-20,62.95316696166992,156.02000427246094,101.88154602050781,19.09000015258789,-0.011899497633548781,0.008755048684885084,-0.0006026422262660229,-0.11999893188476562
2011-07-21,62.468238830566406,154.8300018310547,103.29475402832031,17.559999465942383,-0.007732819520798473,-0.007656478889253896,0.013775766073530865,-1.5300006866455078
2011-07-22,62.9400634765625,156.1199951171875,103.36385345458984,17.520000457763672,0.007524651295880731,0.008297158381419902,0.0006687302279471118,-0.03999900817871094
2011-07-25,62.25202178955078,157.33999633789062,102.78784942626953,19.350000381469727,-0.010991886796335485,0.007784134589571454,-0.0055881714214175765,1.8299999237060547
2011-07-26,62.677940368652344,157.77000427246094,102.40380096435547,20.229999542236328,0.006818544117235485,0.0027292577237113358,-0.003743319083768163,0.8799991607666016
2011-07-27,62.68450927734375,157.19000244140625,100.30704498291016,22.979999542236328,0.0001047986652457304,-0.003683023077966326,-0.020687899096050785,2.75
2011-07-28,62.92038345336914,157.32000732421875,100.01520538330078,23.739999771118164,0.003755816324833581,0.0008267138480823339,-0.0029137033509183566,0.7600002288818359
2011-07-29,64.1654281616211,158.2899932861328,99.33163452148438,25.25,0.019594391024405952,0.006146757162875088,-0.006858132703742802,1.510000228881836
2011-08-01,64.81304168701172,157.72000122070312,98.90921020507812,23.65999984741211,0.010042280213942122,-0.0036074345335545903,-0.004261734824036121,-1.5900001525878906
2011-08-02,66.75909423828125,161.52000427246094,96.38229370117188,24.790000915527344,0.02958368756015491,0.023807683707060965,-0.025879851287228424,1.1300010681152344
2011-08-03,66.89067077636719,161.49000549316406,96.90459442138672,23.3799991607666,0.001968975861352605,-0.00018574519969141986,0.0054044223750292116,-1.4100017547607422
2011-08-04,69.27064514160156,160.63999938964844,92.36541748046875,31.65999984741211,0.03496171829398236,-0.0052774225526159586,-0.047974292922748435,8.280000686645508
2011-08-05,67.27193450927734,161.75,92.22718811035156,32.0,-0.029278096416697378,0.006886100677144776,-0.001497669914916775,0.3400001525878906
2011-08-08,69.39556121826172,167.1199951171875,86.2210693359375,48.0,0.031079777067371896,0.032660154649896335,-0.06734039733065565,16.0
2011-08-09,69.60594940185547,168.61000061035156,90.2302474975586,35.060001373291016,0.003027137522662828,0.00887627137888437,0.045450137311938525,-12.939998626708984
2011-08-10,71.67694091796875,174.5800018310547,86.24411010742188,42.9900016784668,0.029319047231438914,0.03479474038575463,-0.04518294399563173,7.930000305175781
2011-08-11,68.06090545654297,170.75,90.11505126953125,39.0,-0.0517661180473144,-0.022182601344645846,0.04390543640899872,-3.990001678466797
2011-08-12,69.40868377685547,169.97000122070312,90.7218017578125,36.36000061035156,0.019609013369737752,-0.004578540379765363,0.006710499049210144,-2.6399993896484375
2011-08-15,68.7052230834961,171.8000030517578,92.64193725585938,31.8700008392334,-0.010186762398141393,0.010709069242453939,0.020944224834249424,-4.489999771118164
2011-08-16,69.8426513671875,173.9199981689453,91.85082244873047,32.849998474121094,0.016419650503843215,0.0122643855311679,-0.008576159382057177,0.9799976348876953
2011-08-17,71.06556701660156,174.4199981689453,91.91226959228516,31.579999923706055,0.017358055745430763,0.002870760456120654,0.0006687648228201479,-1.269998550415039
2011-08-18,72.52510070800781,177.72000122070312,87.94915771484375,42.66999816894531,0.020329788599760798,0.01874311163551858,-0.04407563642923674,11.089998245239258
2011-08-19,73.11024475097656,179.9499969482422,86.51290893554688,43.04999923706055,0.008035785404585239,0.012469732629723616,-0.016465255221769663,0.3800010681152344
2011-08-22,72.92615509033203,184.58999633789062,86.58206176757812,42.439998626708984,-0.002521148951270617,0.02545811201523618,0.000799016117330544,-0.6100006103515625
2011-08-23,71.92022705078125,177.6699981689453,89.4314956665039,36.27000045776367,-0.013889807907739525,-0.03820924283947076,0.03238026548674981,-6.1699981689453125
2011-08-24,69.87552642822266,171.64999389648438,90.69110107421875,35.900001525878906,-0.02884208184584222,-0.03447040239609572,0.01398631780578494,-0.3699989318847656
2011-08-25,70.63157653808594,172.36000061035156,89.3086166381836,39.7599983215332,0.010761838951249512,0.004127831942992827,-0.015361264325558614,3.859996795654297
2011-08-26,71.3285140991211,177.47000122070312,90.60661315917969,35.59000015258789,0.00981886045876069,0.029216271136055655,0.014429229175391894,-4.1699981689453125
2011-08-29,70.34233856201172,173.88999938964844,93.21027374267578,32.279998779296875,-0.013922291674690042,-0.02037867554084576,0.02833074559480773,-3.3100013732910156
2011-08-30,71.4731674194336,179.10000610351562,93.45608520507812,32.88999938964844,0.015948225378699738,0.029521431261488856,0.0026337001040221044,0.6100006103515625
2011-08-31,70.3686294555664,177.72000122070312,93.87084197998047,31.6200008392334,-0.01557453888885416,-0.007735058209084623,0.004428166936490224,-1.269998550415039
2011-09-01,71.86029052734375,177.8699951171875,92.8876953125,31.81999969482422,0.020976265111968432,0.0008436339994106385,-0.010528629787980014,0.1999988555908203
2011-09-02,74.1948013305664,183.24000549316406,90.51445007324219,33.91999816894531,0.03197026014792714,0.029743880060709684,-0.02588167888166279,2.0999984741210938
2011-09-06,74.96629333496094,182.89999389648438,89.85391235351562,37.0,0.010344505526922962,-0.0018572769704758563,-0.007324351829530726,3.0800018310546875
2011-09-07,73.5353012084961,177.0800018310547,92.38846588134766,33.380001068115234,-0.019273010847234734,-0.032337903821831236,0.027816987283862418,-3.6199989318847656
2011-09-08,74.1948013305664,181.80999755859375,91.42842102050781,34.31999969482422,0.008928505320311792,0.026360554098634244,-0.010445760523161395,0.9399986267089844
2011-09-09,74.986083984375,180.6999969482422,89.03209686279297,38.52000045776367,0.010608464656918353,-0.006123991593192474,-0.026559438583509412,4.200000762939453
2011-09-12,75.06523132324219,176.6699981689453,89.608154296875,38.59000015258789,0.0010549370533025596,-0.022554605449326134,0.006449379992205236,0.06999969482421875
2011-09-13,73.9969482421875,178.5399932861328,90.42993927001953,36.90999984741211,-0.01433363411532236,0.010529052886616642,0.00912907556565879,-1.6800003051757812
2011-09-14,74.62338256835938,177.2100067138672,91.68184661865234,34.599998474121094,0.008430044968701856,-0.007477120273184911,0.013748995581379637,-2.3100013732910156
2011-09-15,73.4825668334961,174.39999389648438,93.26404571533203,31.969999313354492,-0.01540570520511242,-0.015984031396099732,0.01711027670974065,-2.6299991607666016
2011-09-16,74.0167465209961,176.02999877929688,93.81604766845703,30.979999542236328,0.007243179792061776,0.00930295164559379,0.005901253790139578,-0.9899997711181641
2011-09-19,75.42793273925781,173.30999755859375,92.88190460205078,32.72999954223633,0.018886295204147415,-0.015572543748898304,-0.010007082033714573,1.75
2011-09-20,75.74443817138672,175.77999877929688,92.77381134033203,32.86000061035156,0.004187351070661401,0.014151321817653911,-0.0011644486503857613,0.13000106811523438
2011-09-21,78.25037384033203,173.58999633789062,90.04087829589844,37.31999969482422,0.03254858870728113,-0.012537030407863034,-0.02990062408143339,4.459999084472656
2011-09-22,81.19155883789062,169.0500030517578,87.13034057617188,41.349998474121094,0.036897679644444,-0.026501628577849823,-0.03285860543551473,4.029998779296875
2011-09-23,79.68142700195312,159.8000030517578,87.65531921386719,41.25,-0.01877476428849082,-0.0562714947767603,0.006007131443242873,-0.09999847412109375
2011-09-26,78.40200805664062,157.5800018310547,89.7397689819336,39.02000045776367,-0.016186982281323398,-0.013989774992148278,0.023501729733576355,-2.229999542236328
2011-09-27,77.20181274414062,160.6300048828125,90.74340057373047,37.709999084472656,-0.015426602098939911,0.019170336530176878,0.01112172330979495,-1.3100013732910156
2011-09-28,77.17549133300781,156.22000122070312,88.89056396484375,41.08000183105469,-0.0003410010499304344,-0.0278383359714093,-0.020629754791392466,3.3700027465820312
2011-09-29,77.70960235595703,157.6999969482422,89.59308624267578,38.84000015258789,0.006896895335829652,0.009429196621174493,0.007872159774929019,-2.240001678466797
2011-09-30,79.66157531738281,158.05999755859375,87.35419464111328,42.959999084472656,0.02480852088851159,0.0022802177134303657,-0.025307098029054002,4.119998931884766
2011-10-03,81.85385131835938,160.9600067138672,84.86830139160156,45.45000076293945,0.027148003009291023,0.01818123629201861,-0.028870396961448278,2.490001678466797
2011-10-04,80.81597137451172,157.63999938964844,86.72888946533203,40.81999969482422,-0.01276074456054397,-0.02084198016777855,0.021686380566900715,-4.630001068115234
2011-10-05,80.23411560058594,159.4600067138672,88.33467102050781,37.810001373291016,-0.00722580554310299,0.011479200723122179,0.01834564072186896,-3.009998321533203
2011-10-06,78.75318908691406,160.49000549316406,89.9327621459961,36.27000045776367,-0.018630032749272166,0.006438520382399495,0.01792962302295288,-1.5400009155273438
2011-10-07,78.17141723632812,159.17999267578125,89.33062744140625,36.20000076293945,-0.007414700977649146,-0.008196078194995479,-0.0067179023057961345,-0.06999969482421875
2011-10-10,77.0673599243164,163.27000427246094,92.31829833984375,33.02000045776367,-0.01422422860251266,0.025369706940620972,0.03289796884685153,-3.1800003051757812
2011-10-11,76.80948638916016,162.10000610351562,92.4109878540039,32.86000061035156,-0.003351690429628339,-0.007191831911733941,0.0010035173506972065,-0.15999984741210938
2011-10-12,75.69219207763672,163.25999450683594,93.22158813476562,31.260000228881836,-0.014653141057809458,0.00713052198207639,0.00873343946964103,-1.6000003814697266
2011-10-13,76.44586944580078,162.3000030517578,93.03632354736328,30.700000762939453,0.009907889269543767,-0.00589749505275014,-0.0019893345396945635,-0.5599994659423828
2011-10-14,75.3352279663086,163.39999389648438,94.62664794921875,28.239999771118164,-0.014635041146330553,0.006754651748949264,0.01694913450906246,-2.460000991821289
2011-10-17,76.63762664794922,162.6199951171875,92.8201675415039,33.38999938964844,0.017140305362736828,-0.004784984318897891,-0.019275188359028125,5.149999618530273
2011-10-18,76.16159057617188,161.83999633789062,94.6343994140625,31.559999465942383,-0.006230890714753445,-0.004807990522259361,0.019357101303673296,-1.8299999237060547
2011-10-19,76.13514709472656,159.8699951171875,93.5149917602539,34.439998626708984,-0.0003472626152792447,-0.012247215797121397,-0.011899277006730732,2.8799991607666016
2011-10-20,75.5930404663086,157.77000427246094,93.92414093017578,34.779998779296875,-0.007145790691879847,-0.013222651084731378,0.00436568195644269,0.3400001525878906
2011-10-21,74.79308319091797,159.52000427246094,95.7074966430664,31.31999969482422,-0.010638811628892367,0.01103102964708361,0.018809185139265137,-3.4599990844726562
2011-10-24,74.9186782836914,161.02000427246094,96.88096618652344,29.260000228881836,0.0016778257232421317,0.009359274408804371,0.01218644199950003,-2.059999465942383
2011-10-25,76.82270050048828,165.58999633789062,94.99723052978516,32.220001220703125,0.025096940193731786,0.02798622413330745,-0.019635333361123584,2.960000991821289
2011-10-26,75.4806137084961,167.39999389648438,95.96231842041016,29.860000610351562,-0.017624324701586366,0.010871290055837372,0.010107859101474978,-2.3600006103515625
2011-10-27,72.9220962524414,169.5500030517578,99.30510711669922,25.459999084472656,-0.03448415452247091,0.012761764976101417,0.03424140295485022,-4.400001525878906
2011-10-28,73.68898010253906,169.6199951171875,99.28197479248047,24.530000686645508,0.01046156761703038,0.00041272557597136334,-0.00023296907433234087,-0.9299983978271484
2011-10-31,76.61116027832031,167.33999633789062,96.88868713378906,29.959999084472656,0.03888949736836504,-0.013532963163571735,-0.024401267603699435,5.429998397827148
2011-11-01,79.17566680908203,167.3800048828125,94.18661499023438,34.77000045776367,0.032926252680867935,0.00023905679353779965,-0.028284684148253872,4.810001373291016
2011-11-02,78.1881103515625,169.05999755859375,95.72294616699219,32.7400016784668,-0.012551419902621562,0.009986961282971352,0.01617996149053538,-2.029998779296875
2011-11-03,77.1142578125,171.72000122070312,97.46773529052734,30.5,-0.013829404746955324,0.015611583405325672,0.018063361562380573,-2.240001678466797
2011-11-04,77.20704650878906,170.85000610351562,96.87325286865234,30.15999984741211,0.0012025391812098543,-0.005079236179332056,-0.006117950533861854,-0.3400001525878906
2011-11-07,77.69754791259766,174.97999572753906,97.47543334960938,29.850000381469727,0.006332969593286806,0.023885642975553973,0.00619692800344678,-0.3099994659423828
2011-11-08,76.70333099365234,173.52999877929688,98.72608184814453,27.479999542236328,-0.012878562187815782,-0.008321169193389317,0.012748784701055218,-2.3700008392333984
2011-11-09,78.29410552978516,172.07000732421875,95.08216094970703,36.15999984741211,0.02052718328142103,-0.008449074737466438,-0.03760779537751982,8.680000305175781
2011-11-10,77.12750244140625,171.13999938964844,95.97770690917969,32.810001373291016,-0.015012391307584836,-0.0054194819068881525,0.009374574870994253,-3.3499984741210938
2011-11-11,76.65694427490234,173.9600067138672,97.78425598144531,30.040000915527344,-0.0061197298573052745,0.016343494900231577,0.018647637492377793,-2.770000457763672
2011-11-14,77.88976287841797,173.1999969482422,96.85779571533203,31.1299991607666,0.015954332205764546,-0.004378447815266984,-0.009519703010852877,1.0899982452392578
2011-11-15,77.78373718261719,173.36000061035156,97.33644104003906,31.219999313354492,-0.0013621549223616306,0.0009233822403350991,0.004929562297872908,0.09000015258789062
2011-11-16,78.49298095703125,171.50999450683594,95.79241943359375,33.5099983215332,0.009076830539214762,-0.01072881883307553,-0.015989888823737235,2.289999008178711
2011-11-17,79.12263488769531,167.10000610351562,94.27155303955078,34.5099983215332,0.007989782952254696,-0.026049069788272285,-0.016004073110596664,1.0
2011-11-18,79.10277557373047,167.6199951171875,94.17118072509766,32.0,-0.00025102559710494415,0.0031070114130365514,-0.0010652819765454566,-2.509998321533203
2011-11-21,79.57341766357422,163.5,92.38008880615234,32.90999984741211,0.005932124541215678,-0.024886493203201684,-0.01920273135752253,0.9099998474121094
2011-11-22,80.46157836914062,165.30999755859375,92.01725006103516,31.969999313354492,0.011099695019895089,0.011009493958958352,-0.00393540617920511,-0.9400005340576172
2011-11-23,81.25035858154297,164.8300018310547,89.98680877685547,33.97999954223633,0.009755451364614478,-0.002907833444255293,-0.022312969694505736,2.010000228881836
2011-11-25,80.07047271728516,163.39999389648438,89.81694793701172,34.470001220703125,-0.014628078644051913,-0.00871350577932607,-0.0018894031301631491,0.4900016784667969
2011-11-28,80.03075408935547,166.6300048828125,92.41869354248047,32.130001068115234,-0.0004961689493172208,0.019574669781168473,0.028555581939575875,-2.3400001525878906
2011-11-29,79.37456512451172,166.8800048828125,92.68115234375,30.639999389648438,-0.00823300846649881,0.0014992056580314238,0.002835863810763776,-1.4900016784667969
2011-11-30,78.13504791259766,170.1300048828125,96.49495697021484,27.799999237060547,-0.015739265383701694,0.019287858882640098,0.040325614541275305,-2.8400001525878906
2011-12-01,77.74297332763672,169.6300048828125,96.47949981689453,27.40999984741211,-0.0050305412998229455,-0.0029432561018175956,-0.00016019895700929038,-0.3899993896484375
2011-12-02,78.83268737792969,169.82000732421875,96.39457702636719,27.520000457763672,0.013919553524826806,0.0011194724078150643,-0.0008806035254206739,0.1100006103515625
2011-12-05,78.6732177734375,167.32000732421875,97.44457244873047,27.84000015258789,-0.0020249356216735428,-0.014830905352806206,0.010833783527140815,0.31999969482421875
2011-12-06,77.92237091064453,168.17999267578125,97.47543334960938,28.1299991607666,-0.00958970330178938,0.005126600507155191,0.00031665196202290376,0.28999900817871094
2011-12-07,78.20149230957031,169.39999389648438,97.83830261230469,28.670000076293945,0.0035756442423922788,0.007227955332883408,0.0037157620114736897,0.5400009155273438
2011-12-08,79.17825317382812,165.97999572753906,95.69206237792969,30.59000015258789,0.012412949365773772,-0.020395472758271072,-0.02218079036195444,1.9200000762939453
2011-12-09,77.55025482177734,166.39999389648438,97.31329345703125,26.3799991607666,-0.020775504457398234,0.002527218277842403,0.016800251002391124,-4.210000991821289
2011-12-12,78.41409301757812,161.99000549316406,95.89277648925781,25.670000076293945,0.011077493558977585,-0.026859852864766727,-0.014704947574961508,-0.7099990844726562
2011-12-13,79.14503479003906,158.4499969482422,94.99723052978516,25.40999984741211,0.009278383631911424,-0.022095571965698058,-0.009382916829489172,-0.26000022888183594
2011-12-14,80.64009094238281,152.88999938964844,93.98587799072266,26.040000915527344,0.018713879369111536,-0.03572036229643507,-0.01070320201507619,0.6300010681152344
2011-12-15,80.34110260009766,152.3300018310547,94.32557678222656,25.110000610351562,-0.0037145790697020098,-0.0036694724115009882,0.003607843828603787,-0.9300003051757812
2011-12-16,81.27799224853516,155.22999572753906,94.46543884277344,24.290000915527344,0.011593928847992338,0.018858628346003374,0.0014816604028604404,-0.8199996948242188
2011-12-19,82.30789947509766,154.8699951171875,93.45541381835938,24.920000076293945,0.012591805119978917,-0.0023218367153054562,-0.010749576069675882,0.6299991607666016
2011-12-20,80.25471496582031,156.97999572753906,96.28343200683594,23.219999313354492,-0.025261573226041598,0.013532357682449965,0.029811793378705216,-1.7000007629394531
2011-12-21,79.13837432861328,157.16000366210938,96.46986389160156,21.43000030517578,-0.01400761972185806,0.0011460365099759205,0.0019344099101539273,-1.789999008178711
2011-12-22,79.47059631347656,156.0399932861328,97.32447814941406,21.15999984741211,0.004189201523425976,-0.007152076380172022,0.008819863251327597,-0.2700004577636719
2011-12-23,78.58683776855469,156.30999755859375,98.19463348388672,20.729999542236328,-0.011182868556841577,0.0017288576765001683,0.008901033482408855,-0.43000030517578125
2011-12-27,78.96016693115234,154.91000366210938,98.27230834960938,21.90999984741211,0.004739282248894477,-0.008996872529867412,0.0007907169424518682,1.1800003051757812
2011-12-28,80.4200439453125,151.02999877929688,96.9826431274414,23.520000457763672,0.0183199386705405,-0.025365842262780703,-0.013210256307535211,1.6100006103515625
2011-12-29,80.56671905517578,150.33999633789062,97.98486328125,22.649999618530273,0.0018222013750043495,-0.0045791131052559195,0.01028098476541429,-0.8700008392333984
2011-12-30,80.82672119140625,151.99000549316406,97.50314331054688,23.399999618530273,0.003221969378167763,0.010915393959510784,-0.004928393860526025,0.75
2012-01-03,79.61346435546875,155.9199981689453,99.05699920654297,22.969999313354492,-0.015124389929320251,0.025528278105768725,0.015810817448776472,-0.43000030517578125
2012-01-04,78.66683959960938,156.7100067138672,99.21241760253906,22.219999313354492,-0.011961514085183918,0.005053962921992179,0.0015677498862926942,-0.75
2012-01-05,78.52684020996094,157.77999877929688,99.47654724121094,21.479999542236328,-0.0017812348032547269,0.006804643552456634,0.0026587263612763037,-0.7399997711181641
2012-01-06,79.14680480957031,157.1999969482422,99.22014617919922,20.6299991607666,0.007863936861371683,-0.003682789348313295,-0.002580830107589171,-0.8500003814697266
2012-01-09,79.00682067871094,156.5,99.46099090576172,21.06999969482422,-0.0017702302679822133,-0.004462850601680474,0.002424435938587024,0.4400005340576172
2012-01-10,78.87351989746094,158.63999938964844,100.32339477539062,20.690000534057617,-0.0016886309269265804,0.01358147038393252,0.008633399685669714,-0.37999916076660156
2012-01-11,79.90009307861328,159.6699981689453,100.37776947021484,21.049999237060547,0.012931462191978573,0.006471693519725533,0.0005418473416331698,0.3599987030029297
2012-01-12,79.7867660522461,160.3800048828125,100.61862182617188,20.469999313354492,-0.0014193659517097279,0.004436855940286991,0.0023965850300488897,-0.5799999237060547
2012-01-13,80.58007049560547,159.25999450683594,100.09806060791016,20.90999984741211,0.00989370285652673,-0.00700797748665459,-0.005187036564226755,0.4400005340576172
2012-01-17,80.95333862304688,160.5,100.48652648925781,22.200000762939453,0.004621567685105469,0.007755890232572322,0.0038733421410059557,1.2900009155273438
2012-01-18,79.97338104248047,161.60000610351562,101.59756469726562,20.889999389648438,-0.012179079964652954,0.006830241286203655,0.010995911613866326,-1.3100013732910156
2012-01-19,78.87351989746094,161.22000122070312,102.13359832763672,19.8700008392334,-0.013848286817248118,-0.0023542844291586738,0.0052621784446979115,-1.019998550415039
2012-01-20,77.98026275634766,162.07000732421875,102.51428985595703,18.280000686645508,-0.011389802434529962,0.005258486434611419,0.003720458303486903,-1.5900001525878906
2012-01-23,77.4869613647461,163.16000366210938,102.25013732910156,18.670000076293945,-0.006346071333482204,0.006702951032527608,-0.002580064096283809,0.3899993896484375
2012-01-24,77.62693786621094,162.00999450683594,102.13359832763672,18.90999984741211,0.0018048226516809087,-0.007073309078255219,-0.0011403942072032098,0.23999977111816406
2012-01-25,77.4403076171875,166.4199981689453,102.98821258544922,18.309999465942383,-0.0024070891122641848,0.026856674653672707,0.008332796976101703,-0.6000003814697266
2012-01-26,78.46691131591797,167.27000427246094,102.45989227294922,18.56999969482422,0.013169608738300524,0.00509459639654765,-0.005143113658224161,0.26000022888183594
2012-01-27,78.71348571777344,168.97000122070312,102.4133071899414,18.530000686645508,0.003137472722763802,0.01011189273071679,-0.0004547699155655573,-0.03999900817871094
2012-01-30,79.64009857177734,168.02999877929688,102.06368255615234,19.399999618530273,0.011703220161292405,-0.005578663971878356,-0.003419699937312983,0.8699989318847656
2012-01-31,80.56006622314453,169.30999755859375,102.02483367919922,19.440000534057617,0.011485353532857666,0.007588812095342065,-0.000380706157690376,0.04000091552734375
2012-02-01,79.63722229003906,169.55999755859375,102.9183120727539,18.549999237060547,-0.011521470184280824,0.00147549236555642,0.008719335803716984,-0.8900012969970703
2012-02-02,79.60380554199219,171.0500030517578,103.08142852783203,17.979999542236328,-0.00041970023670845797,0.008749097178977205,0.001583657228824608,-0.5699996948242188
2012-02-03,77.89321899414062,167.63999938964844,104.52654266357422,17.100000381469727,-0.021722998508205565,-0.020137109848909707,0.013921791807204955,-0.8799991607666016
2012-02-06,78.66831970214844,167.17999267578125,104.45657348632812,17.760000228881836,0.009901627783795457,-0.002747786955391367,-0.0006696156239754218,0.6599998474121094
2012-02-07,77.6927261352539,169.6999969482422,104.72071838378906,17.649999618530273,-0.012478891041058609,0.014961121796296195,0.0025255613121530126,-0.1100006103515625
2012-02-08,77.75289916992188,168.5,105.03148651123047,18.15999984741211,0.0007742004647014534,-0.0070964044645123875,0.0029631951186323566,0.5100002288818359
2012-02-09,77.17155456542969,168.02000427246094,105.1635971069336,18.6299991607666,-0.007504913770520121,-0.002852704427427749,0.001257028573884396,0.4699993133544922
2012-02-10,78.17385864257812,167.13999938964844,104.38666534423828,20.790000915527344,0.012904378253589695,-0.005251264443437007,-0.007415264611406341,2.160001754760742
2012-02-13,78.27404022216797,167.50999450683594,105.1635971069336,19.040000915527344,0.00128070231700074,0.0022112372609914763,0.007415264611406251,-1.75
2012-02-14,78.68834686279297,167.1199951171875,105.03148651123047,19.540000915527344,0.005279068578103756,-0.002330930151636942,-0.0012570285738843468,0.5
2012-02-15,78.54802703857422,168.11000061035156,104.54203796386719,21.139999389648438,-0.001784826983571773,0.0059064426447289235,-0.0046709090612763364,1.5999984741210938
2012-02-16,77.91995239257812,168.0,105.69966888427734,19.219999313354492,-0.008028198761989727,-0.0006545512723762022,0.011012492592913323,-1.9200000762939453
2012-02-17,77.89987182617188,167.35000610351562,105.9793472290039,17.780000686645508,-0.0002577408441845394,-0.0038765152743636634,0.0026424773943493126,-1.4399986267089844
2012-02-21,77.03791809082031,171.02000427246094,106.0259780883789,18.190000534057617,-0.011126564130225648,0.02169306958114338,0.00043990272468091347,0.4099998474121094
2012-02-22,78.0068130493164,172.94000244140625,105.68411254882812,18.190000534057617,0.012498426279715086,0.011164193939316386,-0.0032295658243083614,0.0
2012-02-23,78.0068130493164,173.02000427246094,106.15027618408203,16.799999237060547,0.0,0.0004624917963242474,0.004401215407327517,-1.3900012969970703
2012-02-24,78.51464080810547,172.22999572753906,106.3833236694336,17.309999465942383,0.00648894484650678,-0.0045764514047417675,0.0021930422193420724,0.5100002288818359
2012-02-27,79.2096176147461,171.6999969482422,106.5620346069336,18.190000534057617,0.008812611469729099,-0.003082017911286478,0.0016784679497381006,0.8800010681152344
2012-02-28,78.948974609375,173.49000549316406,106.872802734375,17.959999084472656,-0.003295973208440407,0.01037124237129815,0.002912067691718813,-0.23000144958496094
2012-02-29,78.46782684326172,164.2899932861328,106.45326232910156,18.43000030517578,-0.006113061122157966,-0.054486874448655936,-0.003933330378957693,0.470001220703125
2012-03-01,77.72919464111328,166.61000061035156,107.00485229492188,17.260000228881836,-0.00945776943723466,0.01402263755203916,0.005168144528266592,-1.1700000762939453
2012-03-02,78.45917510986328,166.33999633789062,106.67855834960938,17.290000915527344,0.009347505004733945,-0.0016218911795983044,-0.003053996545051168,0.030000686645507812
2012-03-05,77.83628845214844,165.64999389648438,106.24352264404297,18.049999237060547,-0.007970672228933424,-0.00415677252468325,-0.004086342843310479,0.7599983215332031
2012-03-06,78.78063201904297,162.6999969482422,104.6896743774414,20.8700008392334,0.01205942510760379,-0.017969096432021343,-0.014733350619738723,2.8200016021728516
2012-03-07,78.29845428466797,163.6300048828125,105.41997528076172,19.06999969482422,-0.006139318227647642,0.00569981581334447,0.006951644967386861,-1.8000011444091797
2012-03-08,77.51483154296875,165.27999877929688,106.46880340576172,17.950000762939453,-0.010058569067876312,0.010033186704286951,0.00989987952720159,-1.1199989318847656
2012-03-09,77.66889953613281,166.3800048828125,106.88056945800781,17.110000610351562,0.0019856210791288475,0.0066333602174327025,0.0038600213160878143,-0.8400001525878906
2012-03-12,77.65548706054688,165.07000732421875,106.88832092285156,15.640000343322754,-0.0001727027662965063,-0.007904687473264298,7.252191685464032e-05,-1.4700002670288086
2012-03-13,76.28921508789062,162.3000030517578,108.81509399414062,14.800000190734863,-0.01775063159313649,-0.01692317740609355,0.01786549665950737,-0.8400001525878906
2012-03-14,74.36705017089844,159.57000732421875,108.69854736328125,15.3100004196167,-0.025518609822863025,-0.01696375000167828,-0.0010716260486964032,0.5100002288818359
2012-03-15,74.48095703125,161.0800018310547,109.32788848876953,15.420000076293945,0.0015305126985292838,0.009418404028557977,0.005773087753751874,0.1099996566772461
2012-03-16,74.6282958984375,161.3000030517578,109.47923278808594,14.470000267028809,0.0019762544878505553,0.0013648567003107786,0.00138335829810853,-0.9499998092651367
2012-03-19,73.73757934570312,161.58999633789062,109.90840911865234,15.039999961853027,-0.012007171495748986,0.0017962362702596962,0.003912498209191271,0.5699996948242188
2012-03-20,74.03221893310547,160.1300048828125,109.58845520019531,15.579999923706055,0.003987824051990109,-0.009076224493998303,-0.0029153413745841086,0.5399999618530273
2012-03-21,74.86939239501953,160.2100067138672,109.40900421142578,15.130000114440918,0.011244771306187017,0.0004994807381019333,-0.001638841194010088,-0.4499998092651367
2012-03-22,75.11048126220703,159.57000732421875,108.62089538574219,15.569999694824219,0.0032149523661381537,-0.004002753243231974,-0.0072293961481836614,0.4399995803833008
2012-03-23,75.82039642333984,161.52999877929688,108.97198486328125,14.819999694824219,0.009407225445085586,0.012208133046479623,0.003227033732141859,-0.75
2012-03-26,75.43194580078125,164.39999389648438,110.5014419555664,14.260000228881836,-0.005136468908809563,0.017611569127534244,0.013937740653286299,-0.5599994659423828
2012-03-27,75.97444152832031,163.24000549316406,110.15812683105469,15.59000015258789,0.007166118400732735,-0.0070809013076213,-0.0031117200438715983,1.3299999237060547
2012-03-28,75.8672866821289,161.50999450683594,109.6119155883789,15.470000267028809,-0.0014114020597960804,-0.010654517949322703,-0.004970762723918093,-0.11999988555908203
2012-03-29,76.43656158447266,161.27999877929688,109.42459106445312,15.479999542236328,0.007475550485777973,-0.0014250489249673808,-0.0017104415374242718,0.009999275207519531
2012-03-30,75.14397430419922,162.1199951171875,109.8772201538086,15.5,-0.01705520573421334,0.005194794327439433,0.004127916040113828,0.020000457763671875
2012-04-02,75.56033325195312,162.94000244140625,110.68096160888672,15.640000343322754,0.005525522313730089,0.0050452782243641,0.007288281091934731,0.1400003433227539
2012-04-03,74.25093841552734,159.88999938964844,110.22837829589844,15.65999984741211,-0.017481036855857363,-0.01889597488595619,-0.004097463207238429,0.01999950408935547
2012-04-04,75.27159881591797,157.2100067138672,109.13587951660156,16.440000534057617,0.013652473702641924,-0.016903541070223595,-0.009960672926991479,0.7800006866455078
2012-04-05,75.81547546386719,158.30999755859375,109.08126831054688,16.700000762939453,0.007199543704041262,0.006972586754221729,-0.0005005216843733848,0.26000022888183594
2012-04-09,77.58808898925781,159.3699951171875,107.85617065429688,18.809999465942383,0.02311148939895001,0.006673391569320288,-0.011294598900672222,2.1099987030029297
2012-04-10,78.46768951416016,161.10000610351562,106.04581451416016,20.389999389648438,0.01127301851116356,0.01079681583610527,-0.01692737321893493,1.5799999237060547
2012-04-11,77.5276870727539,161.07000732421875,106.9041519165039,20.020000457763672,-0.012051816401233848,-0.0001862294945727839,0.00806144340019518,-0.3699989318847656
2012-04-12,77.20538330078125,162.6999969482422,108.3009033203125,17.200000762939453,-0.004165938636485238,0.010068896893171232,0.012980838346813137,-2.8199996948242188
2012-04-13,78.45433807373047,160.85000610351562,107.01341247558594,19.549999237060547,0.01604758848217384,-0.011435703837606927,-0.011959318034596697,2.3499984741210938
2012-04-16,78.34013366699219,160.4600067138672,106.94322967529297,19.549999237060547,-0.0014567404790031546,-0.0024275594635374416,-0.0006560469645124461,0.0
2012-04-17,78.293212890625,160.25,108.52723693847656,18.459999084472656,-0.0005991160733249225,-0.0013096363661056385,0.0147030432875297,-1.0900001525878906
2012-04-18,78.5214614868164,159.30999755859375,108.16053009033203,18.639999389648438,0.0029110637545198153,-0.005883121540853622,-0.0033846599026160764,0.18000030517578125
2012-04-19,78.59530639648438,159.42999267578125,107.466064453125,18.360000610351562,0.0009400004353483494,0.0007529342193186616,-0.006441395041103963,-0.279998779296875
2012-04-20,78.60879516601562,159.5399932861328,107.64551544189453,17.440000534057617,0.00017160836683371143,0.0006897239210806605,0.0016684460268054655,-0.9200000762939453
2012-04-23,79.17952728271484,159.07000732421875,106.74034118652344,18.969999313354492,0.007234180538427717,-0.0029502294460589935,-0.008444396924640744,1.529998779296875
2012-04-24,78.6221694946289,159.3000030517578,107.14608001708984,18.100000381469727,-0.007064057195682709,0.0014448331190362385,0.0037939698553445165,-0.8699989318847656
2012-04-25,78.21931457519531,159.6199951171875,108.61309814453125,16.81999969482422,-0.005137107797256276,0.002006723784330158,0.01359887211066255,-1.2800006866455078
2012-04-26,78.68933868408203,161.02999877929688,109.37004089355469,16.239999771118164,0.005991071939012146,0.00879471559167779,0.006944993955274056,-0.5799999237060547
2012-04-27,78.75645446777344,161.3800048828125,109.54948425292969,16.31999969482422,0.0008525573965887101,0.0021711872276646304,0.0016393549131128054,0.07999992370605469
2012-04-30,78.7766342163086,161.8800048828125,109.14366912841797,17.149999618530273,0.00025619695283186277,0.0030934874938505622,-0.003711278419385628,0.8299999237060547
2012-05-01,78.3680419921875,161.32000732421875,109.82254791259766,16.600000381469727,-0.0052002161924926075,-0.0034653347638567127,0.006200782646532535,-0.5499992370605469
2012-05-02,78.92001342773438,160.58999633789062,109.49482727050781,16.8799991607666,0.007018634695061045,-0.00453550513766278,-0.0029885537863534382,0.279998779296875
2012-05-03,78.89979553222656,158.97000122070312,108.659912109375,17.559999465942383,-0.0002562149295662045,-0.010138997417698532,-0.007654376337997845,0.6800003051757812
2012-05-04,79.51903533935547,159.47000122070312,106.9041519165039,19.15999984741211,0.007817794861961783,0.0031403115630244814,-0.016290275730868085,1.6000003814697266
2012-05-07,79.53251647949219,159.0800018310547,106.98222351074219,18.940000534057617,0.00016951912779007193,-0.0024485925648660245,0.0007300287131391902,-0.2199993133544922
2012-05-08,79.95653533935547,156.0,106.55302429199219,19.049999237060547,0.005317228412208524,-0.01955122460022864,-0.004019943322262468,0.10999870300292969
2012-05-09,80.01040649414062,154.47000122070312,105.92098999023438,20.079999923706055,0.0006735286204039223,-0.009856096620851877,-0.005949303194444626,1.0300006866455078
2012-05-10,79.77481842041016,154.77000427246094,106.13945770263672,18.829999923706055,-0.002948811375635179,0.001940260901209398,0.002060429392362997,-1.25
2012-05-11,80.4344253540039,153.55999755859375,105.8195571899414,19.889999389648438,0.008234364573359139,-0.007848817296009933,-0.0030185152139289174,1.0599994659423828
2012-05-14,81.55850982666016,151.3300018310547,104.64906311035156,21.8700008392334,0.013878414066298691,-0.01462845943520308,-0.011122856656616515,1.980001449584961
2012-05-15,81.88835144042969,149.74000549316406,104.0481948852539,21.969999313354492,0.004036077034090463,-0.010562401311462568,-0.005758292094137866,0.09999847412109375
2012-05-16,82.12388610839844,149.4600067138672,103.65022277832031,22.270000457763672,0.002872161655805786,-0.001871650064246415,-0.0038322159451944036,0.3000011444091797
2012-05-17,83.5777587890625,152.8000030517578,102.11299896240234,24.489999771118164,0.01754852815711963,0.022101053281684286,-0.014941955157146287,2.219999313354492
2012-05-18,83.59796142578125,154.5500030517578,101.23904418945312,25.100000381469727,0.0002416934324090087,0.011387791619555667,-0.008595538459155314,0.6100006103515625
2012-05-21,83.4229736328125,154.64999389648438,102.97915649414062,22.010000228881836,-0.002095400279419604,0.0006467713402268693,0.017042109020952788,-3.0900001525878906
2012-05-22,82.49408721923828,152.0800018310547,103.15865325927734,22.479999542236328,-0.011197113952470698,-0.016757749444190322,0.0017415224380015514,0.4699993133544922
2012-05-23,83.06623077392578,151.6199951171875,103.21327209472656,22.329999923706055,0.006911630024139776,-0.0030293517963689474,0.0005293242928350259,-0.14999961853027344
2012-05-24,82.74990844726562,151.41000366210938,103.4161148071289,21.540000915527344,-0.003815342847408348,-0.0013859452168922916,0.001963348782111941,-0.7899990081787109
2012-05-25,83.05953216552734,152.67999267578125,103.08061218261719,21.760000228881836,0.003734697819406032,0.008352766698997548,-0.003249474455302489,0.2199993133544922
2012-05-29,82.8037338256836,151.02000427246094,104.3291015625,21.030000686645508,-0.003084450810937791,-0.010931873240010203,0.012039016271286146,-0.7299995422363281
2012-05-30,84.9037857055664,151.91000366210938,102.81527709960938,24.139999389648438,0.025045527607186854,0.005875957660694494,-0.014616389047542562,3.1099987030029297
2012-05-31,85.88652038574219,151.6199951171875,102.5889892578125,24.059999465942383,0.011508212013567408,-0.001910905902789609,-0.002203342095631546,-0.07999992370605469
2012-06-01,87.92542266845703,157.5,100.00613403320312,26.65999984741211,0.023462090987812514,0.03804809984180762,-0.025499085363570966,2.6000003814697266
2012-06-04,87.23075103759766,157.32000732421875,99.95933532714844,26.1200008392334,-0.007932067233697207,-0.0011434641458968186,-0.0004680678825079253,-0.5399990081787109
2012-06-05,86.06388092041016,157.13999938964844,100.71621704101562,24.68000030517578,-0.013467096349239262,-0.0011448702562414747,0.007543373310491382,-1.4400005340576172
2012-06-06,84.3439712524414,157.2100067138672,102.97915649414062,22.15999984741211,-0.02018648847564545,0.0004454100462342761,0.02221977374982976,-2.520000457763672
2012-06-07,84.47209930419922,154.5,103.0416030883789,21.719999313354492,0.0015179606531310846,-0.017388437571983575,0.0006062165412576791,-0.4400005340576172
2012-06-08,84.45188903808594,154.72999572753906,103.86092376708984,21.229999542236328,-0.00023928237082306193,0.0014875385514176553,0.007919912567692285,-0.48999977111816406
2012-06-11,84.83631896972656,155.36000061035156,102.54219818115234,23.559999465942383,0.004541729125461605,0.004063373582424457,-0.012778329295863877,2.3299999237060547
2012-06-12,84.0606460571289,156.4600067138672,103.72044372558594,22.09000015258789,-0.009185225631357586,0.007055420696368892,0.011424835341693244,-1.4699993133544922
2012-06-13,84.89027404785156,157.1199951171875,103.05720520019531,24.270000457763672,0.009821013800827517,0.004209384361180728,-0.006415014420787463,2.1800003051757812
2012-06-14,84.78235626220703,157.75,104.14965057373047,21.68000030517578,-0.0012720708107101318,0.004001687892130676,0.010544588321674235,-2.5900001525878906
2012-06-15,85.25448608398438,157.83999633789062,105.21483612060547,21.110000610351562,0.005553279261046755,0.0005703370916346761,0.0101755054501781,-0.5699996948242188
2012-06-18,85.7131118774414,157.92999267578125,105.41876983642578,18.31999969482422,0.005365073838740512,0.0005700119926437334,0.0019363840695402926,-2.7900009155273438
2012-06-19,84.59352111816406,157.16000366210938,106.43843841552734,18.3799991607666,-0.01314813015190082,-0.004887432513551658,0.009626072779418005,0.05999946594238281
2012-06-20,85.01168060302734,155.97000122070312,106.26587677001953,17.239999771118164,0.004930984756380554,-0.007600729101789924,-0.0016225499065725163,-1.1399993896484375
2012-06-21,85.46356201171875,152.02000427246094,103.88140869140625,20.079999923706055,0.00530144389432077,-0.025651569647767526,-0.022694277605620677,2.8400001525878906
2012-06-22,84.32369995117188,152.63999938964844,104.68145751953125,18.110000610351562,-0.013427146095990558,0.004070084458850245,0.007672053677845629,-1.9699993133544922
2012-06-25,85.55123901367188,153.75999450683594,103.00287628173828,20.3799991607666,0.014452519445072871,0.00731070579506714,-0.016165088231990973,2.269998550415039
2012-06-26,85.21402740478516,152.6199951171875,103.52061462402344,19.719999313354492,-0.003949421967079691,-0.007441769628189937,0.005013855078873667,-0.6599998474121094
2012-06-27,85.34896850585938,152.8300018310547,104.45396423339844,19.450000762939453,0.0015823025212225908,0.001375064652515789,0.008975672705687254,-0.26999855041503906
2012-06-28,85.55802154541016,151.0500030517578,104.15592956542969,19.709999084472656,0.002446396648267621,-0.011715276484427288,-0.002857341665961571,0.2599983215332031
2012-06-29,84.44510650634766,155.19000244140625,106.75218200683594,17.079999923706055,-0.013093064233997084,0.027039260378949704,0.024620993221142386,-2.6299991607666016
2012-07-02,85.31641387939453,155.08999633789062,107.07376098632812,16.799999237060547,0.010265165181378912,-0.000644618456697509,0.0030078597333916,-0.2800006866455078
2012-07-03,84.66079711914062,157.4600067138672,107.77964782714844,16.65999984741211,-0.0077142107187185855,0.01516593043631744,0.006570893005933057,-0.1399993896484375
2012-07-05,85.09332275390625,155.67999267578125,107.29338836669922,17.5,0.005095918391707028,-0.011368929003809548,-0.004521815450159622,0.8400001525878906
2012-07-06,85.88417053222656,153.7100067138672,106.2737045288086,17.100000381469727,0.009250965179083756,-0.012734817475435407,-0.009549145165355814,-0.39999961853027344
2012-07-09,86.64122772216797,154.0399932861328,106.14037322998047,17.979999542236328,0.008776238823847218,0.0021445114458555955,-0.0012553905818844767,0.8799991607666016
2012-07-10,86.81700134277344,152.14999389648438,105.21483612060547,18.719999313354492,0.002026697513503953,-0.012345429133629288,-0.008758175664286215,0.7399997711181641
2012-07-11,86.92508697509766,152.99000549316406,105.23046875,17.950000762939453,0.0012442079787828525,0.0055057594568082525,0.0001485671484369416,-0.7699985504150391
2012-07-12,87.54017639160156,152.58999633789062,104.72063446044922,18.329999923706055,0.007051168273845586,-0.002618033780691079,-0.0048567050508511395,0.37999916076660156
2012-07-13,87.31045532226562,154.13999938964844,106.47764587402344,16.739999771118164,-0.002627627927432851,0.010106714486149358,0.01663888500121519,-1.5900001525878906
2012-07-16,87.71598052978516,154.2100067138672,106.22664642333984,17.110000610351562,0.0046338820898003605,0.0004540770166103946,-0.002360079944581296,0.37000083923339844
2012-07-17,87.0264892578125,153.47000122070312,106.95611572265625,16.479999542236328,-0.007891554366527146,-0.004810237265713993,0.006843631624308834,-0.6300010681152344
2012-07-18,87.0738525390625,153.0500030517578,107.748291015625,16.15999984741211,0.0005440917798277352,-0.002740430809986751,0.007379251313156989,-0.31999969482421875
2012-07-19,86.85076904296875,153.3800048828125,108.03067016601562,15.449999809265137,-0.002565290830038905,0.002153848840418498,0.002617301613113588,-0.7100000381469727
2012-07-20,87.91199493408203,153.6699981689453,107.0423812866211,16.270000457763672,0.012144909030515533,0.001888899980288932,-0.009190326996246173,0.8200006484985352
2012-07-23,88.40543365478516,153.02999877929688,105.95996856689453,18.6200008392334,0.005597177917941933,-0.0041734615256850535,-0.010163475077941254,2.3500003814697266
2012-07-24,89.10164642333984,153.52000427246094,105.05010986328125,20.469999313354492,0.007844378244781255,0.00319690690338272,-0.008623894643732683,1.8499984741210938
2012-07-25,89.33147430419922,155.6699981689453,105.07364654541016,19.34000015258789,0.0025760689161249033,0.013907490755906015,0.0002240268556932075,-1.1299991607666016
2012-07-26,88.51358032226562,156.77000427246094,106.80707550048828,17.530000686645508,-0.009197891387849981,0.007041420048145291,0.016362674371120742,-1.8099994659423828
2012-07-27,86.84403991699219,157.5399932861328,108.77582550048828,16.700000762939453,-0.01904212489867479,0.00489956132478139,0.018264943306190266,-0.8299999237060547
2012-07-30,87.49296569824219,157.42999267578125,108.77582550048828,18.030000686645508,0.007444532799797997,-0.0006984831553893457,0.0,1.3299999237060547
2012-07-31,87.6686782836914,156.49000549316406,108.01500701904297,18.93000030517578,0.0020062913363301724,-0.005988723225470398,-0.007018946291371131,0.8999996185302734
2012-08-01,87.23043060302734,155.13999938964844,107.92088317871094,18.959999084472656,-0.005011444605449203,-0.00866421414888581,-0.0008717758424221257,0.029998779296875
2012-08-02,87.724853515625,154.1300048828125,107.17574310302734,17.56999969482422,0.005652006811798742,-0.006531497290067034,-0.006928449500434282,-1.3899993896484375
2012-08-03,86.3092041015625,155.5500030517578,109.30134582519531,15.640000343322754,-0.01626900685858747,0.009170809124329653,0.019638762229282083,-1.9299993515014648
2012-08-06,86.34307861328125,156.3000030517578,109.51311492919922,15.949999809265137,0.00039240155555160967,0.004810013989643127,0.001935604890015416,0.3099994659423828
2012-08-07,85.2322006225586,156.27999877929688,110.06220245361328,15.989999771118164,-0.012949342338844136,-0.00012799457656319368,0.005001369694167094,0.039999961853027344
2012-08-08,84.7783432006836,156.47999572753906,110.19554901123047,15.319999694824219,-0.005339180615959897,0.0012789166070782496,0.0012108229837258964,-0.6700000762939453
2012-08-09,84.7174301147461,156.99000549316406,110.28962707519531,15.279999732971191,-0.000718756431129487,0.0032539650598126992,0.000853373195822509,-0.039999961853027344
2012-08-10,85.14412689208984,157.17999267578125,110.47007751464844,14.739999771118164,0.005024064095387281,0.0012094547976165897,0.001634813563262752,-0.5399999618530273
2012-08-13,85.00187683105469,155.99000549316406,110.4151382446289,13.699999809265137,-0.0016720944490673218,-0.007599660994752833,-0.0004974463407483589,-1.0399999618530273
2012-08-14,83.85037231445312,155.1300048828125,110.43083953857422,14.850000381469727,-0.013639408108612895,-0.005528431293767677,0.00014219225660673897,1.1500005722045898
2012-08-15,82.67172241210938,155.6300048828125,110.55632781982422,14.630000114440918,-0.014156314665499298,0.003217920039555506,0.0011357066225902762,-0.2200002670288086
2012-08-16,81.9673080444336,156.55999755859375,111.37207794189453,14.289999961853027,-0.008557128453440511,0.005957880902347246,0.00735150413193306,-0.3400001525878906
2012-08-17,82.36695098876953,156.72000122070312,111.5210952758789,13.449999809265137,0.0048637908435112676,0.0010214739315963608,0.0013371190695102171,-0.8400001525878906
2012-08-20,82.53627014160156,157.25999450683594,111.52896881103516,14.020000457763672,0.00205355858029226,0.0034396702075541645,7.05988154880041e-05,0.5700006484985352
2012-08-21,82.90208435058594,158.8300018310547,111.191650390625,15.020000457763672,0.004422369967394866,0.009934007742546973,-0.0030290745377370455,1.0
2012-08-22,84.27033233642578,160.5399932861328,111.23873138427734,15.109999656677246,0.016369668710752888,0.010708631507447481,0.0004233324061199021,0.08999919891357422
2012-08-23,84.62257385253906,161.88999938964844,110.32888793945312,15.960000038146973,0.004171187941241969,0.008373997600348033,-0.008212829669941682,0.8500003814697266
2012-08-24,84.54126739501953,161.97000122070312,110.99557495117188,15.180000305175781,-0.0009612747402853878,0.00049405195165326,0.006024539894642511,-0.7799997329711914
2012-08-27,85.03572082519531,161.36000061035156,111.01907348632812,16.350000381469727,0.0058316265271614,-0.0037732430064034606,0.00021168454792847905,1.1700000762939453
2012-08-28,85.23898315429688,161.63999938964844,110.90933227539062,16.489999771118164,0.002387464736693213,0.0017337390057776023,-0.0009889785807766522,0.1399993896484375
2012-08-29,84.8664321899414,160.58999633789062,110.99557495117188,17.059999465942383,-0.0043802433833722626,-0.006517126164973718,0.0007772940328482014,0.5699996948242188
2012-08-30,85.3067626953125,160.52000427246094,110.19554901123047,17.829999923706055,0.005175098092254298,-0.0004359382542126009,-0.007233829407548887,0.7700004577636719
2012-08-31,86.51243591308594,164.22000122070312,110.72110748291016,17.469999313354492,0.01403443872558702,0.02278842769888954,0.004757988569134785,-0.3600006103515625
2012-09-04,86.42552947998047,164.47999572753906,110.61908721923828,17.979999542236328,-0.001005059128845503,0.0015819565772519967,-0.0009218413405104429,0.5100002288818359
2012-09-05,86.01827239990234,164.30999755859375,110.52497863769531,17.739999771118164,-0.004723368805421476,-0.00103408368603259,-0.0008511066020169254,-0.23999977111816406
2012-09-06,84.5859603881836,164.88999938964844,112.76828002929688,15.600000381469727,-0.016791443469181582,0.0035237086061065126,0.02009354767227505,-2.1399993896484375
2012-09-07,84.19226837158203,168.44000244140625,113.20751190185547,14.380000114440918,-0.004665207515514895,0.021301036576637185,0.003887429020144082,-1.2200002670288086
2012-09-10,84.39590454101562,167.2899932861328,112.5643539428711,16.280000686645508,0.002415783562402001,-0.0068508245778626286,-0.0056974299818738855,1.9000005722045898
2012-09-11,83.86641693115234,167.89999389648438,112.87810516357422,16.40999984741211,-0.006293617643727008,0.0036397345213229062,0.0027834279710358353,0.12999916076660156
2012-09-12,82.82105255126953,167.9199981689453,113.2545166015625,15.800000190734863,-0.012542971446553527,0.0001191368766436192,0.0033291241458175873,-0.6099996566772461
2012-09-13,82.49527740478516,171.30999755859375,114.98018646240234,14.050000190734863,-0.003941238814937511,0.019987101882923578,0.015122176628666956,-1.75
2012-09-14,80.30269622802734,171.8000030517578,115.48999786376953,14.510000228881836,-0.026937850797945466,0.002856260822614609,0.004424105741834483,0.46000003814697266
2012-09-17,81.26661682128906,170.39999389648438,115.09776306152344,14.59000015258789,0.011932117697267564,-0.008182448737126974,-0.0034020468300660135,0.07999992370605469
2012-09-18,81.67388916015625,171.72000122070312,115.00373840332031,14.180000305175781,0.004999041638817869,0.007716671888582333,-0.0008172451099860299,-0.4099998474121094
2012-09-19,82.21012878417969,171.74000549316406,115.06639862060547,13.880000114440918,0.00654415902781726,0.00011648676464511073,0.0005447053637207994,-0.3000001907348633
2012-09-20,82.4137954711914,171.47000122070312,115.07426452636719,14.069999694824219,0.002474327979265034,-0.0015734059198807039,6.835737463544091e-05,0.18999958038330078
2012-09-21,82.50880432128906,171.9600067138672,115.02619934082031,13.979999542236328,0.0011521630234715338,0.00285359936146375,-0.00041777565710356487,-0.09000015258789062
2012-09-24,83.1536865234375,171.0500030517578,114.85269165039062,14.149999618530273,0.007785533783696297,-0.0053060014063377545,-0.0015095576860505255,0.1700000762939453
2012-09-25,83.97505950927734,170.77000427246094,113.63043975830078,15.430000305175781,0.009829303676604895,-0.0016382823469836482,-0.010698939072841605,1.2800006866455078
2012-09-26,84.87789916992188,169.80999755859375,112.99171447753906,16.809999465942383,0.010693899256647177,-0.0056374963370224036,-0.005636933195756978,1.3799991607666016
2012-09-27,84.2737045288086,172.33999633789062,114.0562744140625,14.84000015258789,-0.007143854358712489,0.014789097981363655,0.009377468991346147,-1.9699993133544922
2012-09-28,84.32122802734375,171.88999938964844,113.52796173095703,15.729999542236328,0.000563759527920553,-0.0026145147730523375,-0.004642796364636669,0.8899993896484375
2012-10-01,84.63414001464844,172.2899932861328,113.82758331298828,16.31999969482422,0.003704082903072339,0.0023243307866659033,0.002635710999954372,0.5900001525878906
2012-10-02,84.51849365234375,172.10000610351562,113.94584655761719,15.710000038146973,-0.0013673612738516177,-0.0011033258934751609,0.001038428892460033,-0.6099996566772461
2012-10-03,84.54568481445312,172.41000366210938,114.41112518310547,15.430000305175781,0.00032166674916495427,0.0017996437460312752,0.00407501698590827,-0.2799997329711914
2012-10-04,83.4913558959961,173.61000061035156,115.23118591308594,14.550000190734863,-0.01254893266265615,0.006936025341043228,0.007142100355783112,-0.880000114440918
2012-10-05,82.4098129272461,172.6199951171875,115.23915100097656,14.329999923706055,-0.013038585546584365,-0.00571878926447531,6.912028680521361e-05,-0.2200002670288086
2012-10-08,83.10363006591797,172.0500030517578,114.84484100341797,15.109999656677246,0.008383865263236851,-0.0033074685239183545,-0.0034275342682700857,0.7799997329711914
2012-10-09,82.95396423339844,170.99000549316406,113.70930480957031,16.3700008392334,-0.0018025778787973804,-0.006180042594964688,-0.009936774791946148,1.2600011825561523
2012-10-10,83.53894805908203,170.83999633789062,112.98379516601562,16.290000915527344,0.0070271607948162815,-0.0008776828487819255,-0.006400831085556475,-0.07999992370605469
2012-10-11,84.11713409423828,171.32000732421875,113.04694366455078,15.59000015258789,0.006897314071710297,0.002805770961490514,0.000558760286365007,-0.7000007629394531
2012-10-12,84.32804107666016,170.05999755859375,112.6762466430664,16.139999389648438,0.0025041630598373198,-0.0073818938973548055,-0.003284530528211143,0.5499992370605469
2012-10-15,84.1375732421875,168.35000610351562,113.61466979980469,15.270000457763672,-0.002261208216275179,-0.010106119739498041,0.008294000934987384,-0.8699989318847656
2012-10-16,82.97432708740234,169.4199981689453,114.7659912109375,15.220000267028809,-0.013921988092579987,0.006335646333619325,0.010082562678003561,-0.05000019073486328
2012-10-17,82.2057113647461,169.5399932861328,115.2863998413086,15.069999694824219,-0.009306466778376847,0.0007080193841468657,0.0045242695864028595,-0.15000057220458984
2012-10-18,81.70234680175781,168.7899932861328,114.98677825927734,15.029999732971191,-0.00614205489423232,-0.00443354865538353,-0.002602315680795169,-0.039999961853027344
2012-10-19,82.81114959716797,166.97000122070312,113.07059478759766,17.059999465942383,0.01347998321927395,-0.010841136052605957,-0.016804793813290236,2.0299997329711914
2012-10-22,82.28052520751953,167.5800018310547,113.08631134033203,16.6200008392334,-0.006428261358473551,0.003646697239812837,0.0001389880417870133,-0.4399986267089844
2012-10-23,83.45736694335938,165.42999267578125,111.51712036132812,18.829999923706055,0.014201478002178494,-0.012912759766492157,-0.0139732193688161,2.2099990844726562
2012-10-24,82.63426971435547,164.86000061035156,111.20171356201172,18.329999923706055,-0.009911443872237705,-0.003451467757776219,-0.0028323335266505307,-0.5
2012-10-25,82.21255493164062,166.02000427246094,111.52499389648438,18.1200008392334,-0.005116455274099311,0.007011656174181994,0.0029029348584726695,-0.20999908447265625
2012-10-26,83.4233169555664,165.92999267578125,111.46192932128906,17.809999465942383,0.014619823298731925,-0.0005423202272228979,-0.0005656347553182946,-0.3100013732910156
2012-10-31,83.91307830810547,166.8300018310547,111.46192932128906,18.600000381469727,0.005853630947876981,0.005409372308871991,0.0,0.7900009155273438
2012-11-01,83.22603607177734,166.07000732421875,112.62902069091797,16.690000534057617,-0.008221248611695639,-0.004565910521291634,0.01041632356842268,-1.9099998474121094
2012-11-02,83.16484832763672,162.60000610351562,111.62751007080078,17.59000015258789,-0.0007354699401905296,-0.02111619567115675,-0.008931889519295938,0.8999996185302734
2012-11-05,83.63420867919922,163.22999572753906,111.856201171875,18.420000076293945,0.005627868632092416,0.003866988340753932,0.0020466026774558716,0.8299999237060547
2012-11-06,82.84513092041016,166.3000030517578,112.73152923583984,17.579999923706055,-0.009479658795064428,0.018633181558340834,0.007795016180226456,-0.8400001525878906
2012-11-07,84.34844970703125,166.49000549316406,110.1766128540039,19.079999923706055,0.017983457209244418,0.0011418760009174647,-0.022924494797359835,1.5
2012-11-08,85.60006713867188,167.99000549316406,108.85184478759766,18.489999771118164,0.014729637942899197,0.008969205970755553,-0.012096914123969866,-0.5900001525878906
2012-11-09,85.6953125,167.82000732421875,108.94647979736328,18.610000610351562,0.0011120600140492325,-0.0010124664362506366,0.0008690150936795928,0.12000083923339844
2012-11-12,85.8381576538086,167.4499969482422,109.0331802368164,16.68000030517578,0.0016655080399242423,-0.002207239069899678,0.0007954911390500223,-1.9300003051757812
2012-11-13,86.12382507324219,167.10000610351562,108.65467834472656,16.649999618530273,0.0033224515987314903,-0.0020923088878503668,-0.003477477117801131,-0.030000686645507812
2012-11-14,86.20547485351562,167.13999938964844,107.1879653930664,17.920000076293945,0.0009476019042370748,0.0002393087940783899,-0.013590785421291822,1.2700004577636719
2012-11-15,86.03540802001953,166.08999633789062,107.00662994384766,17.989999771118164,-0.0019747563519852598,-0.0063019928595901085,-0.0016931845759756124,0.06999969482421875
2012-11-16,85.96060943603516,165.8800048828125,107.534912109375,16.40999984741211,-0.0008697711703577344,-0.0012651232479694255,0.00492476401713736,-1.5799999237060547
2012-11-19,85.4776382446289,167.8699951171875,109.71134185791016,15.239999771118164,-0.005634360775856169,0.011925176433462218,0.020037193056610843,-1.1700000762939453
2012-11-20,84.62055969238281,167.38999938964844,109.75865936279297,15.079999923706055,-0.010077541280794255,-0.002863425779210265,0.00043119793459495375,-0.15999984741210938
2012-11-21,84.57291412353516,167.55999755859375,109.96369171142578,15.3100004196167,-0.000563208131289218,0.0010150660402493473,0.001866286312170554,0.23000049591064453
2012-11-23,84.49130249023438,169.61000061035156,111.46192932128906,15.140000343322754,-0.0009654513684156048,0.012160205973813025,0.013532855576346267,-0.1700000762939453
2012-11-26,84.89258575439453,169.42999267578125,111.22537994384766,15.5,0.0047381603889021275,-0.0010618685408751542,-0.0021244988517221623,0.3599996566772461
2012-11-27,85.22592163085938,168.7100067138672,110.65765380859375,15.920000076293945,0.003918871711140393,-0.004258514528236021,-0.005117357236276756,0.4200000762939453
2012-11-28,85.10350036621094,166.5500030517578,111.5486831665039,15.510000228881836,-0.0014374649346314303,-0.012885721450133563,0.00801988049341384,-0.4099998474121094
2012-11-29,85.11709594726562,167.17999267578125,112.06910705566406,15.0600004196167,0.00015974072912496802,0.0037754494975707773,0.004654592358100884,-0.4499998092651367
2012-11-30,84.88581848144531,166.0500030517578,112.09273529052734,15.869999885559082,-0.002720866395480468,-0.006782066259329654,0.00021081406811681802,0.8099994659423828
2012-12-03,84.9642333984375,166.1300048828125,111.54078674316406,16.639999389648438,0.0009233429333158983,0.0004816775885995999,-0.004936197964216728,0.7699995040893555
2012-12-04,85.45490264892578,164.4199981689453,111.38307189941406,17.1200008392334,0.005758398002897984,-0.010346525202362707,-0.0014149662671743024,0.48000144958496094
2012-12-05,85.41397857666016,164.1199951171875,111.5802230834961,16.459999084472656,-0.00047901142390119317,-0.0018262807650325558,0.0017684635982712657,-0.6600017547607422
2012-12-06,85.59806060791016,164.5,111.95870971679688,16.579999923706055,0.0021528554741075466,0.002312732382919267,0.0033863183494676663,0.12000083923339844
2012-12-07,84.8074722290039,165.16000366210938,112.29777526855469,15.899999618530273,-0.00927897161744369,0.004004152985563731,0.0030239108594689876,-0.6800003051757812
2012-12-10,85.1822738647461,165.8000030517578,112.3450927734375,16.049999237060547,0.004409704134570811,0.0038675379164635304,0.0004212687097080535,0.14999961853027344
2012-12-11,84.53480529785156,165.64999389648438,113.11003875732422,15.569999694824219,-0.007630012385680608,-0.0009051692074031703,0.006785819546459735,-0.4799995422363281
2012-12-12,83.55335998535156,165.77000427246094,113.16521453857422,15.949999809265137,-0.011677877075512341,0.0007242193101501478,0.00048768728829057077,0.38000011444091797
2012-12-13,83.61470031738281,164.3699951171875,112.47128295898438,16.559999465942383,0.0007338762521164175,-0.008481356697994205,-0.006150900010507216,0.6099996566772461
2012-12-14,84.24173736572266,164.1300048828125,112.0533447265625,17.0,0.007471145863166874,-0.0014611280186981382,-0.0037228763672115268,0.4400005340576172
2012-12-17,82.98088836669922,164.44000244140625,113.3702621459961,16.34000015258789,-0.015080170972236975,0.0018869503829595713,0.011684068226223787,-0.6599998474121094
2012-12-18,82.13568115234375,162.0800018310547,114.63191223144531,15.569999694824219,-0.010237792598938705,-0.014455725078867119,0.011067113427447402,-0.7700004577636719
2012-12-19,82.40826416015625,161.69000244140625,113.7802734375,17.360000610351562,0.003313197050749198,-0.002409114946575244,-0.00745706922713629,1.7900009155273438
2012-12-20,82.4219970703125,159.72999572753906,114.4347915649414,17.670000076293945,0.0001666309339741428,-0.012196073797178996,0.005735992249167241,0.3099994659423828
2012-12-21,83.32161712646484,160.3300018310547,113.39602661132812,17.84000015258789,0.010855668801231575,0.00374933956743618,-0.009118802802148615,0.1700000762939453
2012-12-24,83.17167663574219,160.6199951171875,113.04662322998047,17.84000015258789,-0.0018011600091585082,0.0018070937392538678,-0.0030860234049452247,0.0
2012-12-26,83.47084045410156,160.77999877929688,112.57017517089844,19.479999542236328,0.003590489929891687,0.0009956669468964311,-0.0042235221021159385,1.6399993896484375
2012-12-27,83.75090026855469,161.16000366210938,112.41919708251953,19.469999313354492,0.003349565374563163,0.002360719739151777,-0.001342091046600811,-0.010000228881835938
2012-12-28,84.22907257080078,160.5399932861328,111.2042007446289,22.719999313354492,0.005693221468451869,-0.003854592163680614,-0.010866557841865422,3.25
2012-12-31,82.77411651611328,162.02000427246094,113.09423828125,18.020000457763672,-0.017424731532652983,0.009176719889400711,0.01685328066227065,-4.69999885559082
2013-01-02,81.66754150390625,163.1699981689453,115.99295806884766,14.680000305175781,-0.013458775946508716,0.0070727801089134085,0.025308044714909744,-3.3400001525878906
2013-01-03,80.56102752685547,161.1999969482422,115.73080444335938,14.5600004196167,-0.01364163098092682,-0.012146779740190669,-0.0022626400891158846,-0.11999988555908203
2013-01-04,80.87518310546875,160.44000244140625,116.23908996582031,13.829999923706055,0.0038920137427128202,-0.0047257550222331544,0.00438234743540812,-0.7300004959106445
2013-01-07,80.90935516357422,159.42999267578125,115.92144012451172,13.789999961853027,0.0004224391153723714,-0.006315147639550098,-0.0027364689372944722,-0.039999961853027344
2013-01-08,81.44213104248047,160.55999755859375,115.5878677368164,13.619999885559082,0.006563263495296733,0.007062780803268713,-0.0028817210125820407,-0.1700000762939453
2013-01-09,81.36697387695312,160.49000549316406,115.88169860839844,13.8100004196167,-0.0009232551324841759,-0.0004360197219949153,0.0025388307763246514,0.1900005340576172
2013-01-10,81.1415786743164,161.97999572753906,116.8028793334961,13.489999771118164,-0.002773950584496652,0.009241174883853428,0.00791789078478731,-0.32000064849853516
2013-01-11,81.8656997680664,161.05999755859375,116.79497528076172,13.359999656677246,0.008884583117031943,-0.005695893235337639,-6.76723058988638e-05,-0.13000011444091797
2013-01-14,81.64018249511719,161.5399932861328,116.71553802490234,13.520000457763672,-0.002758523581328394,0.002975797243476377,-0.0006803741536017158,0.16000080108642578
2013-01-15,82.01589965820312,162.55999755859375,116.79497528076172,13.550000190734863,0.00459155343603446,0.006294400919113552,0.0006803741536017627,0.029999732971191406
2013-01-16,82.18670654296875,162.64999389648438,116.77911376953125,13.420000076293945,0.0020804413562605087,0.0005534660222785934,-0.00013581567475522501,-0.13000011444091797
2013-01-17,81.36697387695312,163.35000610351562,117.53353118896484,13.569999694824219,-0.010024103743501734,0.004294560017826217,0.006439430756899152,0.14999961853027344
2013-01-18,81.99541473388672,163.08999633789062,117.79560089111328,12.460000038146973,0.007693863469418322,-0.0015930021974330576,0.0022272619472932863,-1.109999656677246
2013-01-22,82.15251159667969,163.6699981689453,118.43096923828125,12.430000305175781,0.0019140894955942181,0.003550021116017711,0.005379326118691347,-0.029999732971191406
2013-01-23,82.02957916259766,163.2100067138672,118.62151336669922,12.460000038146973,-0.0014975136019647341,-0.002814438031338391,0.0016076116762091825,0.029999732971191406
2013-01-24,81.7426986694336,161.4199981689453,118.65326690673828,12.6899995803833,-0.0035034108383896296,-0.01102810374616787,0.00026765204622270975,0.22999954223632812
2013-01-25,80.62247467041016,160.64999389648438,119.32037353515625,12.890000343322754,-0.01379904016859815,-0.004781604983568098,0.0056065736914868705,0.20000076293945312
2013-01-28,80.32876586914062,160.2899932861328,119.17740631103516,13.569999694824219,-0.003649665902581909,-0.002243414817202356,-0.001198897879366924,0.6799993515014648
2013-01-29,79.88472747802734,160.99000549316406,119.64598846435547,13.3100004196167,-0.005543097760290636,0.004357652623316265,0.00392409424587566,-0.25999927520751953
2013-01-30,79.74813842773438,162.19000244140625,119.17740631103516,14.319999694824219,-0.0017112902515598598,0.007426217176999296,-0.003924094245875603,1.0099992752075195
2013-01-31,80.13749694824219,161.1999969482422,118.88358306884766,14.279999732971191,0.004870472438285677,-0.006122691411324907,-0.002468471563948527,-0.039999961853027344
2013-02-01,79.09688568115234,161.4499969482422,120.10655975341797,12.899999618530273,-0.013070369153033359,0.0015496671610711066,0.010234625959286498,-1.380000114440918
2013-02-04,80.11014556884766,162.0,118.75648498535156,14.670000076293945,0.012729005258619445,0.0034008569302853,-0.01130429486365512,1.7700004577636719
2013-02-05,79.39813995361328,161.9600067138672,119.95571899414062,13.720000267028809,-0.008927565635661437,-0.0002469026145644602,0.010047614472920468,-0.9499998092651367
2013-02-06,80.04849243164062,162.38999938964844,120.04304504394531,13.40999984741211,0.008157664729633026,0.0026514131006226955,0.0007277208614680038,-0.3100004196166992
2013-02-07,79.87047576904297,161.83999633789062,119.88420104980469,13.5,-0.0022263367270312882,-0.003392675486914591,-0.0013241015343981042,0.09000015258789062
2013-02-08,80.1785888671875,161.57000732421875,120.55128479003906,13.020000457763672,0.0038502377939617577,-0.0016696396112383367,0.00554897667948266,-0.4799995422363281
2013-02-11,80.11698913574219,159.6999969482422,120.52750396728516,12.9399995803833,-0.0007685768409217662,-0.011641494508639208,-0.00019728672898694415,-0.0800008773803711
2013-02-12,79.91846466064453,159.88999938964844,120.72608184814453,12.640000343322754,-0.002481007454552179,0.001189038868357003,0.0016462174026073244,-0.2999992370605469
2013-02-13,79.26807403564453,159.0500030517578,120.8292236328125,12.979999542236328,-0.008171472906759212,-0.005267437597442791,0.0008539807538560252,0.3399991989135742
2013-02-14,79.98685455322266,158.35000610351562,120.94042205810547,12.65999984741211,0.009026852791359294,-0.0044108258534539865,0.000919870919413305,-0.31999969482421875
2013-02-15,79.754150390625,155.75999450683594,120.79747009277344,12.460000038146973,-0.002913520261006037,-0.016491485732013745,-0.0011827023121890588,-0.19999980926513672
2013-02-19,79.35706329345703,155.3300018310547,121.7027816772461,12.3100004196167,-0.004991325405296145,-0.00276442800912232,0.007466514229982418,-0.14999961853027344
2013-02-20,79.59668731689453,151.44000244140625,120.18596649169922,14.680000305175781,0.003015017941246621,-0.02536237476562978,-0.012541592602609813,2.369999885559082
2013-02-21,80.06214141845703,152.6199951171875,119.45536804199219,15.220000267028809,0.005830625514261785,0.007761616845874272,-0.006097451549406261,0.5399999618530273
2013-02-22,80.11698913574219,152.97000122070312,120.62277221679688,14.170000076293945,0.0006848297807458216,0.0022906918469714913,0.009725278400803377,-1.0500001907348633
2013-02-25,81.69151306152344,154.33999633789062,118.32769012451172,18.989999771118164,0.019462186516789375,0.008916105586720739,-0.019210280238048542,4.819999694824219
2013-02-26,81.2190933227539,156.22000122070312,119.13774108886719,16.8700008392334,-0.005799758204742209,0.012107340694240326,0.0068225012988370245,-2.1199989318847656
2013-02-27,80.97952270507812,154.57000732421875,120.63862609863281,14.729999542236328,-0.0029540423680276904,-0.010618162447447536,0.01251920387473349,-2.1400012969970703
2013-02-28,81.1301040649414,153.0,120.40044403076172,15.510000228881836,0.0018577724984290595,-0.010209194156268543,-0.0019762949240250526,0.7800006866455078
2013-03-01,81.5719223022461,152.44000244140625,120.79747009277344,15.359999656677246,0.005431024224580501,-0.003666829371253608,0.0032921215097335317,-0.15000057220458984
2013-03-04,81.13976287841797,152.3000030517578,121.44074249267578,14.010000228881836,-0.0053119779263378535,-0.0009188120822602375,0.005311085357961454,-1.3499994277954102
2013-03-05,80.90646362304688,152.3800048828125,122.52873229980469,13.479999542236328,-0.0028794180722283105,0.0005251531495988175,0.00891912416978318,-0.5300006866455078
2013-03-06,80.17243194580078,153.22999572753906,122.69551086425781,13.529999732971191,-0.009114002870186239,0.005562599618897849,0.0013602129056686876,0.05000019073486328
2013-03-07,79.55499267578125,152.69000244140625,122.91785430908203,13.0600004196167,-0.007731200160727404,-0.0035302945226979147,0.0018105163406197053,-0.4699993133544922
2013-03-08,78.7248306274414,152.7100067138672,123.44196319580078,12.59000015258789,-0.01048989875584401,0.0001310037451856418,0.004254830862550267,-0.4700002670288086
2013-03-11,78.80028533935547,152.99000549316406,123.9105453491211,11.5600004196167,0.0009580023759614218,0.0018318537547607815,0.003788784812523461,-1.0299997329711914
2013-03-12,79.3697509765625,154.19000244140625,123.63257598876953,12.270000457763672,0.0072007076819868565,0.00781302833234655,-0.0022458267123960513,0.7100000381469727
2013-03-13,79.28738403320312,153.66000366210938,123.80724334716797,11.829999923706055,-0.0010383012494720218,-0.0034432307449765156,0.0014117969199865135,-0.4400005340576172
2013-03-14,79.04730987548828,153.67999267578125,124.46642303466797,11.300000190734863,-0.003032491941788103,0.00013007752936968284,0.005310118032513163,-0.5299997329711914
2013-03-15,79.41775512695312,154.0,124.30207824707031,11.300000190734863,0.0046754270573754215,0.0020801316122226374,-0.001321267046749023,0.0
2013-03-18,80.02145385742188,155.3800048828125,123.61614227294922,13.359999656677246,0.0075728124764551106,0.008921158533619225,-0.005533580573390277,2.059999465942383
2013-03-19,80.56341552734375,156.0800018310547,123.32894134521484,14.390000343322754,0.006749872882543676,0.004494947099121029,-0.0023260317882524716,1.0300006866455078
2013-03-20,79.66475677490234,155.3699951171875,124.19044494628906,12.670000076293945,-0.011217355382948364,-0.004559370369457158,0.006961128118684099,-1.7200002670288086
2013-03-21,80.43310546875,156.25,123.12955474853516,13.989999771118164,0.009598561557542552,0.005647950939598429,-0.008579142050756808,1.3199996948242188
2013-03-22,80.49481201171875,155.5500030517578,124.11861419677734,13.569999694824219,0.0007668842915391197,-0.004490045653721258,0.008000582800737645,-0.4200000762939453
2013-03-25,80.41939544677734,155.24000549316406,123.60010528564453,13.739999771118164,-0.0009373512961281103,-0.001994901077106218,-0.00418627764144405,0.1700000762939453
2013-03-26,80.51541900634766,154.72000122070312,124.5892333984375,12.770000457763672,0.0011933225423170482,-0.00335530229094277,0.007970796448690037,-0.9699993133544922
2013-03-27,81.20149993896484,155.36000061035156,124.5892333984375,13.149999618530273,0.008485012617252485,0.004127968876901494,0.0,0.37999916076660156
2013-03-28,80.78987121582031,154.4499969482422,124.97213745117188,12.699999809265137,-0.005082117722311613,-0.005874608865923951,0.0030686187681710237,-0.4499998092651367
2013-04-01,81.39830017089844,154.6699981689453,124.47759246826172,13.579999923706055,0.007502788939606653,0.001423403605869597,-0.003965092533909437,0.880000114440918
2013-04-02,81.06829833984375,152.42999267578125,125.09184265136719,12.779999732971191,-0.004062401600298119,-0.014588376987558337,0.004922489191275324,-0.8000001907348633
2013-04-03,81.7970962524414,150.72999572753906,123.82344818115234,14.210000038146973,0.008949756073453953,-0.011215297746718735,-0.010191462682204364,1.4300003051757812
2013-04-04,82.77342224121094,150.2899932861328,124.32603454589844,13.890000343322754,0.011865277596520516,-0.0029234122040560696,0.004050679827546675,-0.31999969482421875
2013-04-05,84.44414520263672,152.80999755859375,123.76766204833984,13.920000076293945,0.01998328984615733,0.016628587367166922,-0.0045013109806993044,0.029999732971191406
2013-04-08,83.79782104492188,152.16000366210938,124.60523986816406,13.1899995803833,-0.0076833069854833035,-0.004262680775851177,0.006744544097993257,-0.7300004959106445
2013-04-09,83.59159088134766,153.33999633789062,125.0359878540039,12.84000015258789,-0.0024640778117077174,0.007725031383893976,0.003450939712570902,-0.34999942779541016
2013-04-10,82.44338989257812,150.75,126.56751251220703,12.359999656677246,-0.01383105279871976,-0.017034818641169572,0.01217426285305703,-0.48000049591064453
2013-04-11,82.60147094726562,151.0500030517578,126.98230743408203,12.239999771118164,0.0019156137576651665,0.0019880924290127428,0.003271903659854054,-0.11999988555908203
2013-04-12,83.8322525024414,143.9499969482422,126.67120361328125,12.0600004196167,0.014790319726914011,-0.048144932178246586,-0.0024529838007144728,-0.17999935150146484
2013-04-15,84.56099700927734,131.30999755859375,123.73573303222656,17.270000457763672,0.00865532387328127,-0.09190507457983844,-0.02344667523637867,5.210000038146973
2013-04-16,83.8665771484375,132.8000030517578,125.56238555908203,13.960000038146973,-0.008245963276706122,0.011283338744214735,0.014654624974728019,-3.310000419616699
2013-04-17,84.42349243164062,132.8699951171875,123.7277603149414,16.510000228881836,0.00661854044707098,0.000526909831982771,-0.014719060477355765,2.5500001907348633
2013-04-18,84.62977600097656,134.3000030517578,122.95401763916016,17.559999465942383,0.0024404576572939467,0.010704956398210237,-0.006273225526786178,1.0499992370605469
2013-04-19,84.45101165771484,135.47000122070312,124.02286529541016,14.970000267028809,-0.0021145443234108293,0.008674096350888906,0.008655501004861,-2.589999198913574
2013-04-22,84.51290130615234,137.89999389648438,124.57325744628906,14.390000343322754,0.0007325783372286534,0.01777851793528908,0.0044280099312560516,-0.5799999237060547
2013-04-23,84.21724700927734,136.8800048828125,125.85755920410156,13.479999542236328,-0.0035044667762259875,-0.007424075282657943,0.010256828886221397,-0.9100008010864258
2013-04-24,84.4303970336914,138.3699951171875,125.93734741210938,13.609999656677246,0.0025277570774038653,0.01082655613705574,0.0006337555572558599,0.13000011444091797
2013-04-25,84.0660171508789,141.6300048828125,126.44783782958984,13.619999885559082,-0.004325082555537228,0.023286836308933283,0.004045333430810584,0.010000228881835938
2013-04-26,84.83604431152344,140.91000366210938,126.22450256347656,13.609999656677246,0.009118094698814493,-0.0050966430061307215,-0.0017677860895049784,-0.010000228881835938
2013-04-29,84.52661895751953,142.3000030517578,127.07005310058594,13.710000038146973,-0.0036540013284096394,0.009816111845741552,0.00667644573530687,0.10000038146972656
2013-04-30,84.57477569580078,142.77000427246094,127.3731460571289,13.520000457763672,0.00056956052529081,0.003297447184859199,0.0023824028380818184,-0.18999958038330078
2013-05-01,85.44363403320312,141.11000061035156,126.2564468383789,14.489999771118164,0.010220844937869112,-0.011695241331580094,-0.00880580552084554,0.9699993133544922
2013-05-02,85.33334350585938,141.9199981689453,127.42900848388672,13.59000015258789,-0.0012916324467891547,0.00572377326421984,0.009244282406988517,-0.8999996185302734
2013-05-03,83.32150268554688,142.08999633789062,128.72119140625,12.850000381469727,-0.023858623678414213,0.0011971282175668827,0.010089345113660225,-0.7399997711181641
2013-05-06,83.11475372314453,142.14999389648438,129.0482940673828,12.65999984741211,-0.002484423444838028,0.0004221612830436374,0.002537948478339842,-0.1900005340576172
2013-05-07,82.79094696044922,140.3800048828125,129.702392578125,12.829999923706055,-0.0039035087103685387,-0.012529729074763163,0.005055831252308731,0.1700000762939453
2013-05-08,82.92185974121094,142.4600067138672,130.2926788330078,12.65999984741211,0.0015799962670538313,0.01470823959319662,0.004540757375994104,-0.1700000762939453
2013-05-09,82.70825958251953,140.80999755859375,129.92578125,13.130000114440918,-0.0025792443787173284,-0.011649859087374476,-0.002819921584504451,0.4700002670288086
2013-05-10,81.81944274902344,139.60000610351562,130.3485107421875,12.59000015258789,-0.010804569291311511,-0.008630212541188757,0.0032483412838210323,-0.5399999618530273
2013-05-13,81.19244384765625,138.42999267578125,130.45220947265625,12.550000190734863,-0.0076927150098377705,-0.008416504259274501,0.0007952335089275656,-0.039999961853027344
2013-05-14,80.31053161621094,137.80999755859375,131.80029296875,12.770000457763672,-0.010921421043966591,-0.0044888226191427795,0.010280896140437685,0.2200002670288086
2013-05-15,80.84793853759766,134.6300048828125,132.51022338867188,12.8100004196167,0.0066693225972493655,-0.023345595911785897,0.0053719552060472265,0.039999961853027344
2013-05-16,81.68852996826172,134.08999633789062,131.8879852294922,13.069999694824219,0.010343511617144311,-0.004019122278807547,-0.004706834522077508,0.25999927520751953
2013-05-17,80.65504455566406,131.07000732421875,133.164306640625,12.449999809265137,-0.012732248592291415,-0.022779601469059194,0.00963078845487434,-0.619999885559082
2013-05-20,80.55857849121094,135.1199951171875,133.15635681152344,13.020000457763672,-0.0011967484402773852,0.030431648851024378,-5.9701181281754815e-05,0.5700006484985352
2013-05-21,81.19244384765625,132.8800048828125,133.34776306152344,13.369999885559082,0.00783758386214163,-0.01671673431161512,0.0014364226939685694,0.34999942779541016
2013-05-22,79.98670959472656,131.94000244140625,132.35862731933594,13.819999694824219,-0.014961695967465766,-0.007099209752431566,-0.007445363357889121,0.4499998092651367
2013-05-23,80.36564636230469,134.61000061035156,131.97573852539062,14.069999694824219,0.004726310015306468,0.020034420891585903,-0.002897005544542325,0.25
2013-05-24,80.47588348388672,133.75999450683594,131.86404418945312,13.989999771118164,0.0013707546670123328,-0.0063346049211476085,-0.0008466831003326348,-0.07999992370605469
2013-05-28,78.43643951416016,133.49000549316406,132.65377807617188,14.479999542236328,-0.025668946392646608,-0.0020204984510566455,0.005971138174482854,0.48999977111816406
2013-05-29,79.318359375,134.8300018310547,131.79232788085938,14.829999923706055,0.01118101071788008,0.009988129408433648,-0.006515151655358113,0.35000038146972656
2013-05-30,79.12545776367188,136.6999969482422,132.2788848876953,14.529999732971191,-0.0024349540439154533,0.013773982178960965,0.003685048077281579,-0.3000001907348633
2013-05-31,78.85671997070312,133.9199981689453,130.3804473876953,16.299999237060547,-0.0034021312534287898,-0.02054612833699834,-0.014455763235227778,1.7699995040893555
2013-06-03,79.27458953857422,136.50999450683594,131.09832763671875,16.280000686645508,0.005285108203319312,0.019155238706458418,0.0054909393900477626,-0.019998550415039062
2013-06-04,78.54241943359375,135.22999572753906,130.46817016601562,16.270000457763672,-0.00927878893172871,-0.00942083088363743,-0.004818344055251514,-0.010000228881835938
2013-06-05,79.6268310546875,135.52000427246094,128.64149475097656,17.5,0.013712255816526795,0.002142261538931351,-0.014099865231892548,1.2299995422363281
2013-06-06,79.57850646972656,136.52999877929688,129.80604553222656,16.6299991607666,-0.0006070724411188741,0.007425099325577856,0.009011953927488039,-0.8700008392333984
2013-06-07,78.15568542480469,133.27999877929688,131.457275390625,15.140000343322754,-0.018041232785271262,-0.024092192496149724,0.012640517918882762,-1.4899988174438477
2013-06-10,77.78272247314453,133.94000244140625,131.457275390625,15.4399995803833,-0.00478347403765286,0.004939787449919778,0.0,0.2999992370605469
2013-06-11,78.70821380615234,133.25,130.1012420654297,17.06999969482422,0.01182818820232315,-0.0051648936635613095,-0.010368964374808897,1.630000114440918
2013-06-12,77.58244323730469,134.25,129.02439880371094,18.59000015258789,-0.014406363893918335,0.007476670343020137,-0.00831140798789969,1.5200004577636719
2013-06-13,78.79804229736328,133.74000549316406,130.98658752441406,16.40999984741211,0.015546997963604477,-0.0038060756896859606,0.0150934081590055,-2.1800003051757812
2013-06-14,78.61153411865234,134.42999267578125,130.16505432128906,17.149999618530273,-0.0023697194317727323,0.005145905283357988,-0.006291638890955824,0.7399997711181641
2013-06-17,78.19713592529297,133.77000427246094,131.17010498046875,16.799999237060547,-0.005285411297054226,-0.00492162373629442,0.007691698407104395,-0.35000038146972656
2013-06-18,78.23858642578125,132.1300048828125,132.2071075439453,16.610000610351562,0.0005299365239009061,-0.012335615865617823,0.007874697376561046,-0.18999862670898438
2013-06-19,77.43050384521484,130.58999633789062,130.3804473876953,16.639999389648438,-0.010382148924775583,-0.011723707191219441,-0.013912994638280912,0.029998779296875
2013-06-20,76.15966796875,123.5999984741211,127.1498031616211,20.489999771118164,-0.016548778663837,-0.05501208351122277,-0.02509075111715434,3.8500003814697266
2013-06-21,74.8681411743164,125.05000305175781,127.55796813964844,18.899999618530273,-0.017103582261766576,0.011663149049636777,0.0032049695643399712,-1.5900001525878906
2013-06-24,75.17892456054688,123.93000030517578,125.9461669921875,20.110000610351562,0.004142484614852515,-0.0089967891886606,-0.012716343789105097,1.210000991821289
2013-06-25,74.50896453857422,123.47000122070312,127.1570816040039,18.469999313354492,-0.008951485649324431,-0.0037186710729782786,0.00956861563520897,-1.6400012969970703
2013-06-26,74.99246215820312,118.27999877929688,128.41598510742188,17.209999084472656,0.006468156404747182,-0.04294353680246575,0.00985169291581979,-1.260000228881836
2013-06-27,75.75910186767578,115.94000244140625,129.16976928710938,16.860000610351562,0.010170989912134039,-0.019981847694739895,0.005852702010968064,-0.34999847412109375
2013-06-28,76.2770767211914,119.11000061035156,128.6405792236328,16.860000610351562,0.006813863152809806,0.026974604047993497,-0.004105272032313718,0.0
2013-07-01,76.43079376220703,121.12999725341797,129.3943328857422,16.3700008392334,0.0020132176874387486,0.016816885336969126,0.005842277697123738,-0.48999977111816406
2013-07-02,76.38233184814453,120.05000305175781,129.2740020751953,16.440000534057617,-0.0006342637845222216,-0.008955978266061641,-0.0009303869315516109,0.06999969482421875
2013-07-03,76.15390014648438,120.73999786376953,129.33018493652344,16.200000762939453,-0.0029951162348707265,0.005731107587480113,0.0004345085271918197,-0.23999977111816406
2013-07-05,73.55795288085938,118.08999633789062,130.72547912597656,14.890000343322754,-0.034682724555554274,-0.022192441073447897,0.010730837827127323,-1.3100004196166992
2013-07-08,74.27095794677734,119.51000213623047,131.47122192382812,14.779999732971191,0.009646429658337478,0.01195305315168202,0.005688437770423475,-0.1100006103515625
2013-07-09,74.3471450805664,120.62000274658203,132.41749572753906,14.350000381469727,0.0010252740266635746,0.009245063039676966,0.007171794747931064,-0.42999935150146484
2013-07-10,73.7656021118164,120.94999694824219,132.4656219482422,14.210000038146973,-0.007852746886481018,0.0027320810310944702,0.0003633770370491379,-0.1400003433227539
2013-07-11,74.63096618652344,124.23999786376953,134.2698516845703,14.010000228881836,0.011662990511107408,0.026837949821575214,0.013528438711051005,-0.19999980926513672
2013-07-12,74.56866455078125,124.12999725341797,134.32603454589844,13.84000015258789,-0.0008351446857531808,-0.0008857802448473976,0.0004183449190976017,-0.1700000762939453
2013-07-15,74.96324157714844,124.18000030517578,134.83920288085938,13.789999961853027,0.0052775083579229415,0.0004027469930758848,0.003813040358589811,-0.05000019073486328
2013-07-16,75.21939086914062,124.88999938964844,134.33401489257812,14.420000076293945,0.0034111739313862598,0.005701216593606186,-0.0037536318481044438,0.630000114440918
2013-07-17,75.35781860351562,123.31999969482422,134.6788330078125,13.779999732971191,0.0018386284864313407,-0.01265074444459673,0.0025635824219526556,-0.6400003433227539
2013-07-18,74.41632843017578,124.01000213623047,135.41659545898438,13.770000457763672,-0.012572297598187733,0.005579624197672816,0.005462989804677173,-0.009999275207519531
2013-07-19,75.59313201904297,125.11000061035156,135.65716552734375,12.539999961853027,0.015690046842796623,0.008831130466871416,0.0017749422197272482,-1.2300004959106445
2013-07-22,75.7038803100586,128.83999633789062,135.92178344726562,12.289999961853027,0.001463985429597969,0.029377940831470724,0.0019487372247607925,-0.25
2013-07-23,75.385498046875,129.7100067138672,135.63311767578125,12.65999984741211,-0.004214495259743999,0.006729945073879884,-0.002126022244640968,0.36999988555908203
2013-07-24,74.43018341064453,127.4800033569336,135.1359405517578,13.180000305175781,-0.012753372347622161,-0.017341725231021614,-0.0036723374969405307,0.5200004577636719
2013-07-25,74.40245056152344,128.6699981689453,135.46470642089844,12.970000267028809,-0.00037267162048951115,0.009291457084115504,0.00242989833603593,-0.21000003814697266
2013-07-26,74.85936737060547,128.77999877929688,135.60906982421875,12.720000267028809,0.006122372655593136,0.000854539664784338,0.0010651227054730142,-0.25
2013-07-29,74.31250762939453,128.47000122070312,135.19207763671875,13.390000343322754,-0.00733197448972739,-0.002410089085684926,-0.0030796953483449505,0.6700000762939453
2013-07-30,74.2848129272461,128.1199951171875,135.19207763671875,13.390000343322754,-0.00037274834250518735,-0.0027281369156585316,0.0,0.0
2013-07-31,74.55477142333984,127.95999908447266,135.28822326660156,13.449999809265137,0.00362751338362383,-0.0012495787031893267,0.0007109252216237613,0.05999946594238281
2013-08-01,73.11824035644531,126.61000061035156,136.8520050048828,12.9399995803833,-0.01945618044924112,-0.010606207573640596,0.011492596740816867,-0.5100002288818359
2013-08-02,73.92330932617188,126.36000061035156,137.08456420898438,11.979999542236328,0.010950333644972329,-0.001976519588739746,0.0016979059104014437,-0.9600000381469727
2013-08-05,73.35417175292969,125.69999694824219,136.88409423828125,11.84000015258789,-0.007728817768620926,-0.005236889446047351,-0.0014634521161511935,-0.1399993896484375
2013-08-06,73.56932067871094,123.97000122070312,136.10626220703125,12.720000267028809,0.0029287226434056724,-0.01385848062127863,-0.005698619880480659,0.880000114440918
2013-08-07,74.11753845214844,124.1500015258789,135.66519165039062,12.979999542236328,0.007424090331079629,0.0014509135479650783,-0.003245896047096026,0.25999927520751953
2013-08-08,74.3188247680664,126.86000061035156,136.16233825683594,12.729999542236328,0.002712090688969366,0.02159359677218957,0.0036578131796779845,-0.25
2013-08-09,74.43685913085938,126.86000061035156,135.76939392089844,13.40999984741211,0.0015869563363365715,0.0,-0.0028900239504060505,0.6800003051757812
2013-08-12,73.9301986694336,129.1300048828125,135.60906982421875,12.8100004196167,-0.006829850755903811,0.017735565654740437,-0.001181553710041083,-0.5999994277954102
2013-08-13,72.86153411865234,127.73999786376953,136.00999450683594,12.3100004196167,-0.014560539765922174,-0.0108227552615397,0.0029521121779501145,-0.5
2013-08-14,72.97250366210938,129.0,135.31228637695312,13.039999961853027,0.0015218609669375432,0.009815472951498759,-0.005143032599608546,0.7299995422363281
2013-08-15,71.987060546875,131.69000244140625,133.4198760986328,14.729999542236328,-0.013596319791784816,0.020638289899497057,-0.014084220832799066,1.6899995803833008
2013-08-16,71.73719024658203,132.5800018310547,132.97885131835938,14.369999885559082,-0.003477082686602395,0.006735556363018295,-0.0033110156903226103,-0.3599996566772461
2013-08-19,71.1126480102539,132.00999450683594,132.12875366210938,15.100000381469727,-0.008744094123964409,-0.004308614943246926,-0.006413249216322786,0.7300004959106445
2013-08-20,71.66088104248047,132.4499969482422,132.7783660888672,14.90999984741211,0.007679795132788996,0.003327556996308892,0.004904464096725832,-0.1900005340576172
2013-08-21,70.87667846679688,132.07000732421875,131.9603729248047,15.9399995803833,-0.01100356272222448,-0.002873052164441264,-0.006179645413712602,1.0299997329711914
2013-08-22,71.59839630126953,132.80999755859375,133.1632843017578,14.760000228881836,0.010131231850090102,0.005587376516652108,0.009074404328794436,-1.1799993515014648
2013-08-23,72.37567901611328,134.89999389648438,133.6123046875,13.979999542236328,0.010797642075560275,0.015614200939507474,0.003366281086381068,-0.7800006866455078
2013-08-26,72.73654174804688,135.4499969482422,133.1151123046875,14.989999771118164,0.004973578019904112,0.004068828031624427,-0.0037280978782031466,1.010000228881836
2013-08-27,73.65260314941406,136.75,130.97401428222656,16.770000457763672,0.012515591366211437,0.00955189530149838,-0.016215320671103612,1.7800006866455078
2013-08-28,73.05574798583984,136.7100067138672,131.43910217285156,16.489999771118164,-0.008136666411538165,-0.00029249824790502016,0.003544703739588987,-0.2800006866455078
2013-08-29,73.63874053955078,135.8699951171875,131.64767456054688,16.809999465942383,0.007948432540395291,-0.006163432755339088,0.00158557897878408,0.31999969482421875
2013-08-30,73.55546569824219,134.6199951171875,131.2306671142578,17.010000228881836,-0.0011314963043950077,-0.009242551987358015,-0.0031726295397127933,0.20000076293945312
2013-09-03,72.51795196533203,136.4199981689453,131.82411193847656,16.610000610351562,-0.014205612450499974,0.013282390492898161,0.00451195627862887,-0.39999961853027344
2013-09-04,72.35794067382812,134.66000366210938,132.91468811035156,15.880000114440918,-0.002208943857431623,-0.012985238492024438,0.008238930906169808,-0.7300004959106445
2013-09-05,71.34900665283203,132.1999969482422,133.08303833007812,15.770000457763672,-0.014041779015817503,-0.01843720597917757,0.0012658021138582602,-0.1099996566772461
2013-09-06,71.70386505126953,134.14999389648438,133.14720153808594,15.850000381469727,0.004961230376964606,0.014642627040753583,0.00048201293197860527,0.07999992370605469
2013-09-09,71.73867797851562,133.91000366210938,134.4222412109375,15.630000114440918,0.0004853919512897585,-0.0017905715189216484,0.009530604922468216,-0.2200002670288086
2013-09-10,71.23766326904297,131.74000549316406,135.41659545898438,14.529999732971191,-0.007008386923522998,-0.016337634945460925,0.007370019536041528,-1.1000003814697266
2013-09-11,71.870849609375,131.6999969482422,135.841552734375,13.819999694824219,0.008849095829096794,-0.0003037393323617421,0.003133233975656383,-0.7100000381469727
2013-09-12,71.77346801757812,127.66999816894531,135.4807586669922,14.289999961853027,-0.0013558713400488418,-0.03107779008702503,-0.0026595253311796673,0.4700002670288086
2013-09-13,72.05181121826172,127.81999969482422,135.78550720214844,14.15999984741211,0.0038705789366029544,0.0011742263444235006,0.002246860016943253,-0.13000011444091797
2013-09-16,71.57170104980469,126.44999694824219,136.57130432128906,14.380000114440918,-0.006685701376165621,-0.010776072852725437,0.005770366418544763,0.2200002670288086
2013-09-17,72.16311645507812,126.5,137.1807861328125,14.529999732971191,0.008229303841080816,0.0003953591857079829,0.004452808506806313,0.14999961853027344
2013-09-18,73.05382537841797,132.00999450683594,138.76849365234375,13.59000015258789,0.012267440455705927,0.042635327513365635,0.011507368607878302,-0.9399995803833008
2013-09-19,72.62237548828125,131.75,138.5359649658203,13.15999984741211,-0.0059234267380948525,-0.001971448259468817,-0.0016770645678179372,-0.43000030517578125
2013-09-20,73.00507354736328,127.95999908447266,137.56741333007812,13.119999885559082,0.005255862718049048,-0.029188479494947676,-0.007015891037718472,-0.039999961853027344
2013-09-23,73.54083251953125,127.55000305175781,136.93081665039062,14.3100004196167,0.007311857062356634,-0.0032092394127312043,-0.004638265398053182,1.1900005340576172
2013-09-24,74.33409118652344,127.66000366210938,136.6084747314453,14.079999923706055,0.010728881629931492,0.000862040000545821,-0.002356824619411853,-0.23000049591064453
2013-09-25,74.48719024658203,128.7899932861328,136.21359252929688,14.010000228881836,0.002057489528289814,0.008812610259893472,-0.002894798663964151,-0.06999969482421875
2013-09-26,73.96532440185547,127.79000091552734,136.73745727539062,14.0600004196167,-0.0070307733848797615,-0.007794819989308921,0.0038385299466748082,0.05000019073486328
2013-09-27,74.14615631103516,128.97000122070312,136.1089324951172,15.460000038146973,0.0024418363540912045,0.009191529856392782,-0.004607177632526302,1.3999996185302734
2013-09-30,74.034912109375,128.17999267578125,135.3836212158203,16.600000381469727,-0.001501463361615781,-0.006144359705342492,-0.0053431521047230274,1.140000343322754
2013-10-01,73.81027221679688,124.58999633789062,136.455322265625,15.539999961853027,-0.003038855360414242,-0.028407152018487033,0.007884864386795492,-1.0600004196166992
2013-10-02,73.92180633544922,127.05999755859375,136.32647705078125,16.600000381469727,0.001509951541146767,0.01963107970630708,-0.0009446761092460668,1.0600004196166992
2013-10-03,73.80321502685547,127.18000030517578,135.06932067871094,17.670000076293945,-0.0016055686839778636,0.0009440116150262174,-0.009264442370697113,1.0699996948242188
2013-10-04,73.74744415283203,126.52999877929688,136.09280395507812,16.739999771118164,-0.0007559556424815382,-0.005123983685186541,0.007548901883620092,-0.9300003051757812
2013-10-07,74.04741668701172,127.63999938964844,134.91627502441406,19.40999984741211,0.004059314977370951,0.008734372074589061,-0.008682634002116121,2.6700000762939453
2013-10-08,74.06829071044922,127.4000015258789,133.3449249267578,20.34000015258789,0.00028186103881174766,-0.0018820415130879548,-0.01171520942806041,0.9300003051757812
2013-10-09,73.47537231445312,126.11000061035156,133.44168090820312,19.600000381469727,-0.008037235562321662,-0.01017720830751646,0.000725343653476336,-0.7399997711181641
2013-10-10,73.59396362304688,124.2699966430664,136.3184051513672,16.479999542236328,0.0016127268616715521,-0.014697956002940963,0.021328828446917004,-3.1200008392333984
2013-10-11,73.57302856445312,122.5999984741211,137.1967315673828,15.720000267028809,-0.000284507530170758,-0.013529579748560205,0.0064225289007066935,-0.7599992752075195
2013-10-14,72.98005676269531,122.83000183105469,137.74465942382812,16.06999969482422,-0.008092290057694131,0.0018742894021133204,0.003985784605633658,0.34999942779541016
2013-10-15,72.93118286132812,123.7300033569336,136.74545288085938,18.65999984741211,-0.0006699127952163289,0.007300498898775199,-0.007280487797506686,2.5900001525878906
2013-10-16,73.84510040283203,123.54000091552734,138.65521240234375,14.710000038146973,0.01245336552323447,-0.001536801678475267,0.013869175892650479,-3.9499998092651367
2013-10-17,74.51482391357422,127.41999816894531,139.5819549560547,13.479999542236328,0.00902842277729361,0.030923704639582567,0.006661554167075624,-1.2300004959106445
2013-10-18,74.67533874511719,126.8499984741211,140.52467346191406,13.039999961853027,0.002151816052997062,-0.0044834283018233756,0.006731165703706913,-0.4399995803833008
2013-10-21,74.43811798095703,126.9800033569336,140.53277587890625,13.15999984741211,-0.00318175125833327,0.0010243461627259776,5.765666068232731e-05,0.11999988555908203
2013-10-22,75.26828002929688,129.33999633789062,141.34661865234375,13.329999923706055,0.011090649012865397,0.018414947525612457,0.005774420199692723,0.1700000762939453
2013-10-23,75.56129455566406,128.69000244140625,140.66978454589844,13.420000076293945,0.003885377198595981,-0.0050381372278342695,-0.0047999719042959915,0.09000015258789062
2013-10-24,75.26828002929688,129.89999389648438,141.1371307373047,13.199999809265137,-0.0038853771985960985,0.009358446213496314,0.0033167860297454456,-0.2200002670288086
2013-10-25,75.54735565185547,130.4600067138672,141.78176879882812,13.09000015258789,0.0037008887020212058,0.00430184114069166,0.0045570598370687524,-0.1099996566772461
2013-10-28,75.28919982910156,130.55999755859375,142.0073699951172,13.3100004196167,-0.0034229908525220663,0.0007661546853194367,0.0015899216211845647,0.2200002670288086
2013-10-29,75.38685607910156,129.77000427246094,142.76483154296875,13.40999984741211,0.001296241305033014,-0.006069186843828599,0.005319784235350132,0.09999942779541016
2013-10-30,74.93343353271484,129.60000610351562,142.0557403564453,13.649999618530273,-0.006032770728741915,-0.001310854659270559,-0.004979223563915047,0.23999977111816406
2013-10-31,75.09391784667969,127.73999786376953,141.6528778076172,13.75,0.0021394015651307286,-0.014455899603027917,-0.002839975903501664,0.10000038146972656
2013-11-01,74.28102111816406,126.94999694824219,141.9912872314453,13.279999732971191,-0.010884084827112195,-0.006203647298539357,0.0023861557973485262,-0.4700002670288086
2013-11-04,74.3509750366211,126.80999755859375,142.4908447265625,12.930000305175781,0.000941303695462895,-0.0011034001173000462,0.0035120519180715693,-0.34999942779541016
2013-11-05,73.46259307861328,126.55999755859375,142.0396270751953,13.270000457763672,-0.012020448004275184,-0.0019733992654948685,-0.003171667531852634,0.3400001525878906
2013-11-06,73.49754333496094,127.19999694824219,142.76483154296875,12.670000076293945,0.0004756426859624615,0.00504414218537563,0.005092659283849174,-0.6000003814697266
2013-11-07,74.1201400756836,126.16000366210938,140.95985412597656,13.90999984741211,0.008435309619335496,-0.008209655231932443,-0.012723614537631591,1.239999771118164
2013-11-08,72.33639526367188,124.27999877929688,142.8615264892578,12.899999618530273,-0.024359896454796037,-0.015013896979636615,0.013400687554626162,-1.010000228881836
2013-11-11,72.06360626220703,123.87000274658203,142.88568115234375,12.529999732971191,-0.0037782454721689536,-0.003304423963436345,0.0001690631614063344,-0.36999988555908203
2013-11-12,72.39938354492188,122.44999694824219,142.59564208984375,12.819999694824219,0.004648635444089378,-0.011529892263514105,-0.0020319309088065126,0.28999996185302734
2013-11-13,72.6651611328125,122.8499984741211,143.7398681640625,12.520000457763672,0.003664270768040716,0.00326132807082609,0.007992247723066392,-0.2999992370605469
2013-11-14,73.11287689208984,124.2699966430664,144.45703125,12.369999885559082,0.006142450166348608,0.011492504258155503,0.004976906883559966,-0.15000057220458984
2013-11-15,73.25977325439453,124.31999969482422,145.0856170654297,12.1899995803833,0.002007156548360342,0.00040229335990021333,0.004341928946308977,-0.18000030517578125
2013-11-18,73.70045471191406,122.9000015258789,144.5779266357422,13.100000381469727,0.005997306679158255,-0.01148785517697459,-0.0035053838191948625,0.9100008010864258
2013-11-19,73.14086151123047,122.94999694824219,144.26364135742188,13.390000343322754,-0.007621777358594294,0.0004067148534695573,-0.0021761784810639382,0.28999996185302734
2013-11-20,71.8957290649414,120.12000274658203,143.81239318847656,13.399999618530273,-0.017170329667073936,-0.023286477860624745,-0.0031328433045737934,0.009999275207519531
2013-11-21,72.0146255493164,119.94000244140625,144.97268676757812,12.65999984741211,0.0016523690980520989,-0.0014996278848543561,0.008035732475566217,-0.7399997711181641
2013-11-22,72.68617248535156,119.91999816894531,145.69796752929688,12.260000228881836,0.009281935781130077,-0.00016679957021943872,0.004990405850779893,-0.39999961853027344
2013-11-25,72.89598846435547,120.45999908447266,145.55294799804688,12.789999961853027,0.0028824427787865078,0.004492901489940914,-0.0009958392266134644,0.5299997329711914
2013-11-26,73.16883087158203,119.81999969482422,145.5932159423828,12.8100004196167,0.003735912943396313,-0.005327125906487885,0.0002766166934690946,0.020000457763671875
2013-11-27,73.04293823242188,119.45999908447266,145.94778442382812,12.979999542236328,-0.0017220593259042168,-0.0030090344685490583,0.002432375932136721,0.1699991226196289
2013-11-29,73.0638656616211,120.69999694824219,145.8511199951172,13.699999809265137,0.00028646755366034743,0.01032652317938159,-0.000662541433727606,0.7200002670288086
2013-12-02,72.49557495117188,117.58000183105469,145.47235107421875,14.229999542236328,-0.00780840590622172,-0.026189134272709247,-0.0026003338003357888,0.5299997329711914
2013-12-03,72.76223754882812,117.95999908447266,144.84384155273438,14.550000190734863,0.00367158079319691,0.003226607638787976,-0.004329834293501052,0.32000064849853516
2013-12-04,72.06767272949219,119.95999908447266,144.82774353027344,14.699999809265137,-0.009591529026582338,0.016812770063131668,-0.00011114671446219107,0.14999961853027344
2013-12-05,71.86420440673828,118.30000305175781,144.19117736816406,15.079999923706055,-0.0028272883302653735,-0.013934549467759712,-0.004405020885613935,0.38000011444091797
2013-12-06,72.20796203613281,118.55000305175781,145.802734375,13.789999961853027,0.004772029049420505,0.00211104147267288,0.011114534006151347,-1.2899999618530273
2013-12-09,72.37632751464844,119.72000122070312,146.17343139648438,13.489999771118164,0.002328960568824282,0.009820854927032762,0.0025392293215646864,-0.3000001907348633
2013-12-10,72.8955078125,121.81999969482422,145.64962768554688,13.90999984741211,0.007147737991985493,0.01738884972238615,-0.0035898758317160846,0.4200000762939453
2013-12-11,72.33426666259766,120.86000061035156,144.0138397216797,15.420000076293945,-0.007729047929579929,-0.00791168691971828,-0.011294523039100519,1.510000228881836
2013-12-12,72.0606460571289,118.29000091552734,143.53843688964844,15.539999961853027,-0.0037898971345083554,-0.021493611686152832,-0.003306551913109482,0.11999988555908203
2013-12-13,72.41145324707031,119.37999725341797,143.52235412597656,15.760000228881836,0.0048564100764750436,0.009172415436119621,-0.00011205127409977645,0.2200002670288086
2013-12-16,72.14478302001953,119.69000244140625,144.4168243408203,16.030000686645508,-0.0036895057098883053,0.0025934275495750453,0.006212930778334579,0.2700004577636719
2013-12-17,72.46753692626953,118.6500015258789,143.9574432373047,16.209999084472656,0.0044637198583101665,-0.008727091540916273,-0.0031860089040430723,0.17999839782714844
2013-12-18,72.10272216796875,117.61000061035156,146.41514587402344,13.800000190734863,-0.005046896020532465,-0.008803924689540665,0.01692832877650251,-2.409998893737793
2013-12-19,72.03253936767578,114.81999969482422,146.2459259033203,14.149999618530273,-0.0009738464424579303,-0.024008388970939976,-0.0011564229470888599,0.34999942779541016
2013-12-20,73.1410903930664,115.94000244140625,147.09666442871094,13.789999961853027,0.015272368324112018,0.009707154887455789,0.005800323162046038,-0.3599996566772461
2013-12-23,72.7271728515625,115.56999969482422,147.8825225830078,13.039999961853027,-0.0056752393325696935,-0.0031964326223482427,0.005328240419102911,-0.75
2013-12-24,72.14478302001953,116.0999984741211,148.20660400390625,12.479999542236328,-0.008040106386862103,0.004575471214311559,0.002189081065237128,-0.5600004196166992
2013-12-26,71.86676025390625,116.73999786376953,148.96005249023438,12.329999923706055,-0.0038611225905345373,0.005497345915552918,0.00507089260772286,-0.14999961853027344
2013-12-27,71.66267395019531,117.12000274658203,148.9519500732422,12.460000038146973,-0.002843827015493604,0.003249852187408676,-5.4394699941410476e-05,0.13000011444091797
2013-12-30,72.15538787841797,115.38999938964844,148.92767333984375,13.5600004196167,0.006851932916602195,-0.014881383746899304,-0.00016299693932755966,1.1000003814697266
2013-12-31,71.69786071777344,116.12000274658203,149.63246154785156,13.720000267028809,-0.006361047913052316,0.006306472892281937,0.004721256690429078,0.15999984741210938
2014-01-02,71.916015625,118.0,148.1984405517578,14.229999542236328,0.0030380779431345103,0.016060461656273138,-0.009629840744009074,0.5099992752075195
2014-01-03,71.916015625,119.29000091552734,148.1741943359375,13.760000228881836,0.0,0.01087288650299346,-0.00016361980169726748,-0.4699993133544922
2014-01-06,72.21868896484375,119.5,147.74476623535156,13.550000190734863,0.004199873800109247,0.001758860402907068,-0.002902337864392466,-0.21000003814697266
2014-01-07,72.40177917480469,118.81999969482422,148.65216064453125,12.920000076293945,0.0025320109958611586,-0.005706631012357315,0.006122851903557404,-0.630000114440918
2014-01-08,72.20464324951172,118.12000274658203,148.68460083007812,12.869999885559082,-0.0027265185613764642,-0.005908660231014066,0.00021820501114420775,-0.05000019073486328
2014-01-09,72.6269760131836,118.45999908447266,148.78173828125,12.890000343322754,0.005832068479093442,0.002874262992047153,0.0006530988004545014,0.020000457763671875
2014-01-10,73.49271392822266,120.26000213623047,149.1869354248047,12.140000343322754,0.01184984783172209,0.015080740254614516,0.00271973149581899,-0.75
2014-01-13,73.85875701904297,121.0199966430664,147.20196533203125,13.279999732971191,0.00496830932762946,0.006299710080651556,-0.013394562112706013,1.1399993896484375
2014-01-14,73.52088928222656,119.88999938964844,148.80606079101562,12.279999732971191,-0.004585006643611463,-0.009381142826874576,0.010838295045842895,-1.0
2014-01-15,73.44353485107422,119.66000366210938,149.60821533203125,12.279999732971191,-0.0010526961031829664,-0.0019202320624570302,0.005376126661731717,0.0
2014-01-16,73.93624877929688,119.79000091552734,149.4137725830078,12.529999732971191,0.00668634125709356,0.001085798819833523,-0.0013005249398905427,0.25
2014-01-17,74.24589538574219,120.93000030517578,148.78173828125,12.4399995803833,0.004179276239922354,0.009471650934748868,-0.004239066150796991,-0.09000015258789062
2014-01-21,74.30224609375,119.69999694824219,149.21929931640625,12.869999885559082,0.0007586861760713579,-0.01022328125188354,0.0029366431280878173,0.43000030517578125
2014-01-22,74.11923217773438,119.19000244140625,149.31649780273438,12.84000015258789,-0.0024661391451175443,-0.0042697080909429135,0.0006511680723087683,-0.029999732971191406
2014-01-23,75.16800689697266,121.79000091552734,148.09315490722656,13.770000457763672,0.014050658044997564,0.02157937863834963,-0.00822669865528066,0.9300003051757812
2014-01-24,75.6537094116211,122.29000091552734,144.93345642089844,18.139999389648438,0.006440772663121976,0.004097023071523926,-0.02156678495926652,4.369998931884766
2014-01-27,75.12574768066406,120.95999908447266,144.22048950195312,17.420000076293945,-0.007003127599839461,-0.010935375825426051,-0.004931410232322104,-0.7199993133544922
2014-01-28,75.30876159667969,120.94999694824219,145.0792999267578,15.800000190734863,0.002433138608742623,-8.269303790833496e-05,0.005937183357548966,-1.619999885559082
2014-01-29,75.92820739746094,122.47000122070312,143.68577575683594,17.350000381469727,0.008191770423529296,0.012488900176089597,-0.009651686475064081,1.5500001907348633
2014-01-30,75.70999908447266,119.7699966430664,145.20887756347656,17.290000915527344,-0.002878014303498594,-0.022292903069312663,0.01054443826706084,-0.05999946594238281
2014-01-31,76.21682739257812,120.08999633789062,144.3582305908203,18.40999984741211,0.00667203021375776,0.0026682222466366365,-0.005875317988009132,1.1199989318847656
2014-02-03,77.14546966552734,121.31999969482422,141.109375,21.440000534057617,0.012110585727761311,0.010190249127034517,-0.02276262388689999,3.030000686645508
2014-02-04,76.32687377929688,120.98999786376953,142.09780883789062,19.110000610351562,-0.01066776763741917,-0.002723800407789108,0.006980316233017028,-2.3299999237060547
2014-02-05,75.62120056152344,121.29000091552734,141.9196014404297,19.950000762939453,-0.009288413746632213,0.0024764999719102173,-0.0012549049065186321,0.8400001525878906
2014-02-06,75.29657745361328,121.23999786376953,143.79104614257812,17.229999542236328,-0.004301992950509854,-0.00041234529928657837,0.013100467084660953,-2.720001220703125
2014-02-07,75.3600845336914,122.16999816894531,145.57347106933594,15.289999961853027,0.0008430703694342951,0.007641467858454635,0.012319737664977248,-1.9399995803833008
2014-02-10,75.57176971435547,122.91999816894531,145.84085083007812,15.260000228881836,0.0028050449723617493,0.006120219937763649,0.0018350493828222228,-0.029999732971191406
2014-02-11,75.13426208496094,124.36000061035156,147.4368438720703,14.510000228881836,-0.005806122730999588,0.011646867732522596,0.010883942597276356,-0.75
2014-02-12,74.74616241455078,124.43000030517578,147.50979614257812,14.300000190734863,-0.00517880222328233,0.0005627211416357906,0.0004946811531189156,-0.21000003814697266
2014-02-13,75.16960144042969,125.48999786376953,148.27139282226562,14.140000343322754,0.0056490410486998615,0.008482745858973658,0.005149741709205012,-0.15999984741210938
2014-02-14,75.2119369506836,127.1500015258789,149.08966064453125,13.569999694824219,0.0005630413390534159,0.01314144676964577,0.005503544449422867,-0.5700006484985352
2014-02-18,75.38128662109375,127.4000015258789,149.26795959472656,13.869999885559082,0.002249101756119736,0.001964251246385302,0.001195203067228505,0.3000001907348633
2014-02-19,75.06366729736328,126.2699966430664,148.27951049804688,15.5,-0.004222405436046126,-0.00890931024990728,-0.0066440002493701215,1.630000114440918
2014-02-20,74.88026428222656,127.5999984741211,149.15451049804688,14.789999961853027,-0.002446289151773845,0.01047791408716357,0.005883674781185492,-0.7100000381469727
2014-02-21,75.27536010742188,127.58000183105469,148.98440551757812,14.680000305175781,0.00526249667452632,-0.00015672578637373395,-0.0011411123458849664,-0.1099996566772461
2014-02-24,75.08489990234375,128.99000549316406,149.81069946289062,14.229999542236328,-0.002533386240898164,0.010991291396995246,0.005530854006127453,-0.4500007629394531
2014-02-25,75.75526428222656,129.2100067138672,149.75401306152344,13.670000076293945,0.008888465442904704,0.0017041151320099485,-0.0003784584744050603,-0.5599994659423828
2014-02-26,76.15750885009766,128.11000061035156,149.76214599609375,14.350000381469727,0.005295743072188089,-0.008549765062402548,5.430715055849537e-05,0.6800003051757812
2014-02-27,76.57389831542969,128.1999969482422,150.5480194091797,14.039999961853027,0.005452585092847222,0.0007022460492867505,0.005233756945426555,-0.3100004196166992
2014-02-28,76.6161880493164,127.62000274658203,150.9287872314453,14.0,0.0005521210407874755,-0.00453440072014137,0.002526018694270549,-0.039999961853027344
2014-03-03,77.12764739990234,130.2899932861328,149.86744689941406,16.0,0.006653421073621414,0.02070556372289368,-0.00705690175706172,2.0
2014-03-04,75.96752166748047,128.67999267578125,151.97389221191406,14.100000381469727,-0.015155905261881398,-0.012434038231916314,0.01395752825262819,-1.8999996185302734
2014-03-05,76.13024139404297,128.88999938964844,152.11160278320312,13.890000343322754,0.002139673659460795,0.0016306772285005259,0.0009057359392009745,-0.21000003814697266
2014-03-06,75.3804702758789,130.1699981689453,152.46002197265625,14.210000038146973,-0.009897349571753918,0.009881951730484863,0.002287930411898308,0.31999969482421875
2014-03-07,74.90643310546875,129.08999633789062,152.5248260498047,14.109999656677246,-0.006308450461490203,-0.008331467261762834,0.0004249658862982909,-0.10000038146972656
2014-03-10,75.01253509521484,129.1300048828125,152.44387817382812,14.199999809265137,0.0014154580802458838,0.00030987952174799755,-0.0005308602276658936,0.09000015258789062
2014-03-11,75.21062469482422,129.86000061035156,151.6903533935547,14.800000190734863,0.0026372726375755505,0.0056372651087014634,-0.004955222029699723,0.6000003814697266
2014-03-12,75.73407745361328,131.75999450683594,151.73086547851562,14.470000267028809,0.006935716851162905,0.01452509239828917,0.00026703528086974195,-0.3299999237060547
2014-03-13,76.75271606445312,132.2100067138672,150.0294647216797,16.219999313354492,0.01336055064059775,0.00340957412514151,-0.01127662330673007,1.7499990463256836
2014-03-14,76.76689147949219,133.10000610351562,149.60821533203125,17.81999969482422,0.0001846723725540765,0.006709152953836264,-0.0028117269303333725,1.6000003814697266
2014-03-17,76.19391632080078,131.63999938964844,150.96119689941406,15.640000343322754,-0.007491825479981541,-0.01102985181906253,0.009002850261686941,-2.179999351501465
2014-03-18,76.46977233886719,130.6199951171875,152.0387725830078,14.520000457763672,0.0036139087260276307,-0.0077786123459218795,0.007112741485803545,-1.119999885559082
2014-03-19,75.8756103515625,128.08999633789062,151.22857666015625,15.119999885559082,-0.007800236402213457,-0.01955919383977943,-0.005343126138675934,0.5999994277954102
2014-03-20,75.74116516113281,127.86000061035156,152.11160278320312,14.520000457763672,-0.0017734874681747947,-0.0017971931407437896,0.005822035306547917,-0.5999994277954102
2014-03-21,76.56178283691406,128.47000122070312,151.52166748046875,15.0,0.01077622761582239,0.004759503433198317,-0.003885845872866429,0.4799995422363281
2014-03-24,77.10643768310547,126.18000030517578,150.89511108398438,15.09000015258789,0.007088741251769454,-0.017985962184133498,-0.00414366753032085,0.09000015258789062
2014-03-25,76.81636810302734,126.41000366210938,151.61122131347656,14.020000457763672,-0.0037690311319473506,0.0018211601163198826,0.004734522821341625,-1.0699996948242188
2014-03-26,77.41768646240234,125.41000366210938,150.520751953125,14.930000305175781,0.0077975179711167126,-0.0079422224405048,-0.007218528272010864,0.9099998474121094
2014-03-27,77.8067626953125,124.58999633789062,150.203369140625,14.619999885559082,0.005013089752885934,-0.006560082119566911,-0.002110791307233073,-0.3100004196166992
2014-03-28,77.3681411743164,124.55999755859375,150.94390869140625,14.40999984741211,-0.005653268385962132,-0.00024080899198659537,0.004918132076730879,-0.21000003814697266
2014-03-31,77.17720031738281,123.61000061035156,152.1807861328125,13.880000114440918,-0.0024710023899176606,-0.007656055088048172,0.008160894359372398,-0.5299997329711914
2014-04-01,76.51758575439453,123.38999938964844,153.1898651123047,13.100000381469727,-0.008583487178318009,-0.0017813868735330133,0.006608903954729818,-0.7799997329711914
2014-04-02,76.07786560058594,124.31999969482422,153.70257568359375,13.09000015258789,-0.005763230384729031,0.0075088182006584885,0.0033413077687118927,-0.010000228881835938
2014-04-03,76.41118621826172,123.91999816894531,153.49911499023438,13.369999885559082,0.004371738752012024,-0.0032227028320670663,-0.0013246067927696159,0.2799997329711914
2014-04-04,76.92186737060547,125.56999969482422,151.6844482421875,13.960000038146973,0.0066610952908212175,0.013227188238038482,-0.011892436906785068,0.5900001525878906
2014-04-07,77.3828353881836,124.91000366210938,150.00808715820312,15.569999694824219,0.005974793776792405,-0.0052698622747470985,-0.0111131575369654,1.609999656677246
2014-04-08,77.56722259521484,126.08999633789062,150.6265411376953,14.890000343322754,0.0023799577291519435,0.009402401345718429,0.004114328781182568,-0.6799993515014648
2014-04-09,77.18428802490234,126.31999969482422,152.2459259033203,13.819999694824219,-0.00494903539716683,0.0018224588899723945,0.010693611164144667,-1.0700006484985352
2014-04-10,77.90058135986328,127.01000213623047,149.04788208007812,15.890000343322754,0.009237502424633061,0.005447472804123671,-0.02122953641253884,2.070000648498535
2014-04-11,78.53179168701172,126.93000030517578,147.70509338378906,17.030000686645508,0.00807011669739791,-0.0006300845312460606,-0.009049936964321957,1.140000343322754
2014-04-14,78.32611846923828,127.8499984741211,148.8687744140625,16.110000610351562,-0.0026224158595196177,0.007221933997910394,0.007847535663888681,-0.9200000762939453
2014-04-15,78.81551361083984,125.48999786376953,149.89410400390625,15.609999656677246,0.006228734134715783,-0.018631632703176887,0.006863862209158212,-0.5000009536743164
2014-04-16,78.91478729248047,125.54000091552734,151.4646759033203,14.180000305175781,0.0012587777260363816,0.00039838308299643756,0.01042336393607328,-1.4299993515014648
2014-04-17,78.04956817626953,124.75,151.67630004882812,13.359999656677246,-0.011024514155849064,-0.006312705550471783,0.0013962096626593842,-0.8200006484985352
2014-04-21,77.98567199707031,124.23999786376953,152.2052459716797,13.25,-0.0008189968202029278,-0.004096572985582176,0.0034812673818427273,-0.1099996566772461
2014-04-22,78.24810028076172,123.77999877929688,152.89694213867188,13.1899995803833,0.003359434092573272,-0.0037093751967073626,0.004534201188940191,-0.06000041961669922
2014-04-23,78.69489288330078,123.76000213623047,152.53884887695312,13.270000457763672,0.005693708276523715,-0.000161562923454372,-0.0023448033028315076,0.0800008773803711
2014-04-24,78.84383392333984,124.55999755859375,152.8480682373047,13.319999694824219,0.0018908504268643131,0.006443284399615783,0.0020250996273839987,0.049999237060546875
2014-04-25,78.95730590820312,125.43000030517578,151.5948944091797,14.0600004196167,0.0014381645727328176,0.0069603285441200615,-0.008232615365087915,0.7400007247924805
2014-04-28,78.57430267333984,124.87999725341797,152.07498168945312,13.970000267028809,-0.004862566858466762,-0.004394582256213849,0.003161905200606184,-0.09000015258789062
2014-04-29,78.46794891357422,124.86000061035156,152.7830047607422,13.710000038146973,-0.0013544606620232455,-0.00016013969152065024,0.004644945356557163,-0.26000022888183594
2014-04-30,78.79415893554688,124.22000122070312,153.2387237548828,13.40999984741211,0.004148621613973007,-0.00513891756378345,0.00297834623197568,-0.3000001907348633
2014-05-01,79.63948059082031,123.80000305175781,153.25502014160156,13.25,0.010671088278134185,-0.0033868120568972798,0.00010634074631958468,-0.15999984741210938
2014-05-02,80.13005065917969,125.05999755859375,153.03526306152344,12.90999984741211,0.0061409907910351625,0.010126217716067469,-0.0014349597740326758,-0.3400001525878906
2014-05-05,79.64661407470703,126.22000122070312,153.3282012939453,13.289999961853027,-0.006051422597320918,0.00923282321005491,0.0019123580699404628,0.38000011444091797
2014-05-06,79.96659088134766,125.9800033569336,151.9936065673828,13.800000190734863,0.0040094080608632865,-0.0019032349869848157,-0.008742272527856918,0.5100002288818359
2014-05-07,79.68214416503906,124.16999816894531,152.88873291015625,13.399999618530273,-0.0035634108496439805,-0.014471611157944956,0.005871963041864092,-0.40000057220458984
2014-05-08,79.34088134765625,124.16999816894531,152.72601318359375,13.430000305175781,-0.004291999100841613,0.0,-0.0010648683940718607,0.030000686645507812
2014-05-09,79.0849380493164,124.0999984741211,152.95388793945312,12.920000076293945,-0.003231083443122619,-0.0005638997673951992,0.0014909373971528563,-0.5100002288818359
2014-05-12,78.76500701904297,124.94000244140625,154.44309997558594,12.229999542236328,-0.004053615200455781,0.006745961691050962,0.00968925360668347,-0.6900005340576172
2014-05-13,79.44757843017578,124.5999984741211,154.5814208984375,12.130000114440918,0.008628588479490636,-0.0027250474989195758,0.000895210073931371,-0.09999942779541016
2014-05-14,80.30777740478516,125.80999755859375,153.8489990234375,12.170000076293945,0.010769057267465968,0.009664218850403477,-0.00474935806862714,0.039999961853027344
2014-05-15,80.94761657714844,124.7699966430664,152.49818420410156,13.170000076293945,0.00793576592331197,-0.008300797439581266,-0.008818906443655222,1.0
2014-05-16,80.72016906738281,124.5,153.0271453857422,12.4399995803833,-0.0028137660069086816,-0.002166299613193375,0.0034626373588384,-0.7300004959106445
2014-05-19,80.1229476928711,124.58000183105469,153.588623046875,12.420000076293945,-0.007426169439745286,0.000642378619059264,0.0036624227880416725,-0.01999950408935547
2014-05-20,80.30074310302734,124.69000244140625,152.62026977539062,12.960000038146973,0.002216573899646914,0.0008825820644809731,-0.006324809777149509,0.5399999618530273
2014-05-21,79.8101577758789,124.38999938964844,153.90602111816406,11.90999984741211,-0.006128088215348038,-0.002408890273186768,0.008389224166382348,-1.0500001907348633
2014-05-22,79.69638061523438,124.66999816894531,154.28033447265625,12.029999732971191,-0.0014266146214324438,0.0022484453545559245,0.002429137641957574,0.11999988555908203
2014-05-23,80.1229476928711,124.51000213623047,154.89878845214844,11.359999656677246,0.00533812893713352,-0.0012841805482511725,0.0040006246120650535,-0.6700000762939453
2014-05-27,80.59217834472656,121.8499984741211,155.850830078125,11.510000228881836,0.005839300838947908,-0.02159528357280623,0.0061274064257031986,0.15000057220458984
2014-05-28,81.58745574951172,121.19999694824219,155.7369384765625,11.680000305175781,0.012273919658488517,-0.005348719092920464,-0.0007310402918764017,0.1700000762939453
2014-05-29,81.15383911132812,120.94000244140625,156.54258728027344,11.569999694824219,-0.005328919923926387,-0.0021474734237060316,0.005159804115850648,-0.1100006103515625
2014-05-30,81.1182632446289,120.43000030517578,156.7947998046875,11.399999618530273,-0.000438471761352541,-0.0042259012255481555,0.0016098466973895967,-0.1700000762939453
2014-06-02,80.51527404785156,119.69999694824219,156.97384643554688,11.579999923706055,-0.007461223756353986,-0.006080086737565226,0.0011412654032748571,0.18000030517578125
2014-06-03,79.52447509765625,120.01000213623047,156.8924560546875,11.869999885559082,-0.012382069007237255,0.002586503374912596,-0.000518630907733407,0.28999996185302734
2014-06-04,79.50311279296875,119.76000213623047,157.2098388671875,12.079999923706055,-0.00026866162153813634,-0.002085332494818545,0.002020888899233803,0.21000003814697266
2014-06-05,79.53873443603516,120.66000366210938,158.2352294921875,11.680000305175781,0.00044795309263185673,0.007486945414296175,0.006501253875693693,-0.39999961853027344
2014-06-06,79.53873443603516,120.61000061035156,158.99200439453125,10.729999542236328,0.0,-0.00041449870757462217,0.004771194003058724,-0.9500007629394531
2014-06-09,79.42471313476562,120.6500015258789,159.15476989746094,11.149999618530273,-0.0014345602409390036,0.0003316000625026315,0.0010232102305147719,0.4200000762939453
2014-06-10,79.1324691772461,121.38999938964844,159.1710205078125,10.989999771118164,-0.003686295180003314,0.006114693163497651,0.00010210049487336558,-0.15999984741210938
2014-06-11,79.27501678466797,121.41000366210938,158.61764526367188,11.600000381469727,0.0017997589575241952,0.00016477983735385757,-0.003482665450759344,0.6100006103515625
2014-06-12,79.98070526123047,122.63999938964844,157.49462890625,12.5600004196167,0.008862389198152168,0.010079951867740265,-0.00710520390193257,0.9600000381469727
2014-06-13,79.9378890991211,122.95999908447266,157.9747314453125,12.180000305175781,-0.00053547448067188,0.0026058621978226784,0.0030437371742220005,-0.38000011444091797
2014-06-16,80.137451171875,122.41999816894531,158.10498046875,12.649999618530273,0.0024933531398736216,-0.004401351318836742,0.0008241530594998705,0.4699993133544922
2014-06-17,79.50311279296875,122.27999877929688,158.5443878173828,12.0600004196167,-0.00794712448656789,-0.0011442534259886873,0.0027753576964936865,-0.5899991989135742
2014-06-18,80.11612701416016,122.66999816894531,159.70803833007812,10.609999656677246,0.007680994293631463,0.0031843210782079717,0.007312784461509643,-1.4500007629394531
2014-06-19,79.08971405029297,126.94000244140625,159.8870849609375,10.619999885559082,-0.01289434078876639,0.03421674499309155,0.0011204592094355183,0.010000228881835938
2014-06-20,79.68843078613281,126.5,160.21170043945312,10.850000381469727,0.007541586710794156,-0.0034722449435065487,0.0020282213154291335,0.23000049591064453
2014-06-23,79.43896484375,126.8499984741211,160.16262817382812,10.979999542236328,-0.0031354267537430603,0.0027629658487138523,-0.00030634330922313103,0.12999916076660156
2014-06-24,80.24440002441406,126.9800033569336,159.19781494140625,12.130000114440918,0.01008798896381741,0.0010243461627259776,-0.006042177035354678,1.1500005722045898
2014-06-25,80.45111083984375,126.98999786376953,159.91738891601562,11.59000015258789,0.0025727032240384917,7.870619989025702e-05,0.004509814546561314,-0.5399999618530273
2014-06-26,80.83599090576172,126.7300033569336,159.8028564453125,11.630000114440918,0.004772617181592793,-0.002049460796069654,-0.0007164543207007669,0.039999961853027344
2014-06-27,80.71482849121094,126.66000366210938,160.1136474609375,11.260000228881836,-0.0014999916152792893,-0.0005525055816399519,0.0019429514238960292,-0.36999988555908203
2014-06-30,80.91442108154297,128.0399932861328,160.0318145751953,11.569999694824219,0.0024697595554566357,0.010836302664764272,-0.0005112231608967175,0.3099994659423828
2014-07-01,80.2369613647461,127.69999694824219,161.1029815673828,11.149999618530273,-0.008407792689900807,-0.002658923525334879,0.00667116100582911,-0.4200000762939453
2014-07-02,79.37943267822266,127.69999694824219,161.26646423339844,10.819999694824219,-0.010744973185338295,0.0,0.001014256668303687,-0.3299999237060547
2014-07-03,79.09356689453125,127.16000366210938,162.0596160888672,10.319999694824219,-0.003607757719348043,-0.004237574298798854,0.004906213848692607,-0.5
2014-07-07,79.67240142822266,127.0199966430664,161.4954071044922,11.329999923706055,0.007291702428065418,-0.0011016368953835223,-0.0034875648085093336,1.010000228881836
2014-07-08,80.56573486328125,127.06999969482422,160.45700073242188,11.979999542236328,0.011150188227941385,0.00039358536836548694,-0.006450704809797417,0.6499996185302734
2014-07-09,80.63001251220703,127.83999633789062,161.17654418945312,11.649999618530273,0.0007975105221962838,0.006041340057119357,0.00447431350864152,-0.3299999237060547
2014-07-10,80.65140533447266,128.5399932861328,160.53872680664062,12.59000015258789,0.0002652856438976057,0.005460634339476959,-0.003965109996113715,0.9400005340576172
2014-07-11,81.16593933105469,128.77999877929688,160.75955200195312,12.079999923706055,0.006359463279327441,0.001865424919652749,0.0013745808468167908,-0.5100002288818359
2014-07-14,80.81575775146484,125.72000122070312,161.56900024414062,11.819999694824219,-0.004323724611345005,-0.024048290991992773,0.0050225146864466014,-0.26000022888183594
2014-07-15,80.65140533447266,124.52999877929688,161.26646423339844,11.960000038146973,-0.002035738667982403,-0.0095105807084893,-0.001874243276176989,0.1400003433227539
2014-07-16,81.08018493652344,124.97000122070312,161.8634490966797,11.0,0.005302372974041889,0.003527077335086919,0.003695018739406801,-0.9600000381469727
2014-07-17,82.10212707519531,127.08999633789062,160.0236358642578,14.539999961853027,0.012525321973230462,0.01682174981323043,-0.011431544500766503,3.5399999618530273
2014-07-18,81.837646484375,126.12999725341797,161.65896606445312,12.0600004196167,-0.003226560761063678,-0.007582368755593338,0.010167440068593889,-2.479999542236328
2014-07-21,82.24502563476562,126.33999633789062,161.35643005371094,12.8100004196167,0.004965545504337599,0.0016635571611118736,-0.0018731992520562941,0.75
2014-07-22,82.41648864746094,125.73999786376953,162.0596160888672,12.239999771118164,0.0020826126301128705,-0.004760390518762728,0.004348498793514822,-0.5700006484985352
2014-07-23,82.30933380126953,125.62000274658203,162.4193878173828,11.520000457763672,-0.0013010086665575721,-0.0009547670752033489,0.002217535628591488,-0.7199993133544922
2014-07-24,81.69474792480469,124.3499984741211,162.4275665283203,11.84000015258789,-0.0074947982619749135,-0.010161340911870228,5.035424115763361e-05,0.31999969482421875
2014-07-25,82.6595458984375,125.79000091552734,161.66709899902344,12.6899995803833,0.011740600547917271,0.01151369915042729,-0.004692881468540459,0.8499994277954102
2014-07-28,82.5451889038086,125.58000183105469,161.7325439453125,12.5600004196167,-0.0013844277893233007,-0.0016708368622554031,0.0004047311035138818,-0.12999916076660156
2014-07-29,82.84525299072266,125.19999694824219,161.03756713867188,13.279999732971191,0.0036285581283652126,-0.003030585975810523,-0.004306333559241789,0.7199993133544922
2014-07-30,81.69474792480469,124.83000183105469,161.0620880126953,13.329999923706055,-0.01398473088695915,-0.0029596079595894664,0.0001522564441075478,0.05000019073486328
2014-07-31,81.45183563232422,123.38999938964844,157.88137817382812,16.950000762939453,-0.0029778431970469434,-0.011602760367427354,-0.01994595046941957,3.6200008392333984
2014-08-01,82.08233642578125,124.37999725341797,157.39891052246094,17.030000686645508,0.007710974527275347,0.007991307629640355,-0.003060565758620089,0.07999992370605469
2014-08-04,81.86737823486328,123.98999786376953,158.5355224609375,15.119999885559082,-0.00262224688267543,-0.0031404736308630744,0.007195270432880779,-1.9100008010864258
2014-08-05,82.13247680664062,123.87000274658203,156.998291015625,16.8700008392334,0.0032329150852643132,-0.0009682492234866406,-0.009743764641514977,1.7500009536743164
2014-08-06,82.1826171875,125.66999816894531,157.0474090576172,16.3700008392334,0.000610295514512365,0.014426758317503117,0.00031280824657839,-0.5
2014-08-07,82.94928741455078,126.18000030517578,156.19700622558594,16.65999984741211,0.009285616096857718,0.004050052304525599,-0.005429657352398253,0.28999900817871094
2014-08-08,82.77020263671875,126.19000244140625,158.00404357910156,15.770000457763672,-0.002161300972971656,7.926565064659302e-05,0.011502554039837581,-0.8899993896484375
2014-08-11,82.76302337646484,125.95999908447266,158.46188354492188,14.229999542236328,-8.674101787683578e-05,-0.0018243380474585883,0.0028934570581059236,-1.5400009155273438
2014-08-12,82.22561645507812,125.98999786376953,158.24111938476562,14.130000114440918,-0.006514494846462822,0.00023813280255596478,-0.0013941402125712792,-0.09999942779541016
2014-08-13,82.76302337646484,126.19999694824219,159.3123016357422,12.899999618530273,0.006514494846462917,0.0016654041582138744,0.006746495190974113,-1.2300004959106445
2014-08-14,83.42932891845703,126.30999755859375,160.0644989013672,12.420000076293945,0.008018529166926035,0.0008712575320018362,0.004710415128293049,-0.4799995422363281
2014-08-15,84.33930206298828,125.4800033569336,160.0318145751953,13.149999618530273,0.010848059771651644,-0.00659277338198299,-0.00020421557455934145,0.7299995422363281
2014-08-18,83.50098419189453,124.95999908447266,161.37278747558594,12.319999694824219,-0.009989554488777823,-0.004152731310402707,0.008344502056910971,-0.8299999237060547
2014-08-19,83.24307250976562,124.68000030517578,162.2149658203125,12.210000038146973,-0.003093506214379639,-0.002243221418003945,0.00520526650160354,-0.1099996566772461
2014-08-20,83.10691833496094,124.22000122070312,162.6483154296875,11.779999732971191,-0.001636960777899459,-0.0036962603887065737,0.002667890718477777,-0.43000030517578125
2014-08-21,83.57266235351562,122.87999725341797,163.12252807617188,11.760000228881836,0.005588509747685099,-0.010845949910482008,0.0029113285665876266,-0.01999950408935547
2014-08-22,84.03839111328125,123.19000244140625,162.86907958984375,11.470000267028809,0.005557270224529992,0.0025196517444803458,-0.0015549390317690774,-0.28999996185302734
2014-08-25,84.35365295410156,122.73999786376953,163.69488525390625,11.699999809265137,0.0037443836602604713,-0.003659619235666915,0.005057553883633256,0.22999954223632812
2014-08-26,84.08134460449219,123.3499984741211,163.8011932373047,11.630000114440918,-0.003233396750101859,0.0049575510486128994,0.0006492168554941346,-0.06999969482421875
2014-08-27,84.79788970947266,123.31999969482422,163.73580932617188,11.779999732971191,0.008485938579989099,-0.00024323006176227963,-0.0003992459568817286,0.14999961853027344
2014-08-28,85.24210357666016,124.0,163.64588928222656,12.050000190734863,0.005224828220061956,0.005498965061752994,-0.0005493284846938191,0.2700004577636719
2014-08-29,85.29939270019531,123.86000061035156,164.1120147705078,12.09000015258789,0.0006718496898502847,-0.0011296651673684001,0.0028443298957679846,0.039999961853027344
2014-09-02,83.82796478271484,121.6500015258789,164.03016662597656,12.25,-0.01740067445263789,-0.01800381866494826,-0.0004988578175492138,0.15999984741210938
2014-09-03,84.29473876953125,122.1500015258789,163.94020080566406,12.359999656677246,0.005552791815852792,0.004101728422874365,-0.0005486216530692749,0.1099996566772461
2014-09-04,83.2678451538086,121.4800033569336,163.70306396484375,12.640000343322754,-0.012256990168383518,-0.005500142384415236,-0.0014475309443237887,0.2800006866455078
2014-09-05,83.10981750488281,122.05999755859375,164.43902587890625,12.09000015258789,-0.0018996263551465608,0.004763039303479569,0.004485636989957157,-0.5500001907348633
2014-09-08,83.14572143554688,120.7300033569336,164.0137939453125,12.65999984741211,0.0004319126021428938,-0.010956031965065586,-0.0025893044328365524,0.5699996948242188
2014-09-09,83.08110809326172,120.87000274658203,162.97537231445312,13.5,-0.0007774117538366938,0.0011589354452107377,-0.006351434413712015,0.8400001525878906
2014-09-10,82.55683898925781,120.26000213623047,163.5886993408203,12.880000114440918,-0.006330323020655129,-0.005059527219948347,0.0037562475528779443,-0.619999885559082
2014-09-11,82.28396606445312,119.47000122070312,163.77670288085938,12.800000190734863,-0.003310747893564084,-0.006590779328069263,0.0011485853998729472,-0.07999992370605469
2014-09-12,81.4222183227539,118.37999725341797,162.82003784179688,13.3100004196167,-0.010528077538632358,-0.009165537985610185,-0.005858403688153073,0.5100002288818359
2014-09-15,81.54430389404297,118.63999938964844,162.69735717773438,14.119999885559082,0.0014982904766851547,0.002193926623932413,-0.000753757997255838,0.8099994659423828
2014-09-16,81.21393585205078,118.83000183105469,163.92384338378906,12.729999542236328,-0.004059622372760774,0.0016002230258534479,0.007510179796731487,-1.390000343322754
2014-09-17,81.00569152832031,117.54000091552734,164.1446533203125,12.649999618530273,-0.002567438250036016,-0.01091520673738707,0.0013461211429007438,-0.07999992370605469
2014-09-18,81.26419067382812,117.77999877929688,165.01954650878906,12.029999732971191,0.0031860424210033945,0.0020397581785849142,0.005315859070843962,-0.619999885559082
2014-09-19,82.29829406738281,117.08999633789062,164.87081909179688,12.109999656677246,0.012644918840190504,-0.005875628567548555,-0.000901677906221933,0.07999992370605469
2014-09-22,82.39884185791016,116.8499984741211,163.5975799560547,13.6899995803833,0.0012210024473617964,-0.0020517906581858703,-0.0077526210531367315,1.5799999237060547
2014-09-23,82.90875244140625,117.5999984741211,162.6610870361328,14.930000305175781,0.006169253178106242,0.006397974562940498,-0.005740816025219668,1.2400007247924805
2014-09-24,82.44911193847656,117.05000305175781,163.93435668945312,13.270000457763672,-0.005559356834633737,-0.004687802480188137,0.007797268019081253,-1.6599998474121094
2014-09-25,83.42579650878906,117.38999938964844,161.2891082763672,15.640000343322754,0.011776294157290245,0.002900499681904287,-0.0162676253922185,2.369999885559082
2014-09-26,83.3037109375,117.05999755859375,162.5706787109375,14.850000381469727,-0.0014644749448204308,-0.002815116684031948,0.007914394905471226,-0.7899999618530273
2014-09-29,83.9715805053711,117.02999877929688,162.2749786376953,15.979999542236328,0.00798531703055933,-0.00025630125106070766,-0.0018205578447856854,1.1299991607666016
2014-09-30,83.49765014648438,116.20999908447266,161.84779357910156,16.309999465942383,-0.00565992477815738,-0.007031410399421769,-0.0026359475023615187,0.3299999237060547
2014-10-01,85.11671447753906,116.7699966430664,159.6544647216797,16.709999084472656,0.0192049366327163,0.004807267982801864,-0.013644463319357761,0.39999961853027344
2014-10-02,84.37519836425781,116.73999786376953,159.67906188964844,16.15999984741211,-0.008749925961536167,-0.00025693786276910794,0.00015405315112653823,-0.5499992370605469
2014-10-03,84.73516082763672,114.61000061035156,161.4370574951172,14.550000190734863,0.0042571372769675386,-0.018414155642527203,0.010949392216898293,-1.609999656677246
2014-10-06,84.78557586669922,116.02999877929688,161.24813842773438,15.460000038146973,0.0005947949676473454,0.012313702004798997,-0.0011709188481815562,0.9099998474121094
2014-10-07,85.93023681640625,116.36000061035156,158.7589874267578,17.200000762939453,0.01341033482532781,0.002840071033501484,-0.01555716109287104,1.7400007247924805
2014-10-08,85.9518051147461,117.47000122070312,161.53565979003906,15.109999656677246,0.00025096628141865057,0.009494153355036908,0.01733867206049947,-2.090001106262207
2014-10-09,85.57748413085938,117.63999938964844,158.33187866210938,18.760000228881836,-0.004364520831835786,0.0014461162700842916,-0.020032594015541767,3.65000057220459
2014-10-10,86.4269790649414,117.58999633789062,156.52456665039062,21.239999771118164,0.009877672070551104,-0.00042514180520484993,-0.011480354864407478,2.479999542236328
2014-10-13,86.9524917602539,118.5199966430664,153.953369140625,24.639999389648438,0.006062013018097924,0.007877727689301057,-0.01656321428974246,3.3999996185302734
2014-10-14,87.52124786376953,118.58999633789062,154.19161987304688,22.790000915527344,0.006519698831367377,0.0005904407146892826,0.0015463550496808548,-1.8499984741210938
2014-10-15,88.2124252319336,118.98999786376953,153.14833068847656,25.270000457763672,0.007866232122940742,0.0033673029177564103,-0.0067891804499824,2.479999542236328
2014-10-16,87.65087127685547,119.22000122070312,153.01690673828125,25.200000762939453,-0.006386277009295786,0.0019310980168237603,-0.0008585165276899143,-0.06999969482421875
2014-10-17,87.16133880615234,118.98999786376953,154.8241729736328,21.989999771118164,-0.005600681440877531,-0.0019310980168237627,0.011741688279959491,-3.210000991821289
2014-10-20,87.47809600830078,119.80000305175781,156.32742309570312,18.56999969482422,0.0036275604057090342,0.006784273141083318,0.009662568580612086,-3.4200000762939453
2014-10-21,86.77974700927734,120.0199966430664,159.42445373535156,16.079999923706055,-0.00801516563718261,0.00183465643646135,0.01961749202198967,-2.489999771118164
2014-10-22,86.87332916259766,119.33999633789062,158.290771484375,17.8700008392334,0.001077805984697309,-0.0056818361839991085,-0.007136498174978231,1.7900009155273438
2014-10-23,86.1030044555664,118.5199966430664,160.13092041015625,16.530000686645508,-0.008906765260075803,-0.006894837025991361,0.011558065658614766,-1.3400001525878906
2014-10-24,86.18939208984375,118.3499984741211,161.3631134033203,16.110000610351562,0.0010028027150224047,-0.0014353713145334821,0.0076654550138824575,-0.4200000762939453
2014-10-27,86.34780883789062,118.05999755859375,161.14134216308594,16.040000915527344,0.0018363204191459523,-0.0024533739338829107,-0.0013753067367766542,-0.06999969482421875
2014-10-28,85.80787658691406,118.0999984741211,162.9897003173828,14.390000343322754,-0.006272624920669912,0.000338761149914085,0.011405129085100964,-1.6500005722045898
2014-10-29,86.00222778320312,116.41000366210938,162.74322509765625,15.149999618530273,0.0022623963811609325,-0.01441323656422149,-0.0015133580153335203,0.7599992752075195
2014-10-30,86.07420349121094,115.19000244140625,163.78648376464844,14.520000457763672,0.0008365551478757346,-0.010535513585850021,0.006389998756888164,-0.6299991607666016
2014-10-31,85.85104370117188,112.66000366210938,165.65945434570312,14.029999732971191,-0.0025960109874640265,-0.022208494160597073,0.011370550029295658,-0.49000072479248047
2014-11-03,85.85100555419922,112.1500015258789,165.74986267089844,14.729999542236328,-4.443391657036769e-07,-0.004537191400506066,0.0005455991898591566,0.6999998092651367
2014-11-04,86.11805725097656,112.22000122070312,165.17478942871094,14.890000343322754,0.003105813418854601,0.0006239666286797927,-0.0034755574564893418,0.16000080108642578
2014-11-05,85.9953842163086,109.79000091552734,166.21810913085938,14.170000076293945,-0.0014254907042127798,-0.021891782615057327,0.006296593280845599,-0.7200002670288086
2014-11-06,85.43965911865234,109.87999725341797,166.88345336914062,13.670000076293945,-0.0064832374219530205,0.0008193776453400158,0.003994848406771385,-0.5
2014-11-07,86.42117309570312,112.97000122070312,167.03956604003906,13.119999885559082,0.011422319278230479,0.027733471313511962,0.000935021985296659,-0.5500001907348633
2014-11-10,85.62730407714844,110.45999908447266,167.5653076171875,12.670000076293945,-0.009228499615457318,-0.022468851359662735,0.0031424647468354105,-0.4499998092651367
2014-11-11,85.68501281738281,112.04000091552734,167.7296600341797,12.920000076293945,0.0006737255494917952,0.014202502378614763,0.0009803453437214212,0.25
2014-11-12,85.6128921508789,111.5,167.54888916015625,13.020000457763672,-0.0008420496535399717,-0.004831367663167211,-0.0010783325803248802,0.10000038146972656
2014-11-13,85.8149642944336,111.66999816894531,167.73777770996094,13.789999961853027,0.002357519265960037,0.0015234861605119636,0.0011267287873452617,0.7699995040893555
2014-11-14,86.23351287841797,114.47000122070312,167.7788848876953,13.3100004196167,0.004865482293718995,0.024764713533656276,0.0002450380712647549,-0.4799995422363281
2014-11-17,86.01705169677734,114.05000305175781,167.88568115234375,13.989999771118164,-0.00251333046274948,-0.0036758151058755954,0.0006363273282726584,0.6799993515014648
2014-11-18,86.25516510009766,115.05000305175781,168.85507202148438,13.859999656677246,0.0027643871935119895,0.008729867518400021,0.005757506555737116,-0.13000011444091797
2014-11-19,85.70668029785156,113.68000030517578,168.5839385986328,13.960000038146973,-0.006379166971236684,-0.011979356533504938,-0.0016070073267631336,0.10000038146972656
2014-11-20,86.15416717529297,114.86000061035156,168.8796844482422,13.579999923706055,0.005207560596747022,0.010326514276663132,0.0017527573648026755,-0.38000011444091797
2014-11-21,86.67376708984375,115.38999938964844,169.78329467773438,12.899999618530273,0.006012933988786803,0.004603689167085155,0.005336351650476665,-0.6800003051757812
2014-11-24,86.74590301513672,115.11000061035156,170.259765625,12.619999885559082,0.0008319232692545465,-0.0024294916878058385,0.0028024171919487535,-0.2799997329711914
2014-11-25,87.46760559082031,115.37999725341797,170.13656616210938,12.25,0.008285312774858973,0.0023428067947762364,-0.0007238589653610285,-0.36999988555908203
2014-11-26,87.70574188232422,115.16000366210938,170.57186889648438,12.069999694824219,0.002718866101899053,-0.0019085074799196843,0.002555281445602529,-0.18000030517578125
2014-11-28,88.39851379394531,112.11000061035156,170.21043395996094,13.329999923706055,0.007867788119328893,-0.026841959934437463,-0.0021212079912461,1.260000228881836
2014-12-01,87.88284301757812,116.58000183105469,169.0275421142578,14.15999984741211,-0.005850559090345591,0.03909721071410293,-0.00697384563782156,0.8299999237060547
2014-12-02,87.02935028076172,115.13999938964844,170.1200714111328,12.850000381469727,-0.009759176815606082,-0.012428974377113709,0.006442817419513346,-1.3099994659423828
2014-12-03,87.36932373046875,116.33000183105469,170.77728271484375,12.5,0.003898812674906446,0.010282221622139046,0.003855777171558084,-0.35000038146972656
2014-12-04,88.099853515625,115.87999725341797,170.5883026123047,12.380000114440918,0.008326636249481318,-0.0038758463696522295,-0.0011072007839556329,-0.11999988555908203
2014-12-05,87.5862808227539,114.43000030517578,170.8675994873047,11.890000343322754,-0.005846496169951103,-0.012591864202654362,0.0016359180530845828,-0.48999977111816406
2014-12-08,88.65678405761719,115.77999877929688,169.7257537841797,14.210000038146973,0.012148181839818294,0.011728543111015293,-0.006705063208467453,2.3199996948242188
2014-12-09,89.11241912841797,118.19000244140625,169.61077880859375,15.350000381469727,0.005126153016136273,0.020601691573211994,-0.0006776457524757855,1.140000343322754
2014-12-10,89.7634506225586,117.95999908447266,166.89173889160156,18.530000686645508,0.007279174879149221,-0.0019479434950336577,-0.016160943545607608,3.1800003051757812
2014-12-11,90.13236999511719,117.69000244140625,167.73777770996094,20.079999923706055,0.004101483719415065,-0.0022915065517861103,0.005056580959437391,1.5499992370605469
2014-12-12,91.35476684570312,117.41000366210938,165.02694702148438,21.079999923706055,0.013471096161956152,-0.002381955801053023,-0.01629313720028209,1.0
2014-12-15,91.16671752929688,114.38999938964844,163.8932647705078,20.420000076293945,-0.0020605725795804167,-0.026058456631024355,-0.006893384471937008,-0.6599998474121094
2014-12-16,92.29505157470703,114.94999694824219,162.57888793945312,23.56999969482422,0.012300636561272445,0.004883567458748182,-0.008052043162939612,3.1499996185302734
2014-12-17,91.46327209472656,114.2699966430664,165.7662353515625,19.440000534057617,-0.009053033835290707,-0.005933184879209219,0.01941522689515262,-4.129999160766602
2014-12-18,89.83582305908203,115.1500015258789,169.86546325683594,16.809999465942383,-0.01795367758765535,0.007671599736508545,0.024428156018878915,-2.6300010681152344
2014-12-19,91.0437240600586,114.7699966430664,170.58816528320312,16.489999771118164,0.01335605905746913,-0.0033055430745708814,0.0042455303824857,-0.31999969482421875
2014-12-22,91.16671752929688,112.55000305175781,171.3729248046875,15.25,0.0013500158042043507,-0.019532501975925175,0.004589767209626742,-1.239999771118164
2014-12-23,89.35843658447266,112.73999786376953,171.6041717529297,14.800000190734863,-0.020034232191555167,0.0016866692377105724,0.001348468953782421,-0.4499998092651367
2014-12-24,89.84477996826172,112.7699966430664,171.62069702148438,14.369999885559082,0.005427855450170563,0.00026605277109273347,9.62941212649669e-05,-0.43000030517578125
2014-12-26,90.17822265625,114.83000183105469,172.1741485595703,14.5,0.0037044495919414124,0.018102473257655193,0.0032196644208051634,0.13000011444091797
2014-12-29,90.85235595703125,113.66999816894531,172.4054412841797,15.0600004196167,0.007447762936814844,-0.010153292143778678,0.0013424634897888606,0.5600004196166992
2014-12-30,91.09876251220703,115.19999694824219,171.4803009033203,15.920000076293945,0.0027084934446573753,0.013370224180731385,-0.005380523233541746,0.8599996566772461
2014-12-31,91.2727279663086,113.58000183105469,169.7787322998047,19.200000762939453,0.0019078147183103733,-0.014162271200273567,-0.009972381912026948,3.280000686645508
2015-01-02,92.28751373291016,114.08000183105469,169.68785095214844,17.790000915527344,0.011056818138715034,0.0043925221460414865,-0.0005354362067505244,-1.4099998474121094
2015-01-05,93.73725128173828,115.80000305175781,166.623291015625,19.920000076293945,0.015586816084398726,0.014964618775983719,-0.018225056376497736,2.1299991607666016
2015-01-06,95.42610168457031,117.12000274658203,165.053955078125,21.1200008392334,0.017856474320099167,0.01133448217141997,-0.009463101054844148,1.2000007629394531
2015-01-07,95.2376480102539,116.43000030517578,167.11068725585938,19.309999465942383,-0.0019768176802156616,-0.005908836993974842,0.012383969881423288,-1.8100013732910156
2015-01-08,93.97640991210938,115.94000244140625,170.07608032226562,17.010000228881836,-0.013331533522435036,-0.004217399700950183,0.01758947744295253,-2.299999237060547
2015-01-09,95.0057144165039,117.26000213623047,168.71315002441406,17.549999237060547,0.010893249151304811,0.011320872784880804,-0.008045932564743478,0.5399990081787109
2015-01-12,95.54936218261719,118.55999755859375,167.3915252685547,19.600000381469727,0.005705953898663126,0.011025431201653892,-0.007864404542715232,2.0500011444091797
2015-01-13,95.54936218261719,118.16000366210938,166.92068481445312,20.559999465942383,0.0,-0.003379471739693634,-0.002816772772354436,0.9599990844726562
2015-01-14,96.27415466308594,117.97000122070312,165.91297912597656,21.479999542236328,0.007556903779040789,-0.0016093040146014643,-0.006055329594215205,0.9200000762939453
2015-01-15,97.78910827636719,120.94000244140625,164.39306640625,22.389999389648438,0.01561330429978948,0.024864209830664365,-0.009203122183192107,0.9099998474121094
2015-01-16,96.54235076904297,122.5199966430664,166.5489959716797,20.950000762939453,-0.012831423378164128,0.01297967953352017,0.013029229643504597,-1.4399986267089844
2015-01-20,97.82537078857422,124.19999694824219,166.90419006347656,19.889999389648438,0.013202178271112343,0.013618890362551296,0.00213039935446761,-1.0600013732910156
2015-01-21,96.6946029663086,124.2300033569336,167.74668884277344,18.850000381469727,-0.01162636965036726,0.00024156831944978564,0.005035101428605722,-1.039999008178711
2015-01-22,96.34662628173828,125.2300033569336,170.2413330078125,16.399999618530273,-0.00360520975575051,0.008017360134577187,0.014761999275899147,-2.450000762939453
2015-01-23,97.68763732910156,124.2300033569336,169.30787658691406,16.65999984741211,0.013822634972358163,-0.008017360134577146,-0.005498223798428829,0.26000022888183594
2015-01-26,97.39038848876953,122.98999786376953,169.70437622070312,15.520000457763672,-0.0030474890150880684,-0.010031679362329541,0.002339147398339074,-1.1399993896484375
2015-01-27,97.54266357421875,124.4000015258789,167.46588134765625,17.219999313354492,0.0015623324501564113,0.011399158685807192,-0.013278322820640755,1.6999988555908203
2015-01-28,99.1373291015625,123.41999816894531,165.31820678710938,20.440000534057617,0.016216194139428833,-0.007909034514030033,-0.012907494405722735,3.220001220703125
2015-01-29,98.48500061035156,120.76000213623047,166.84640502929688,18.760000228881836,-0.00660179304028423,-0.02178803552843412,0.009201516177536883,-1.6800003051757812
2015-01-30,100.2317886352539,123.44999694824219,164.74826049804688,20.969999313354492,0.017581131670814765,0.022031068542067805,-0.012655043948609508,2.2099990844726562
2015-02-02,99.85346221923828,122.41999816894531,166.78855895996094,19.43000030517578,-0.003781656721502894,-0.008378450604819716,0.01230828131184086,-1.539999008178711
2015-02-03,97.73986053466797,121.05000305175781,169.2004852294922,17.329999923706055,-0.02139426852467501,-0.011254031870982083,0.014357418749597317,-2.1000003814697266
2015-02-04,97.90692138671875,121.58000183105469,168.5561981201172,18.329999923706055,0.0017077806341927275,0.004368788786280421,-0.00381510076692785,1.0
2015-02-05,96.83199310302734,121.79000091552734,170.25778198242188,16.850000381469727,-0.011039798634177447,0.0017257602352123193,0.010044438945163017,-1.4799995422363281
2015-02-06,95.11788940429688,118.63999938964844,169.78695678710938,17.290000915527344,-0.01786038357232082,-0.026204564931172653,-0.0027691973585080207,0.4400005340576172
2015-02-09,94.96533203125,119.16999816894531,169.0270233154297,18.549999237060547,-0.0016051643553884958,0.004457337052542182,-0.004485852359375629,1.2599983215332031
2015-02-10,94.20999145507812,118.47000122070312,170.82774353027344,17.229999542236328,-0.007985656652229669,-0.005891255467082124,0.01059709759575798,-1.3199996948242188
2015-02-11,94.38430786132812,117.06999969482422,170.9268341064453,16.959999084472656,0.0018485866913516297,-0.01188773038576783,0.0005798932066041926,-0.2700004577636719
2015-02-12,94.07199096679688,117.33999633789062,172.57064819335938,15.34000015258789,-0.0033144785543742336,0.0023036284035265445,0.009571113153553213,-1.6199989318847656
2015-02-13,93.1059799194336,117.9800033569336,173.28102111816406,14.6899995803833,-0.01032193713324724,0.005439474740014081,0.004107968743967867,-0.6500005722045898
2015-02-17,91.7042007446289,116.01000213623047,173.5536346435547,15.800000190734863,-0.015170225503329322,-0.016838734326833547,0.0015720088924354317,1.1100006103515625
2015-02-18,92.24897766113281,116.33999633789062,173.57008361816406,15.449999809265137,0.005923012734906469,0.0028404943034609498,9.47729801009233e-05,-0.35000038146972656
2015-02-19,91.63887786865234,115.94000244140625,173.4462127685547,15.289999961853027,-0.006635588079824541,-0.003444070035884628,-0.0007139195257421258,-0.15999984741210938
2015-02-20,91.90754699707031,115.27999877929688,174.48704528808594,14.300000190734863,0.0029275353142877935,-0.005708895866845205,0.005982961388234703,-0.9899997711181641
2015-02-23,92.96076202392578,115.43000030517578,174.46212768554688,14.5600004196167,0.011394342571842535,0.0013003471683988895,-0.00014281508317712802,0.26000022888183594
2015-02-24,94.180908203125,115.26000213623047,174.95782470703125,13.6899995803833,0.013039997637058844,-0.0014738237281034486,0.002837258437142546,-0.8700008392333984
2015-02-25,94.5876235961914,115.69999694824219,174.80914306640625,13.84000015258789,0.004309150667647423,0.003810143280624359,-0.0008501754784166729,0.15000057220458984
2015-02-26,93.29485321044922,116.06999969482422,174.6026153564453,13.90999984741211,-0.013761696249523638,0.003192846928133665,-0.0011821453001150677,0.06999969482421875
2015-02-27,94.07926940917969,116.16000366210938,174.00787353515625,13.34000015258789,0.008372776029871522,0.000775127851616969,-0.003412074032487998,-0.5699996948242188
2015-03-02,92.32686614990234,115.68000030517578,175.1064910888672,13.039999961853027,-0.01880254511805879,-0.004140821554351363,0.00629376096498225,-0.3000001907348633
2015-03-03,91.99214935302734,115.47000122070312,174.3878936767578,13.859999656677246,-0.0036319330796914947,-0.0018169945131893267,-0.0041122172834583545,0.8199996948242188
2015-03-04,92.02123260498047,115.11000061035156,173.65267944335938,14.229999542236328,0.0003160993171890255,-0.0031225683060647487,-0.004224882865901892,0.36999988555908203
2015-03-05,91.90481567382812,115.0,173.84271240234375,14.039999961853027,-0.0012659103785306108,-0.0009560698660537595,0.0010937294846923016,-0.18999958038330078
2015-03-06,89.87442016601562,111.86000061035156,171.3976593017578,15.199999809265137,-0.022340064767280503,-0.027684033513420175,-0.014164588971838248,1.1599998474121094
2015-03-09,90.70404815673828,111.97000122070312,172.10809326171875,15.0600004196167,0.009188624043615224,0.0009828943243309087,0.0041363788966993584,-0.1399993896484375
2015-03-10,91.89751434326172,111.41999816894531,169.31614685058594,16.690000534057617,0.013071993084785289,-0.004924161015297649,-0.01635506983543855,1.630000114440918
2015-03-11,92.56705474853516,110.75,168.91966247558594,16.8700008392334,0.007259316505450837,-0.006031419233618076,-0.002344426850550503,0.18000030517578125
2015-03-12,92.50154113769531,110.72000122070312,171.0673065185547,15.420000076293945,-0.000707992766278878,-0.0002709060307489861,0.012633852500047412,-1.4500007629394531
2015-03-13,92.21770477294922,110.87999725341797,170.01824951171875,16.0,-0.0030731674627022787,0.0014440077763354022,-0.006151303074461535,0.5799999237060547
2015-03-16,93.10550689697266,110.80999755859375,172.28982543945312,15.609999656677246,0.009581195012189084,-0.0006315097549614711,0.013272309007578151,-0.3900003433227539
2015-03-17,93.87691497802734,110.20999908447266,171.7776336669922,15.65999984741211,0.008251176232419574,-0.005429372519536195,-0.002977277491674366,0.05000019073486328
2015-03-18,95.68897247314453,112.37000274658203,173.84271240234375,13.970000267028809,0.019118552544172912,0.019409393965783985,0.011950125819638334,-1.6899995803833008
2015-03-19,95.20143127441406,112.29000091552734,173.04969787597656,14.069999694824219,-0.005108085574314199,-0.0007122036244302048,-0.004572114490351716,0.09999942779541016
2015-03-20,95.70353698730469,113.56999969482422,174.5772247314453,13.020000457763672,0.005260280811518868,0.011334565478751316,0.008788368148221216,-1.0499992370605469
2015-03-23,95.58712005615234,114.29000091552734,174.23707580566406,13.40999984741211,-0.0012171733562360428,0.006319701703631724,-0.0019503158733864556,0.3899993896484375
2015-03-24,96.51126861572266,114.56999969482422,173.25799560546875,13.619999885559082,0.009621691212709659,0.002446901321801825,-0.005635088791595295,0.21000003814697266
2015-03-25,95.6962661743164,114.7300033569336,170.71913146972656,15.4399995803833,-0.008480492991992812,0.001395583828601838,-0.014762087600258175,1.8199996948242188
2015-03-26,94.20439910888672,115.4800033569336,170.3125457763672,15.800000190734863,-0.01571240159377743,0.006515812793653495,-0.002384446449563941,0.3600006103515625
2015-03-27,95.37603759765625,115.05999755859375,170.70249938964844,15.069999694824219,0.012360488520443183,-0.0036436736475295383,0.0022870180584603794,-0.7300004959106445
2015-03-30,94.90304565429688,113.75,172.78504943847656,14.510000228881836,-0.0049715702798352685,-0.011450652385538355,0.012126061479013534,-0.5599994659423828
2015-03-31,95.10679626464844,113.66000366210938,171.2749786376953,15.289999961853027,0.0021446329978374963,-0.000791489742224147,-0.008778006009892788,0.7799997329711914
2015-04-01,96.35603332519531,115.5999984741211,170.66928100585938,15.109999656677246,0.01304958033941854,0.016924374949796855,-0.003542672515998036,-0.18000030517578125
2015-04-02,95.33503723144531,115.27999877929688,171.28330993652344,14.670000076293945,-0.010652616690355783,-0.002772001936393702,0.0035913141580639135,-0.4399995803833008
2015-04-06,94.80269622802734,116.69000244140625,172.4365997314453,14.739999771118164,-0.005599544968691027,0.012156925637931892,0.006710662318280603,0.06999969482421875
2015-04-07,95.59759521484375,116.11000061035156,171.98028564453125,14.779999732971191,0.008349815004076592,-0.004982843844589143,-0.0026497792256045647,0.039999961853027344
2015-04-08,95.62674713134766,115.47000122070312,172.56101989746094,13.979999542236328,0.0003048975498836762,-0.005527256360212914,0.003371060558174624,-0.8000001907348633
2015-04-09,94.38697814941406,114.66999816894531,173.3243408203125,13.09000015258789,-0.013049442330489202,-0.006952344453191623,0.004413729222048551,-0.8899993896484375
2015-04-10,94.52559661865234,115.97000122070312,174.2701873779297,12.579999923706055,0.0014675412082733074,0.011273125412459931,0.005442254209443951,-0.5100002288818359
2015-04-13,94.65687561035156,115.13999938964844,173.48194885253906,13.9399995803833,0.0013878559807819287,-0.007182773547924921,-0.004533343109674282,1.359999656677246
2015-04-14,95.32774353027344,114.44000244140625,173.81385803222656,13.670000076293945,0.007062368641878588,-0.006098084431298223,0.0019113923874581,-0.26999950408935547
2015-04-15,95.24755859375,115.43000030517578,174.5937957763672,12.84000015258789,-0.0008415040182177724,0.008613598755223903,0.0044771636813083935,-0.8299999237060547
2015-04-16,94.7735595703125,115.02999877929688,174.5440216064453,12.600000381469727,-0.004988919243741805,-0.0034713349747602833,-0.00028512620392832244,-0.23999977111816406
2015-04-17,95.86013793945312,115.5999984741211,172.53616333007812,13.890000343322754,0.011399769825353349,0.004942989742755055,-0.011570125650646851,1.2899999618530273
2015-04-20,95.01419067382812,114.72000122070312,174.11256408691406,13.300000190734863,-0.008863976739138158,-0.007641555546604684,0.009095153098994594,-0.5900001525878906
2015-04-21,94.58393096923828,115.37999725341797,173.9051513671875,13.25,-0.0045386572340722735,0.005736617532052148,-0.0011919665871797593,-0.05000019073486328
2015-04-22,93.1399917602539,113.83000183105469,174.75970458984375,12.710000038146973,-0.015383949637055751,-0.013524881601083907,0.004901870201021171,-0.5399999618530273
2015-04-23,93.54108428955078,114.66000366210938,175.19949340820312,12.479999542236328,0.004297094863237358,0.007265135996097461,0.002513373286880368,-0.23000049591064453
2015-04-24,94.12450408935547,113.05000305175781,175.60604858398438,12.289999961853027,0.006217673515973391,-0.014141033700353254,0.0023178388544628863,-0.18999958038330078
2015-04-27,94.12450408935547,115.33000183105469,174.87591552734375,13.119999885559082,0.0,0.01996737439576267,-0.004166457550603798,0.8299999237060547
2015-04-28,92.82648468017578,116.33000183105469,175.4317626953125,12.40999984741211,-0.013886423132003332,0.008633395454348151,0.0031734824499603537,-0.7100000381469727
2015-04-29,91.68882751464844,115.51000213623047,174.7099609375,13.390000343322754,-0.012331459849431747,-0.007073870774361553,-0.004122917844709643,0.9800004959106445
2015-04-30,91.84921264648438,113.47000122070312,172.9592742919922,14.550000190734863,0.001747704971889863,-0.01781862923365432,-0.01007107483354109,1.1599998474121094
2015-05-01,90.6128158569336,113.08000183105469,174.83447265625,12.699999809265137,-0.013552581038038896,-0.003442946542885586,0.010783497701993787,-1.8500003814697266
2015-05-04,89.75784301757812,114.0999984741211,175.33221435546875,12.850000381469727,-0.009480247486789049,0.0089796944769085,0.0028428862762217557,0.15000057220458984
2015-05-05,89.63357543945312,114.41999816894531,173.3243408203125,14.3100004196167,-0.0013854352573914883,0.0028006293425995657,-0.011517900367461989,1.4600000381469727
2015-05-06,88.09901428222656,114.36000061035156,172.61082458496094,15.149999618530273,-0.01726863141987638,-0.0005245000462393765,-0.004125150135186428,0.8399991989135742
2015-05-07,89.28288269042969,113.41999816894531,173.29946899414062,15.130000114440918,0.013348442055453649,-0.008253646349355704,0.003981641088719656,-0.01999950408935547
2015-05-08,89.52397155761719,113.97000122070312,175.58111572265625,12.859999656677246,0.002696641740035499,0.0048375401365222245,0.01308000134301207,-2.270000457763672
2015-05-11,87.34638977050781,113.52999877929688,174.7431640625,13.850000381469727,-0.024624722943221943,-0.003868158154194018,-0.004783872009917826,0.9900007247924805
2015-05-12,87.57290649414062,114.5,174.22044372558594,13.859999656677246,0.002589958398995115,0.008507714570103646,-0.0029958466510749474,0.009999275207519531
2015-05-13,86.87135314941406,116.55000305175781,174.2536163330078,13.760000228881836,-0.008043338639205375,0.017745568671579635,0.00019038781547462032,-0.09999942779541016
2015-05-14,87.10523986816406,117.18000030517578,176.07066345214844,12.739999771118164,0.002688716402526909,0.005390825055101934,0.010373608217280244,-1.0200004577636719
2015-05-15,88.85167694091797,117.52999877929688,176.26144409179688,12.380000114440918,0.019851386995049368,0.0029823930374759115,0.0010829592546872666,-0.3599996566772461
2015-05-18,87.36096954345703,117.5199966430664,176.8091278076172,12.729999542236328,-0.016919818076317206,-8.510645761585739e-05,0.0031024061402702553,0.34999942779541016
2015-05-19,86.58639526367188,115.88999938964844,176.75096130371094,12.850000381469727,-0.008905905533669742,-0.013967043221181913,-0.0003290332038168227,0.12000083923339844
2015-05-20,86.73257446289062,116.08000183105469,176.62657165527344,12.880000114440918,0.0016868232497639058,0.0016381642703537944,-0.0007040043125178668,0.029999732971191406
2015-05-21,87.94559478759766,115.69000244140625,177.14097595214844,12.109999656677246,0.013888854333415182,-0.0033654032062089196,0.0029081506367384163,-0.7700004577636719
2015-05-22,87.98211669921875,115.5999984741211,176.7178497314453,12.130000114440918,0.00041519226092463123,-0.0007782781051664031,-0.002391498482763321,0.020000457763671875
2015-05-26,89.48745727539062,113.91000366210938,174.81784057617188,14.0600004196167,0.016964898786269795,-0.014727247977664972,-0.010809870573520971,1.9300003051757812
2015-05-27,89.69205474853516,113.88999938964844,176.47720336914062,13.270000457763672,0.002283716031529035,-0.00017563013383993815,0.009447187843792884,-0.7899999618530273
2015-05-28,89.47284698486328,114.0199966430664,176.2781219482422,13.3100004196167,-0.00244699571101098,0.0011407772346871212,-0.0011287225322842245,0.039999961853027344
2015-05-29,89.67013549804688,114.0999984741211,175.182861328125,13.84000015258789,0.0022025824311858394,0.0007014013330434771,-0.006232635869979255,0.5299997329711914
2015-06-01,88.7063980102539,114.0,175.53970336914062,13.970000267028809,-0.010805758429543882,-0.0008767951003625541,0.002034897095703547,0.13000011444091797
2015-06-02,87.46879577636719,114.45999908447266,175.3654327392578,14.239999771118164,-0.01404990754674987,0.0040269605877943865,-0.0009932635705652629,0.26999950408935547
2015-06-03,86.06265258789062,113.63999938964844,175.83006286621094,13.65999984741211,-0.016206560584391044,-0.0071898573672245485,0.00264599292331929,-0.5799999237060547
2015-06-04,87.18318939208984,112.83999633789062,174.3448944091797,14.710000038146973,0.012935980652662212,-0.0070646979352704175,-0.00848248757546833,1.0500001907348633
2015-06-05,86.12129211425781,112.23999786376953,174.0462188720703,14.210000038146973,-0.012254854096574758,-0.005331436918291504,-0.0017145994768245098,-0.5
2015-06-08,86.02606201171875,112.56999969482422,172.97586059570312,15.289999961853027,-0.0011063790406379212,0.0029358308942225293,-0.006168839010718842,1.0799999237060547
2015-06-09,85.34502410888672,112.81999969482422,172.95098876953125,14.470000267028809,-0.007948149288388377,0.002218377951124773,-0.00014379818311514275,-0.8199996948242188
2015-06-10,84.59809112548828,113.77999877929688,175.0252227783203,13.220000267028809,-0.008790444874541267,0.008473122987024092,0.011921841249602678,-1.25
2015-06-11,86.37760162353516,113.26000213623047,175.58946228027344,12.850000381469727,0.02081669890393797,-0.00458066904691928,0.003218575907334537,-0.36999988555908203
2015-06-12,86.37760162353516,113.2300033569336,174.24533081054688,13.779999732971191,0.0,-0.0002649015739743867,-0.007684416247565061,0.9299993515014648
2015-06-15,86.5167465209961,113.7300033569336,173.49859619140625,15.390000343322754,0.00160959486525197,0.004406069740065375,-0.004294745120993531,1.6100006103515625
2015-06-16,87.19781494140625,113.31999969482422,174.44447326660156,14.8100004196167,0.007841275991280424,-0.0036115754437751487,0.005436977990310992,-0.5799999237060547
2015-06-17,86.52406311035156,113.8499984741211,174.72657775878906,14.5,-0.007756711091527421,0.004666106837939518,0.001615853048182788,-0.3100004196166992
2015-06-18,86.09934997558594,115.31999969482422,176.5435791015625,13.1899995803833,-0.004920699737629294,0.012829091016651683,0.010345413710957551,-1.3100004196166992
2015-06-19,87.20514678955078,115.12000274658203,175.75990295410156,13.960000038146973,0.01276149022868156,-0.0017357836863243674,-0.004448877061697567,0.7700004577636719
2015-06-22,85.4255599975586,113.63999938964844,176.66030883789062,12.739999771118164,-0.020617998579812075,-0.012939534822473103,0.005109853594311366,-1.2200002670288086
2015-06-23,84.91297149658203,112.88999938964844,176.78538513183594,12.109999656677246,-0.006018486172626917,-0.006621663748214055,0.0007077539848431461,-0.630000114440918
2015-06-24,85.64527130126953,112.58999633789062,175.50143432617188,13.260000228881836,0.008587146450333948,-0.002661018577875129,-0.007289267834051217,1.1500005722045898
2015-06-25,85.34502410888672,112.44000244140625,174.9678192138672,14.010000228881836,-0.003511865983349109,-0.0013331015376761225,-0.003045148864059811,0.75
2015-06-26,84.38569641113281,112.55999755859375,174.93450927734375,14.020000457763672,-0.01130423426579126,0.0010666233650124298,-0.00019039562707514872,0.010000228881835938
2015-06-29,86.6192855834961,113.06999969482422,171.26602172851562,18.850000381469727,0.026124574606181592,0.004520702131842665,-0.021193640875210185,4.829999923706055
2015-06-30,86.01876068115234,112.37000274658203,171.6245880126953,18.229999542236328,-0.006957068125970278,-0.006210070886037382,0.002091433271681059,-0.6200008392333984
2015-07-01,84.85769653320312,111.9800033569336,173.000244140625,16.09000015258789,-0.013589724829969072,-0.003476708463396305,0.007983542137709378,-2.1399993896484375
2015-07-02,85.1365966796875,111.76000213623047,172.84178161621094,16.790000915527344,0.0032812912887051726,-0.0019665798355693646,-0.0009163868107500834,0.7000007629394531
2015-07-06,86.71453857421875,112.05999755859375,172.3499298095703,17.010000228881836,0.018364571635533383,0.002680686287387427,-0.0028497331959037547,0.2199993133544922
2015-07-07,87.52925872802734,110.76000213623047,173.4337615966797,16.09000015258789,0.009351564920038385,-0.011668702760757443,0.006268863242948786,-0.9200000762939453
2015-07-08,88.28511047363281,111.08999633789062,170.52398681640625,19.65999984741211,0.008598346151188903,0.0029749330386005784,-0.016919776982005842,3.5699996948242188
2015-07-09,86.54573059082031,111.36000061035156,170.83250427246094,19.969999313354492,-0.019898517495845564,0.002427551438613741,0.0018075973248666331,0.3099994659423828
2015-07-10,85.17329406738281,111.48999786376953,172.98353576660156,16.829999923706055,-0.015985016801491846,0.001166679551747385,0.012512851696318163,-3.1399993896484375
2015-07-13,84.90904235839844,110.98999786376953,174.892822265625,13.899999618530273,-0.003107341152086109,-0.004494793701909413,0.010976921116787353,-2.9300003051757812
2015-07-14,85.18795776367188,110.73999786376953,175.65150451660156,13.369999885559082,0.0032794894095996307,-0.00225499581251802,0.004328601991916981,-0.5299997329711914
2015-07-15,86.09069061279297,110.16000366210938,175.59312438964844,13.229999542236328,0.010541199580154814,-0.005251204440368454,-0.0003324186204498677,-0.1400003433227539
2015-07-16,86.68516540527344,109.76000213623047,177.00210571289062,12.109999656677246,0.006881483930876728,-0.0036377042236319986,0.007992103708065135,-1.119999885559082
2015-07-17,87.13287353515625,108.6500015258789,177.1522216796875,11.949999809265137,0.005151469004073284,-0.010164462693893107,0.0008477432812546737,-0.15999984741210938
2015-07-20,86.76587677001953,105.69999694824219,177.2439422607422,12.25,-0.00422081595570503,-0.02752685674211234,0.0005176161168492869,0.3000001907348633
2015-07-21,87.23561096191406,105.37000274658203,176.54359436035156,12.220000267028809,0.005399210537073084,-0.003126872326802464,-0.003959149165629668,-0.029999732971191406
2015-07-22,87.77871704101562,104.80000305175781,176.2266845703125,12.119999885559082,0.0062064383946476105,-0.005424190670740339,-0.001796692602626128,-0.10000038146972656
2015-07-23,88.87229919433594,104.33000183105469,175.234619140625,12.640000343322754,0.012381430314818219,-0.00449483097628429,-0.0056453899988823785,0.5200004577636719
2015-07-24,89.09253692626953,105.3499984741211,173.41700744628906,13.739999771118164,0.0024750714710326496,0.009729155735813993,-0.01042661512179705,1.0999994277954102
2015-07-27,89.56954956054688,104.86000061035156,172.4082489013672,15.600000381469727,0.005339843243917191,-0.004661992801277996,-0.00583393715456492,1.8600006103515625
2015-07-28,88.9163818359375,105.0199966430664,174.52593994140625,13.4399995803833,-0.007319015400668439,0.0015246432799856059,0.012208179013407842,-2.160000801086426
2015-07-29,88.58609008789062,105.16999816894531,175.7265167236328,12.5,-0.0037215496288791946,0.0014272948765040416,0.006855520704863656,-0.9399995803833008
2015-07-30,89.26863861083984,104.2699966430664,175.76824951171875,12.130000114440918,0.007675386297262855,-0.00859441451463339,0.00023745894557118937,-0.36999988555908203
2015-07-31,89.92918395996094,104.93000030517578,175.50143432617188,12.119999885559082,0.007372280883673201,0.006309807471318708,-0.0015191475332851138,-0.010000228881835938
2015-08-03,90.87582397460938,104.0999984741211,174.9094696044922,12.5600004196167,0.010471487217429564,-0.007941503115089978,-0.0033786921478379988,0.4400005340576172
2015-08-04,90.15501403808594,104.30999755859375,174.56765747070312,13.0,-0.007963435994566847,0.002015250319480653,-0.001956135130467849,0.4399995803833008
2015-08-05,89.47830963134766,103.93000030517578,175.1428985595703,12.510000228881836,-0.007534321517435048,-0.003649612745895922,0.0032898155217903537,-0.48999977111816406
2015-08-06,90.2726821899414,104.38999938964844,173.70889282226562,13.770000457763672,0.008838646418738334,0.004416281036678492,-0.008221335534471037,1.260000228881836
2015-08-07,91.45694732666016,104.6500015258789,173.3754119873047,13.390000343322754,0.01303344869143035,0.0024875838994236877,-0.0019216134694506565,-0.38000011444091797
2015-08-10,90.32416534423828,105.72000122070312,175.55978393554688,12.229999542236328,-0.012463304124740171,0.010172637809864738,0.012520379192762122,-1.1600008010864258
2015-08-11,91.7584457397461,106.26000213623047,173.97564697265625,13.710000038146973,0.015754497950665993,0.005094839843947383,-0.00906430461158684,1.4800004959106445
2015-08-12,91.25831604003906,107.75,174.18411254882812,13.609999656677246,-0.005465411362096251,0.013924787857253812,0.0011975284069091429,-0.10000038146972656
2015-08-13,90.9640884399414,106.86000061035156,173.96731567382812,13.489999771118164,-0.0032293268946218655,-0.008294156742538458,-0.0012454172836740996,-0.11999988555908203
2015-08-14,91.17736053466797,106.8499984741211,174.60096740722656,12.829999923706055,0.002341830411425487,-9.36047567321894e-05,0.003635743480720657,-0.6599998474121094
2015-08-17,91.58930969238281,107.12999725341797,175.5764617919922,13.020000457763672,0.00450793194207545,0.0026170571520377807,0.005571443655600082,0.1900005340576172
2015-08-18,90.86849975585938,107.11000061035156,175.06793212890625,13.789999961853027,-0.00790115466811292,-0.00018667516172391786,-0.002900545558011981,0.7699995040893555
2015-08-19,91.76582336425781,108.55000305175781,173.68386840820312,15.25,0.009826530014430823,0.013354574963244535,-0.007937283678265697,1.4600000381469727
2015-08-20,92.69258117675781,110.44000244140625,170.05711364746094,19.139999389648438,0.010048505112870488,0.017261484729986225,-0.02110245525566261,3.8899993896484375
2015-08-21,92.97210693359375,111.12999725341797,164.93795776367188,28.030000686645508,0.003011083807881084,0.006228253314387141,-0.030564953623322264,8.89000129699707
2015-08-24,92.94268035888672,110.52999877929688,157.99298095703125,40.7400016784668,-0.0003165598108823474,-0.005413696203742859,-0.04301878191866419,12.710000991821289
2015-08-25,91.44957733154297,109.16000366210938,156.13372802734375,36.02000045776367,-0.016195209937321573,-0.012472236890549283,-0.011837736736145816,-4.720001220703125
2015-08-26,89.68425750732422,107.66999816894531,162.1282958984375,30.31999969482422,-0.019492500901236148,-0.013743752566773907,0.03767510081436884,-5.700000762939453
2015-08-27,89.73568725585938,107.7300033569336,166.13853454589844,26.100000381469727,0.0005732891068672729,0.0005571512452685862,0.02443401397851221,-4.219999313354492
2015-08-28,90.0005874633789,108.69999694824219,166.1469268798828,26.049999237060547,0.002947656501015502,0.00896363798539372,5.051279673896149e-05,-0.05000114440917969
2015-08-31,89.30907440185547,108.81999969482422,164.8046112060547,28.43000030517578,-0.0077130979179925755,0.0011033722012558356,-0.00811190086787971,2.3800010681152344
2015-09-01,89.95268249511719,109.19999694824219,159.88560485839844,31.399999618530273,0.007180682259145348,0.00348589711093372,-0.030302007817049125,2.969999313354492
2015-09-02,89.17864990234375,108.62000274658203,162.9203338623047,26.09000015258789,-0.008642121954604483,-0.005325457471451406,0.018802742132736774,-5.309999465942383
2015-09-03,89.61358642578125,107.83999633789062,163.0370635986328,25.610000610351562,0.004865282635500783,-0.00720696468758582,0.0007162269807491885,-0.4799995422363281
2015-09-04,90.4317855834961,107.48999786376953,160.56918334960938,27.799999237060547,0.009088873332683314,-0.0032508130940551347,-0.015252660397219694,2.1899986267089844
2015-09-08,89.0975570678711,107.5199966430664,164.6044921875,24.899999618530273,-0.014863899802695178,0.0002790454421465056,0.02482068080825733,-2.8999996185302734
2015-09-09,89.52508544921875,106.12999725341797,162.40342712402344,26.229999542236328,0.004786954125426784,-0.013012113659039884,-0.013462048925306613,1.3299999237060547
2015-09-10,88.9206314086914,106.37999725341797,163.28720092773438,24.3700008392334,-0.006774680424041252,0.002352831601258748,0.0054270887570034825,-1.8599987030029297
2015-09-11,89.4808349609375,106.16000366210938,164.0292205810547,23.200000762939453,0.006280277902814992,-0.002070138975493721,0.004533966985414909,-1.1700000762939453
2015-09-14,89.6209487915039,106.22000122070312,163.4205780029297,24.25,0.0015646282936413194,0.0005650019663848919,-0.0037174753607489347,1.0499992370605469
2015-09-15,87.90341186523438,105.9000015258789,165.4633026123047,22.540000915527344,-0.019350476887735266,-0.003017159470430642,0.012422322881384465,-1.7099990844726562
2015-09-16,87.57170867919922,107.30999755859375,166.89727783203125,21.350000381469727,-0.0037806337456540314,0.013226552172031262,0.00862908661280093,-1.1900005340576172
2015-09-17,88.64051818847656,108.41000366210938,166.5220489501953,21.139999389648438,0.012131083474688529,0.01019855026531129,-0.002250793580975414,-0.21000099182128906
2015-09-18,90.00425720214844,109.20999908447266,163.80087280273438,22.280000686645508,0.015267902486626064,0.007352256373074212,-0.016476226909437425,1.1400012969970703
2015-09-21,88.53732299804688,108.52999877929688,164.64732360839844,20.139999389648438,-0.01643277955486142,-0.006246004616141289,0.005154253783924792,-2.1400012969970703
2015-09-22,89.76840209960938,107.79000091552734,162.5101776123047,22.440000534057617,0.013808851769880963,-0.006841722923155944,-0.01306512238585869,2.3000011444091797
2015-09-23,89.76097106933594,108.22000122070312,162.25048828125,22.1299991607666,-8.278344815124139e-05,0.00398130520726097,-0.0015992662515933486,-0.3100013732910156
2015-09-24,90.37279510498047,110.48999786376953,161.6637725830078,23.469999313354492,0.006793022778162308,0.02075879629651289,-0.0036226644565337677,1.3400001525878906
2015-09-25,89.59144592285156,109.80999755859375,161.62193298339844,23.6200008392334,-0.008683437190333716,-0.006173422414314381,-0.00025883977622621527,0.15000152587890625
2015-09-28,91.12469482421875,108.41999816894531,157.5655975341797,27.6299991607666,0.01696899553110793,-0.012739020432957309,-0.02541799694714865,4.009998321533203
2015-09-29,91.38272094726562,107.9800033569336,157.65780639648438,26.829999923706055,0.0028275705276891937,-0.004066501065043471,0.00058503819059709,-0.7999992370605469
2015-09-30,91.06568908691406,106.86000061035156,160.59942626953125,24.5,-0.0034753076705729704,-0.010426483637297347,0.01848632705946545,-2.3299999237060547
2015-10-01,91.45429992675781,106.7300033569336,161.0184326171875,22.549999237060547,0.0042582889596670045,-0.0012172598628681067,0.002605617649268326,-1.9500007629394531
2015-10-02,92.00823211669922,108.98999786376953,163.4237518310547,20.940000534057617,0.0060386594150942646,0.020953802922526705,0.01482768516863982,-1.6099987030029297
2015-10-05,90.75993347167969,108.7699966430664,166.33184814453125,19.540000915527344,-0.013660125677618927,-0.0020205850578978056,0.017638346147421775,-1.3999996185302734
2015-10-06,91.15143585205078,109.86000061035156,165.76194763183594,19.399999618530273,0.004304326730988381,0.009971303227116472,-0.003432169341225333,-0.1400012969970703
2015-10-07,90.84852600097656,109.69999694824219,167.11964416503906,18.399999618530273,-0.003328683453339495,-0.001457494008134859,0.008157279316225742,-1.0
2015-10-08,90.08773040771484,109.13999938964844,168.6282196044922,17.420000076293945,-0.0084095923289008,-0.005117883296347929,0.008986419598796475,-0.9799995422363281
2015-10-09,90.32410430908203,110.87000274658203,168.72872924804688,17.079999923706055,0.002620382825677638,0.015726912391542485,0.0005958652807977913,-0.3400001525878906
2015-10-12,91.01107025146484,111.30999755859375,168.88792419433594,16.170000076293945,0.007576789560819424,0.0039607110144831365,0.0009430515732216755,-0.9099998474121094
2015-10-13,91.16617584228516,111.86000061035156,167.8235626220703,17.670000076293945,0.0017027991324251542,0.004929015278091239,-0.006322119435047067,1.5
2015-10-14,91.96392059326172,113.80999755859375,167.01901245117188,18.030000686645508,0.008712383301346582,0.017282274992371418,-0.004805552095839696,0.3600006103515625
2015-10-15,91.51335144042969,113.29000091552734,169.5835723876953,16.049999237060547,-0.004911453648407971,-0.004579458875531695,0.015238204795191971,-1.980001449584961
2015-10-16,91.54291534423828,112.48999786376953,170.35452270507812,15.050000190734863,0.00032300346319639295,-0.007086601152338509,0.004535835496481553,-0.9999990463256836
2015-10-19,91.29175567626953,112.0199966430664,170.43838500976562,14.979999542236328,-0.0027473982319700854,-0.004186912999915291,0.0004921599275207772,-0.07000064849853516
2015-10-20,90.73039245605469,112.7300033569336,170.220458984375,15.75,-0.006168095539447953,0.006318212020552837,-0.001279438705090234,0.7700004577636719
2015-10-21,91.63156127929688,111.7300033569336,169.16452026367188,16.700000762939453,0.009883379075232237,-0.008910332230671142,-0.006222680392967844,0.9500007629394531
2015-10-22,91.78667449951172,111.69000244140625,172.02235412597656,14.449999809265137,0.0016913613472942196,-0.00035807819279052113,0.016752700146507562,-2.2500009536743164
2015-10-23,91.00364685058594,111.5,173.90797424316406,14.460000038146973,-0.008567548137598536,-0.0017026075113336088,0.010901841428932336,0.010000228881835938
2015-10-26,91.60935974121094,111.43000030517578,173.48056030273438,15.289999961853027,0.00663386604588842,-0.0006279971024889811,-0.002460726901425416,0.8299999237060547
2015-10-27,91.83839416503906,111.68000030517578,173.14535522460938,15.430000305175781,0.0024970002407096823,0.002241047948969033,-0.0019341034100603324,0.1400003433227539
2015-10-28,91.46903991699219,110.77999877929688,175.11480712890625,14.329999923706055,-0.004029893820260801,-0.008091400160860905,0.01131035422469705,-1.1000003814697266
2015-10-29,90.01385498046875,109.72000122070312,175.01429748535156,14.609999656677246,-0.016036950751859978,-0.009614564390769178,-0.0005741290569161899,0.2799997329711914
2015-10-30,90.69343566894531,109.30000305175781,174.25999450683594,15.069999694824219,0.007521377690424059,-0.0038352540915993893,-0.004319265222217365,0.46000003814697266
2015-11-02,90.27665710449219,108.58999633789062,176.32164001464844,14.149999618530273,-0.004606057221078174,-0.006517134598801595,0.011761421994453647,-0.9200000762939453
2015-11-03,89.53633117675781,106.9800033569336,176.8328857421875,14.539999961853027,-0.008234445331489407,-0.014937356022442439,0.0028953109610230965,0.3900003433227539
2015-11-04,89.64002990722656,105.97000122070312,176.2965087890625,15.510000228881836,0.001157504722380758,-0.009485885776108033,-0.0030378516992904257,0.9700002670288086
2015-11-05,89.40313720703125,105.63999938964844,176.12046813964844,15.050000190734863,-0.0026462092047262,-0.0031189650547963797,-0.0009990475804563415,-0.46000003814697266
2015-11-06,88.09284973144531,104.0999984741211,176.02830505371094,14.329999923706055,-0.014764404540143312,-0.014685120688170974,-0.0005234326799210206,-0.7200002670288086
2015-11-09,87.5968246459961,104.4000015258789,174.3856964111328,16.520000457763672,-0.005646619872885627,0.0028777291011320622,-0.009375314155970654,2.190000534057617
2015-11-10,87.8559799194336,104.18000030517578,174.78797912597656,15.289999961853027,0.002954133022243978,-0.002109514817878502,0.002304199434351695,-1.2300004959106445
2015-11-11,87.67086029052734,103.83000183105469,174.1007537841797,16.059999465942383,-0.002109303595055915,-0.00336521129587392,-0.003939515185045883,0.7699995040893555
2015-11-12,88.09284973144531,103.8499984741211,171.6703643798828,18.3700008392334,0.004801790445697705,0.00019257167853245404,-0.014058024528849257,2.3100013732910156
2015-11-13,88.59625244140625,103.55999755859375,169.74276733398438,20.079999923706055,0.005698190390545788,-0.002796404320479703,-0.011291994062229497,1.7099990844726562
2015-11-16,88.51480865478516,103.70999908447266,172.32408142089844,18.15999984741211,-0.0009196917669361657,0.001447402465342363,0.015092740475109544,-1.9200000762939453
2015-11-17,88.66287231445312,102.33999633789062,172.1983642578125,18.84000015258789,0.0016713583034298277,-0.013297966180688193,-0.0007298053885469545,0.6800003051757812
2015-11-18,88.847900390625,102.43000030517578,174.93040466308594,16.850000381469727,0.0020846976255321685,0.0008790738346113607,0.015741114320341254,-1.989999771118164
2015-11-19,89.44014739990234,103.55999755859375,174.7796173095703,16.989999771118164,0.006643734059101093,0.010971489880734318,-0.0008623565433416998,0.1399993896484375
2015-11-20,89.16625213623047,103.08999633789062,175.41648864746094,15.470000267028809,-0.0030670287188657498,-0.004548773723664315,0.0036372308496769585,-1.5199995040893555
2015-11-23,89.44014739990234,102.26000213623047,175.2153778076172,15.619999885559082,0.003067028718865638,-0.008083747042833161,-0.0011471339666343265,0.14999961853027344
2015-11-24,89.4327621459961,102.94000244140625,175.4500274658203,15.930000305175781,-8.25754322350638e-05,0.006627707399357638,0.0013383110492073053,0.3100004196166992
2015-11-25,89.64002990722656,102.45999908447266,175.42489624023438,15.1899995803833,0.002314900565431633,-0.004673848365801943,-0.00014324891253823831,-0.7400007247924805
2015-11-27,89.55120849609375,101.25,175.62606811523438,15.119999885559082,-0.0009913589436477974,-0.011879763588946619,0.0011461122027709965,-0.06999969482421875
2015-11-30,89.90650939941406,101.91999816894531,174.89691162109375,16.1299991607666,0.003959722342721208,0.006595467871597316,-0.0041603979655250685,1.0099992752075195
2015-12-01,91.12093353271484,102.27999877929688,176.564697265625,14.670000076293945,0.013417218208888115,0.0035259646298247574,0.00949064205467125,-1.4599990844726562
2015-12-02,91.15060424804688,100.69000244140625,174.76283264160156,15.90999984741211,0.0003255660862397993,-0.015667624313787498,-0.010257553249132396,1.239999771118164
2015-12-03,88.67282104492188,101.76000213623047,172.31564331054688,18.110000610351562,-0.02755970227805652,0.010570606410359536,-0.014101882168525965,2.200000762939453
2015-12-04,89.45177459716797,104.0199966430664,175.6763458251953,14.8100004196167,0.00874622075660682,0.021966035488281806,0.019315427393561,-3.3000001907348633
2015-12-07,90.3197021484375,102.66999816894531,174.6119842529297,15.84000015258789,0.009655973356961008,-0.013063212596420425,-0.006077078546563861,1.0299997329711914
2015-12-08,90.36425018310547,102.83999633789062,173.4386749267578,17.600000381469727,0.0004931045064686386,0.0016544033114080684,-0.006742201112644568,1.760000228881836
2015-12-09,90.2677993774414,102.63999938964844,172.0894012451172,19.610000610351562,-0.00106792582008877,-0.0019466324270582696,-0.007809961811987645,2.010000228881836
2015-12-10,90.3864974975586,102.55000305175781,172.53359985351562,19.34000015258789,0.0013140914913343502,-0.0008772000837340084,0.00257788280512381,-0.2700004577636719
2015-12-11,91.81088256835938,103.11000061035156,169.18971252441406,24.389999389648438,0.01563594481949047,0.0054458711721541595,-0.01957135462286691,5.049999237060547
2015-12-14,90.62387084960938,101.79000091552734,170.04452514648438,22.729999542236328,-0.013013183589953384,-0.012884508990749449,0.005039670742961897,-1.6599998474121094
2015-12-15,90.08978271484375,101.5199966430664,171.82955932617188,20.950000762939453,-0.005910894713906449,-0.0026560861191144095,0.010442735979937579,-1.779998779296875
2015-12-16,89.89689636230469,102.75,174.34381103515625,17.860000610351562,-0.002143341133576592,0.012043063036934096,0.01452622376742744,-3.0900001525878906
2015-12-17,90.91321563720703,100.5,171.6870880126953,18.940000534057617,0.01124195950454816,-0.022141125877213518,-0.015355710913096652,1.0799999237060547
2015-12-18,91.41769409179688,102.04000091552734,168.62855529785156,20.700000762939453,0.005533672186071799,0.015207174746719882,-0.01797516586260262,1.760000228881836
2015-12-21,91.3953857421875,103.1500015258789,170.01950073242188,18.700000762939453,-0.000244056385247314,0.010819352064225785,0.008214742307085845,-2.0
2015-12-22,90.73517608642578,102.61000061035156,171.5623321533203,16.600000381469727,-0.007249882072424631,-0.0052488544876924,0.009033512699801028,-2.1000003814697266
2015-12-23,90.05266571044922,102.30999755859375,173.6868438720703,15.569999694824219,-0.0075504371492220185,-0.002928003794366426,0.01230727649880274,-1.0300006866455078
2015-12-24,90.56857299804688,103.05000305175781,173.40020751953125,15.739999771118164,0.00571260272920702,0.007206940922791017,-0.0016516687473764628,0.1700000762939453
2015-12-28,90.83622741699219,102.2699966430664,173.0039825439453,16.90999984741211,0.002950909926946741,-0.007597994957113434,-0.002287646395450342,1.1700000762939453
2015-12-29,89.32714080810547,102.19999694824219,174.8502960205078,16.079999923706055,-0.016752816271296583,-0.0006846940847352253,0.010615541786806121,-0.8299999237060547
2015-12-30,89.23789978027344,101.41999816894531,173.61097717285156,17.290000915527344,-0.0009995353510162657,-0.007661355596264362,-0.0071131237151863145,1.210000991821289
2015-12-31,89.63932800292969,101.45999908447266,171.87423706054688,18.209999084472656,0.00448831750724553,0.0003943308023186173,-0.010054003299135422,0.9199981689453125
2016-01-04,90.28604125976562,102.88999938964844,169.47154235839844,20.700000762939453,0.00718871434899378,0.013995827340626326,-0.014078008456276516,2.490001678466797
2016-01-05,89.92182922363281,103.18000030517578,169.75816345214844,19.34000015258789,-0.004042137905043334,0.00281458831856644,0.0016898352770731327,-1.3600006103515625
2016-01-06,91.13355255126953,104.66999816894531,167.6168212890625,20.59000015258789,0.013385312354687179,0.014337487598989632,-0.012694307613111229,1.25
2016-01-07,91.29707336425781,106.1500015258789,163.59542846679688,24.989999771118164,0.0017926908484849563,0.014040676150811138,-0.024284068276978033,4.399999618530273
2016-01-08,91.70602416992188,105.68000030517578,161.79971313476562,27.010000228881836,0.004469339501972002,-0.0044375394222030354,-0.011037248760310382,2.020000457763672
2016-01-11,90.70243072509766,104.73999786376953,161.9599609375,24.299999237060547,-0.011003915055947241,-0.008934594646018349,0.0009899183169098647,-2.710000991821289
2016-01-12,92.01079559326172,104.20999908447266,163.2666473388672,22.469999313354492,0.01432175719268334,-0.0050729832368576954,0.008035587490329487,-1.8299999237060547
2016-01-13,92.91771697998047,104.72000122070312,159.1946258544922,25.219999313354492,0.009808424292888493,0.004882048039545079,-0.025257221823070504,2.75
2016-01-14,92.0479507446289,103.0199966430664,161.80813598632812,23.950000762939453,-0.009404692847237286,-0.016367021706295802,0.01628377193219595,-1.269998550415039
2016-01-15,93.48271942138672,104.08000183105469,158.33474731445312,27.020000457763672,0.015466955175387763,0.01023674024483427,-0.021699841843562773,3.0699996948242188
2016-01-19,93.19281005859375,103.9800033569336,158.54550170898438,26.049999237060547,-0.0031060267692634017,-0.0009612465570264486,0.0013301834131743424,-0.970001220703125
2016-01-20,94.17407989501953,105.37000274658203,156.5137481689453,27.59000015258789,0.010474409947015378,0.013279386437522704,-0.012897775300189781,1.5400009155273438
2016-01-21,93.53474426269531,105.48999786376953,157.39056396484375,26.690000534057617,-0.006812019706387104,0.00113814976565955,0.0055865309421183375,-0.8999996185302734
2016-01-22,93.17792510986328,105.0,160.61947631835938,22.34000015258789,-0.0038221250696900693,-0.004655791285644273,0.020307681589874307,-4.350000381469727
2016-01-25,93.68344116210938,106.08000183105469,158.1914520263672,24.149999618530273,0.005410613178832236,0.010233193541102439,-0.015232045208086013,1.8099994659423828
2016-01-26,93.72805786132812,107.29000091552734,160.3496856689453,22.5,0.0004761362060935058,0.011341913483231932,0.01355094468564609,-1.6499996185302734
2016-01-27,93.70571899414062,107.69000244140625,158.6045684814453,23.110000610351562,-0.0002383654394426592,0.0037212948296183107,-0.010942852017126277,0.6100006103515625
2016-01-28,93.83953857421875,106.54000091552734,159.4307861328125,22.420000076293945,0.001427064640541915,-0.0107362419293496,0.0051957714643744,-0.6900005340576172
2016-01-29,94.63497924804688,106.94999694824219,163.31724548339844,20.200000762939453,0.008440880028134866,0.0038408969118528882,0.024084715241479163,-2.219999313354492
2016-02-01,94.34527587890625,108.05000305175781,163.25823974609375,19.979999542236328,-0.0030659668216022136,0.010232704202856196,-0.00036136048549582927,-0.220001220703125
2016-02-02,96.09561157226562,108.08999633789062,160.31593322753906,21.979999542236328,0.018382449327466008,0.00037006835108891606,-0.01818678907942609,2.0
2016-02-03,95.29861450195312,109.25,161.2770538330078,21.649999618530273,-0.008328377437733481,0.010674654427775114,0.005977266331616272,-0.3299999237060547
2016-02-04,95.76042175292969,110.56999969482422,161.5299530029297,21.84000015258789,0.004834193235514933,0.012009967818587527,0.0015668756644520348,0.1900005340576172
2016-02-05,95.87214660644531,112.31999969482422,158.45274353027344,23.3799991607666,0.0011660321325425715,0.015703135766193033,-0.019234192187762008,1.539999008178711
2016-02-08,97.935302734375,113.83000183105469,156.31982421875,26.0,0.021291586835552934,0.013354185862515874,-0.013552336990762708,2.6200008392333984
2016-02-09,98.03951263427734,113.58000183105469,156.3282470703125,26.540000915527344,0.001063503078478992,-0.002198672852432284,5.388071981261874e-05,0.5400009155273438
2016-02-10,98.90352630615234,114.45999908447266,156.1934051513672,26.290000915527344,0.008774305705566688,0.007717958411726099,-0.0008629285449772491,-0.25
2016-02-11,99.59622192382812,119.05999755859375,154.16160583496094,28.139999389648438,0.006979338116891659,0.03940213823727399,-0.01309357524336773,1.8499984741210938
2016-02-12,97.94268035888672,118.36000061035156,157.33995056152344,25.399999618530273,-0.016741818123310638,-0.00589671453081662,0.020407313957673583,-2.739999771118164
2016-02-16,96.90739440917969,114.7699966430664,159.99557495117188,24.110000610351562,-0.010626587578560371,-0.030800736245396157,0.0167374036094456,-1.289999008178711
2016-02-17,96.3115463256836,115.4800033569336,162.60906982421875,22.309999465942383,-0.006167614521027482,0.006167287420776475,0.016202817238608665,-1.8000011444091797
2016-02-18,97.49578094482422,118.29000091552734,161.9430389404297,21.639999389648438,0.012220893550235317,0.024041860433202913,-0.004104313611065065,-0.6700000762939453
2016-02-19,97.5777359008789,117.58000183105469,161.8671875,20.530000686645508,0.000840246920255177,-0.006020275750380445,-0.0004684931828797136,-1.1099987030029297
2016-02-22,97.52562713623047,115.48999786376953,164.21083068847656,19.3799991607666,-0.0005341657373436461,-0.01793504091705753,0.014374986446124423,-1.1500015258789062
2016-02-23,97.92036437988281,117.22000122070312,162.136962890625,20.979999542236328,0.004039354067215729,0.014868593832169054,-0.012709727203967644,1.6000003814697266
2016-02-24,97.72669219970703,117.61000061035156,162.8788299560547,20.719999313354492,-0.0019798124931943986,0.003321549590506587,0.004565121881175079,-0.26000022888183594
2016-02-25,98.07675170898438,117.91999816894531,164.85159301757812,19.110000610351562,0.003575625384838102,0.002632341860518043,0.012039083043783353,-1.6099987030029297
2016-02-26,97.13085174560547,117.11000061035156,164.4722137451172,19.809999465942383,-0.009691296342640888,-0.006892743647260338,-0.002303990373572602,0.6999988555908203
2016-02-29,97.555419921875,118.63999938964844,163.18238830566406,20.549999237060547,0.004361569469586051,0.012980023419282503,-0.007873120621346756,0.7399997711181641
2016-03-01,95.83760070800781,117.7699966430664,167.0182342529297,17.700000762939453,-0.017765526270523642,-0.007360151335800538,0.023234471686503208,-2.8499984741210938
2016-03-02,96.23310852050781,118.68000030517578,167.76861572265625,17.09000015258789,0.0041183621709184985,0.007697256644730053,0.004482749106541307,-0.6100006103515625
2016-03-03,96.58380126953125,120.7300033569336,168.42616271972656,16.700000762939453,0.0036375765600781475,0.017125877155555313,0.003911707603364803,-0.3899993896484375
2016-03-04,95.96442413330078,120.54000091552734,168.97418212890625,16.860000610351562,-0.006433497595343143,-0.0015750194994792542,0.003248484475301441,0.15999984741210938
2016-03-07,95.9345703125,121.13999938964844,169.1090545654297,17.350000381469727,-0.00031114098463973287,0.004965240864288737,0.0007978653126789223,0.48999977111816406
2016-03-08,96.99425506591797,120.58000183105469,167.2626953125,18.670000076293945,0.010985350768934489,-0.0046334482677505085,-0.010978197766554709,1.3199996948242188
2016-03-09,96.40473175048828,119.58000183105469,168.08892822265625,18.34000015258789,-0.00609646566436313,-0.00832782948151173,0.00492757168285979,-0.3299999237060547
2016-03-10,96.00923919677734,121.5,168.22378540039062,18.049999237060547,-0.0041108564905217556,0.015928644015462578,0.0008019749447443088,-0.29000091552734375
2016-03-11,95.03913879394531,119.41000366210938,170.9384765625,16.5,-0.010155634408243805,-0.01735128256694606,0.016008556621371343,-1.5499992370605469
2016-03-14,95.33763885498047,117.87000274658203,170.7192840576172,16.920000076293945,0.0031358898846532667,-0.012980634673388813,-0.0012831116996010212,0.4200000762939453
2016-03-15,95.4271469116211,117.95999908447266,170.44105529785156,16.84000015258789,0.0009384128506682106,0.0007632306454701139,-0.00163107365864746,-0.07999992370605469
2016-03-16,95.71072387695312,120.58999633789062,171.42745971679688,14.989999771118164,0.0029672526143241485,0.02205075556149502,0.005770681492776019,-1.8500003814697266
2016-03-17,96.10618591308594,120.12999725341797,172.5149383544922,14.4399995803833,0.004123334036248277,-0.0038218648773646413,0.0063236301640011315,-0.5500001907348633
2016-03-18,96.30770111083984,119.80000305175781,173.19287109375,14.020000457763672,0.0020946021573324753,-0.002750755714748547,0.003922003436038207,-0.4199991226196289
2016-03-21,95.56895446777344,118.95999908447266,173.43865966796875,13.789999961853027,-0.0077002623493496545,-0.007036416699314462,0.001418154977835198,-0.23000049591064453
2016-03-22,95.54654693603516,119.30999755859375,173.3454132080078,14.170000076293945,-0.00023449203938321464,0.0029378329691904675,-0.0005377782285957023,0.38000011444091797
2016-03-23,96.62857818603516,116.61000061035156,172.20140075683594,14.9399995803833,0.011261006685212058,-0.02289008865862743,-0.0066214856267331895,0.7699995040893555
2016-03-24,96.66590118408203,116.33000183105469,172.125244140625,14.739999771118164,0.00038617759423184404,-0.00240404319751751,-0.0004423509977012414,-0.19999980926513672
2016-03-28,96.79275512695312,116.5999984741211,172.2268829345703,15.239999771118164,0.0013114322560785893,0.0023182652611009025,0.0005903189723853115,0.5
2016-03-29,97.80760955810547,118.76000213623047,173.81996154785156,13.819999694824219,0.01043023360475255,0.01835540705340136,0.009207365379455218,-1.4200000762939453
2016-03-30,96.77783203125,117.0999984741211,174.58261108398438,13.5600004196167,-0.010584421241952748,-0.014076410310244578,0.004377985779485069,-0.25999927520751953
2016-03-31,97.46440124511719,117.63999938964844,174.15899658203125,13.949999809265137,0.0070692357836605255,0.004600850924385841,-0.0024293901329048343,0.3899993896484375
2016-04-01,97.7186050415039,116.93000030517578,175.34532165527344,13.100000381469727,0.0026047753331700403,-0.006053640735366039,0.006788640754243138,-0.8499994277954102
2016-04-04,97.77842712402344,116.1500015258789,174.77752685546875,14.119999885559082,0.0006119999237231478,-0.006692995408569699,-0.003243406135712278,1.0199995040893555
2016-04-05,98.84772491455078,117.66000366210938,173.03189086914062,15.420000076293945,0.010876562663511403,0.012916668207256437,-0.010037972262949162,1.3000001907348633
2016-04-06,98.1298828125,116.94000244140625,174.92164611816406,14.09000015258789,-0.007288597807616841,-0.0061381369358647206,0.010862219398732505,-1.3299999237060547
2016-04-07,99.34130859375,118.61000061035156,172.8285675048828,16.15999984741211,0.012269546459916496,0.014179801562102948,-0.012037973277256135,2.0699996948242188
2016-04-08,98.71309661865234,118.43000030517578,173.29464721679688,15.359999656677246,-0.006343853662443637,-0.0015187338768047718,0.0026931449483750653,-0.8000001907348633
2016-04-11,98.58600616455078,120.02999877929688,172.88783264160156,16.260000228881836,-0.0012883025810729151,0.013419630057020864,-0.002350290879119667,0.9000005722045898
2016-04-12,97.90552520751953,120.05000305175781,174.4979248046875,14.850000381469727,-0.006926341025876901,0.00016664672071527165,0.00926983135104264,-1.4099998474121094
2016-04-13,98.2495346069336,118.7699966430664,176.26052856445312,13.84000015258789,0.0035075287115007674,-0.010719526565990727,0.0100503271091057,-1.010000228881836
2016-04-14,97.77842712402344,117.11000061035156,176.26901245117188,13.720000267028809,-0.004806542757918509,-0.014075152256168354,4.8131493865445145e-05,-0.11999988555908203
2016-04-15,98.61591339111328,117.91999816894531,176.07411193847656,13.619999885559082,0.008528670849941985,0.006892743647260424,-0.0011063109740628663,-0.10000038146972656
2016-04-18,98.18965148925781,117.73999786376953,177.31129455566406,13.350000381469727,-0.004331814180840987,-0.0015276274565966695,0.0070019171649097775,-0.26999950408935547
2016-04-19,97.88310241699219,119.58000183105469,177.87062072753906,13.239999771118164,-0.003126893624239717,0.015506833308651099,0.003149522034540664,-0.1100006103515625
2016-04-20,96.80632781982422,118.97000122070312,178.0401153564453,13.279999732971191,-0.011061572014481416,-0.005114248016109923,0.000952455908380617,0.039999961853027344
2016-04-21,96.2304916381836,119.41999816894531,177.08255004882812,13.949999809265137,-0.005966093839462511,0.003775305036917395,-0.005392883764702351,0.6700000762939453
2016-04-22,95.9837646484375,117.88999938964844,177.08255004882812,13.220000267028809,-0.002567209425756717,-0.012894694659209222,0.0,-0.7299995422363281
2016-04-25,95.58744049072266,118.2300033569336,176.77745056152344,14.079999923706055,-0.004137623113523474,0.0028799271415296556,-0.0017244083105277892,0.8599996566772461
2016-04-26,95.1537094116211,118.69999694824219,177.04013061523438,13.960000038146973,-0.004547857941461044,0.003967367637514969,0.001484833518441108,-0.11999988555908203
2016-04-27,96.10343170166016,119.04000091552734,177.404541015625,13.770000457763672,0.009931447168059418,0.002860302869919961,0.00205623364070218,-0.18999958038330078
2016-04-28,96.49972534179688,121.29000091552734,175.79446411132812,15.220000267028809,0.004115137108528118,0.018724801093336303,-0.009117172097062072,1.4499998092651367
2016-04-29,96.74651336669922,123.6500015258789,174.8453369140625,15.699999809265137,0.002554131565132765,0.019270626438691787,-0.005413700969407466,0.4799995422363281
2016-05-02,95.77243041992188,123.23999786376953,176.23512268066406,14.680000305175781,-0.010119432820640801,-0.0033213499131697927,0.007917233717949222,-1.0199995040893555
2016-05-03,96.97875213623047,122.95999908447266,174.70135498046875,15.600000381469727,0.012517043480056687,-0.0022745646099545844,-0.008741054655612894,0.9200000762939453
2016-05-04,97.5107421875,122.20999908447266,173.72677612304688,16.049999237060547,0.005470643850449643,-0.006118222826125519,-0.005594160241449134,0.4499988555908203
2016-05-05,98.16259002685547,122.06999969482422,173.69288635253906,15.90999984741211,0.0066626376043269955,-0.0011462207767798868,-0.00019509414276571344,-0.1399993896484375
2016-05-06,97.74310302734375,123.18000030517578,174.32846069335938,14.720000267028809,-0.004282546710050424,0.009052054554673597,0.0036525061051818843,-1.1899995803833008
2016-05-09,98.05023193359375,120.6500015258789,174.4724884033203,14.569999694824219,0.0031372789908443426,-0.02075289801818274,0.000825844760570384,-0.15000057220458984
2016-05-10,98.0577163696289,120.9800033569336,176.64186096191406,13.630000114440918,7.632975719294651e-05,0.002731465708414251,0.01235722873707965,-0.9399995803833008
2016-05-11,98.61219787597656,122.12000274658203,174.98941040039062,14.6899995803833,0.005638716807546578,0.009378919930915114,-0.00939883827533571,1.0599994659423828
2016-05-12,98.16259002685547,121.16000366210938,175.04025268554688,14.40999984741211,-0.0045697788455333534,-0.007892173973086844,0.0002905027252009917,-0.2799997329711914
2016-05-13,99.11419677734375,121.70999908447266,173.51490783691406,15.039999961853027,0.009647502341629081,0.004529141979827091,-0.008752442992305619,0.630000114440918
2016-05-16,98.2600326538086,121.80000305175781,175.2266845703125,14.680000305175781,-0.008655329101939214,0.0007392219670169126,0.009816956267988525,-0.3599996566772461
2016-05-17,98.42485046386719,122.22000122070312,173.59121704101562,15.569999694824219,0.0016759584775901902,0.003442329123242772,-0.009377268231035766,0.8899993896484375
2016-05-18,97.02372741699219,120.0999984741211,173.64205932617188,15.949999809265137,-0.014337756401576042,-0.017497993073654197,0.00029284224168550226,0.38000011444091797
2016-05-19,97.44329071044922,119.87000274658203,173.04039001464844,16.329999923706055,0.004315013913375721,-0.0019168712488535215,-0.003471014565291133,0.38000011444091797
2016-05-20,97.51823425292969,119.70999908447266,174.13351440429688,15.199999809265137,0.0007688034465865579,-0.001335701516612647,0.0062972935934157434,-1.130000114440918
2016-05-23,97.735595703125,119.37000274658203,173.89627075195312,15.819999694824219,0.002226450974448313,-0.002844207499474105,-0.0013633527888132397,0.619999885559082
2016-05-24,97.30094146728516,117.30000305175781,176.15042114257812,14.420000076293945,-0.004457164403419543,-0.017493154439807392,0.012879319256650904,-1.3999996185302734
2016-05-25,96.9338150024414,116.9800033569336,177.34515380859375,13.899999618530273,-0.0037802390129248313,-0.002731772964595234,0.006759559665128897,-0.5200004577636719
2016-05-26,97.435791015625,116.58000183105469,177.39602661132812,13.430000305175781,0.0051651813211856705,-0.003425260387699169,0.00028681645036485805,-0.4699993133544922
2016-05-27,97.2934799194336,115.62000274658203,178.15870666503906,13.119999885559082,-0.0014616305072549267,-0.008268772914245718,0.0042900918035095464,-0.3100004196166992
2016-05-31,97.52574157714844,116.05999755859375,177.8197479248047,14.1899995803833,0.0023843824646252966,0.003798302317157037,-0.00190437841562917,1.0699996948242188
2016-06-01,97.92139434814453,115.94000244140625,178.18414306640625,14.199999809265137,0.004048698995596002,-0.0010344407576528966,0.0020471420570467276,0.010000228881835938
2016-06-02,98.62715911865234,115.66999816894531,178.72645568847656,13.630000114440918,0.0071816128015990575,-0.002331543491761781,0.0030389293079052747,-0.5699996948242188
2016-06-03,100.03121185302734,118.87999725341797,178.19259643554688,13.470000267028809,0.014135584688768785,0.027373264388307245,-0.0029914886744116073,-0.15999984741210938
2016-06-06,99.28793334960938,118.91999816894531,179.0993194580078,13.649999618530273,-0.0074582092759588854,0.0003364248669020046,0.005075541475430748,0.17999935150146484
2016-06-07,99.52811431884766,118.81999969482422,179.37896728515625,14.050000190734863,0.0024161136778952795,-0.0008412423733233627,0.0015601942668035424,0.40000057220458984
2016-06-08,100.06117248535156,120.58000183105469,179.96368408203125,14.079999923706055,0.005341563592782149,0.014703707887444253,0.003254371896619776,0.029999732971191406
2016-06-09,100.70692443847656,121.25,179.71795654296875,14.640000343322754,0.006432836589680576,0.005541081570940133,-0.0013663615238490648,0.5600004196166992
2016-06-10,101.19501495361328,121.73999786376953,178.01463317871094,17.030000686645508,0.004834935884527791,0.004033075700703472,-0.009522958128953027,2.390000343322754
2016-06-13,101.64544677734375,122.63999938964844,176.64186096191406,20.969999313354492,0.004441249642920436,0.007365624068488461,-0.007741457412126724,3.9399986267089844
2016-06-14,101.5704116821289,122.7699966430664,176.29444885253906,20.5,-0.0007384768018960803,0.0010594292626908233,-0.001968696401710352,-0.4699993133544922
2016-06-15,101.96084594726562,123.68000030517578,176.0486602783203,20.139999389648438,0.0038366071983473673,0.0073849284570991006,-0.0013951662894374423,-0.3600006103515625
2016-06-16,102.45634460449219,122.37999725341797,176.57400512695312,19.3700008392334,0.0048479252291698605,-0.01056665171524312,0.0029796453197875714,-0.7699985504150391
2016-06-17,101.81814575195312,123.94999694824219,175.91647338867188,19.40999984741211,-0.006248464288159621,0.01274729826898987,-0.0037307816297185337,0.03999900817871094
2016-06-20,100.7295150756836,123.20999908447266,177.04933166503906,18.3700008392334,-0.010749481426048481,-0.005988024654369792,0.006419104344313822,-1.039999008178711
2016-06-21,100.26397705078125,120.83999633789062,177.55197143554688,18.479999542236328,-0.004632377421498025,-0.01942288299292089,0.002834959165437081,0.10999870300292969
2016-06-22,100.42913055419922,120.9000015258789,177.26235961914062,21.170000076293945,0.0016458317145914372,0.000496444028716167,-0.0016324700293944318,2.690000534057617
2016-06-23,99.28041076660156,120.11000061035156,179.57073974609375,17.25,-0.011504031792373819,-0.0065557755937431204,0.012938330737534446,-3.9200000762939453
2016-06-24,101.94577026367188,126.0,173.12254333496094,25.760000228881836,0.026492729475671193,0.047873912303474195,-0.03656953686901643,8.510000228881836
2016-06-27,104.49105834960938,126.68000030517578,170.02191162109375,23.850000381469727,0.024660493892277414,0.0053823171279899626,-0.018072366084750144,-1.9099998474121094
2016-06-28,104.70872497558594,125.31999969482422,173.0884246826172,18.75,0.002080945793195796,-0.01079376043064916,0.017875268617563903,-5.100000381469727
2016-06-29,103.90546417236328,125.83999633789062,176.03573608398438,16.639999389648438,-0.007700960095447637,0.004140765999889028,0.01688443110807952,-2.1100006103515625
2016-06-30,104.28832244873047,126.47000122070312,178.4378662109375,15.630000114440918,0.003677907147545215,0.0049939058952932335,0.013553431809867827,-1.0099992752075195
2016-07-01,105.73638153076172,128.41000366210938,178.81259155273438,14.770000457763672,0.013789635225866344,0.015223162818061162,0.0020978306455911484,-0.8599996566772461
2016-07-05,107.06021881103516,129.47000122070312,177.5263671875,15.579999923706055,0.012442438997429108,0.008220905136956962,-0.007219137395715727,0.8099994659423828
2016-07-06,107.23323059082031,130.22999572753906,178.5911407470703,14.960000038146973,0.0016147186753439954,0.005852881673551483,0.0059799179137108565,-0.619999885559082
2016-07-07,107.2257080078125,129.74000549316406,178.48036193847656,14.760000228881836,-7.015406361748677e-05,-0.0037695950478742334,-0.0006204853163288198,-0.19999980926513672
2016-07-08,108.01549530029297,130.52000427246094,181.13809204101562,13.199999809265137,0.0073386584436255205,0.005994014334570738,0.014781101812619964,-1.5600004196166992
2016-07-11,107.0677261352539,129.2899932861328,181.77694702148438,13.539999961853027,-0.008813103069623785,-0.00946861312154938,0.0035206898122301395,0.3400001525878906
2016-07-12,105.30754089355469,127.1500015258789,183.09725952148438,13.550000190734863,-0.016576558765872614,-0.016690387468968386,0.007237114813950685,0.010000228881835938
2016-07-13,106.54869842529297,128.32000732421875,183.07171630859375,13.039999961853027,0.011717112846415755,0.009159697327218079,-0.0001395159864330528,-0.5100002288818359
2016-07-14,104.99913787841797,127.33000183105469,184.09384155273438,12.819999694824219,-0.014650003404216046,-0.007745045230236175,0.005567667569318722,-0.2200002670288086
2016-07-15,104.09654235839844,126.83999633789062,183.84686279296875,12.670000076293945,-0.008633378989506032,-0.003855735167465888,-0.0013424923850090043,-0.14999961853027344
2016-07-18,103.99871063232422,127.04000091552734,184.34092712402344,12.4399995803833,-0.0009402591541694411,0.0015755839071671933,0.0026837643242396225,-0.23000049591064453
2016-07-19,104.58545684814453,127.20999908447266,184.15347290039062,11.970000267028809,0.005626004797434571,0.0013372522657107563,-0.0010174061792532678,-0.4699993133544922
2016-07-20,104.0137939453125,125.38999938964844,184.92010498046875,11.770000457763672,-0.005480981660048223,-0.01441038163632243,0.0041543650297168454,-0.19999980926513672
2016-07-21,104.22439575195312,127.30000305175781,184.2216339111328,12.739999771118164,0.0020227017796314245,0.015117654201499693,-0.0037843019594403205,0.9699993133544922
2016-07-22,104.40496826171875,126.3499984741211,185.0479278564453,12.020000457763672,0.0017310368145883135,-0.0074907077787214,0.004475296152005509,-0.7199993133544922
2016-07-25,104.32967376708984,125.47000122070312,184.54531860351562,12.869999885559082,-0.0007214374879301802,-0.006989125856947095,-0.0027197984139222427,0.8499994277954102
2016-07-26,104.4951400756836,126.0,184.63052368164062,13.050000190734863,0.0015847383285361894,0.004215211050825792,0.0004615961819737221,0.18000030517578125
2016-07-27,105.79650115966797,128.02999877929688,184.43460083007812,12.829999923706055,0.012376884682245912,0.01598269497210111,-0.0010617251913270218,-0.2200002670288086
2016-07-28,105.60091400146484,127.66000366210938,184.64759826660156,12.720000267028809,-0.001850422001258389,-0.00289409340924044,0.001154200666900912,-0.1099996566772461
2016-07-29,106.4809341430664,128.97999572753906,184.9456329345703,11.869999885559082,0.008298920440667627,0.010286811942904156,0.0016127715954102225,-0.8500003814697266
2016-08-01,105.32654571533203,129.22000122070312,184.7923583984375,12.4399995803833,-0.010900463561183916,0.0018590671194806466,-0.0008290981641369063,0.5699996948242188
2016-08-02,104.24136352539062,130.27000427246094,183.6083526611328,13.369999885559082,-0.010356470065067716,0.008092864929715934,-0.006427836746217711,0.9300003051757812
2016-08-03,104.3016586303711,129.64999389648438,184.14503479003906,12.859999656677246,0.0005782510106287193,-0.004770787598632875,0.0029187087228166914,-0.5100002288818359
2016-08-04,105.08538055419922,129.8699951171875,184.34092712402344,12.420000076293945,0.007485903490269857,0.0016954476164976306,0.0010632283054734157,-0.4399995803833008
2016-08-05,103.99273681640625,127.55000305175781,185.8486328125,11.390000343322754,-0.01045210946814164,-0.018025444010511534,0.008145632336301006,-1.0299997329711914
2016-08-08,104.1885986328125,127.44000244140625,185.73793029785156,11.5,0.0018816468226852878,-0.0008627837547004024,-0.0005958370345630953,0.1099996566772461
2016-08-09,105.21344757080078,127.95999908447266,185.8486328125,11.65999984741211,0.009788415532543105,0.004072023167431496,0.0005958370345630296,0.15999984741210938
2016-08-10,105.6203842163086,128.55999755859375,185.38864135742188,12.050000190734863,0.003860264241214173,0.004677994512329687,-0.0024781546600721378,0.3900003433227539
2016-08-11,104.67842102050781,127.66999816894531,186.24891662597656,11.680000305175781,-0.008958391316853219,-0.006946906948684773,0.004629654816353902,-0.36999988555908203
2016-08-12,105.56011199951172,127.4000015258789,186.08717346191406,11.550000190734863,0.008387578959524545,-0.0021170403750345335,-0.000868802023452492,-0.13000011444091797
2016-08-15,104.56542205810547,127.83999633789062,186.62374877929688,11.8100004196167,-0.00946764871665291,0.003447698256792746,0.0028793129262758973,0.26000022888183594
2016-08-16,104.28662109375,128.47000122070312,185.6611785888672,12.640000343322754,-0.002669843452400417,0.004915970173444719,-0.0051711593173114625,0.8299999237060547
2016-08-17,104.91206359863281,128.5,186.01046752929688,12.1899995803833,0.0059794292615666786,0.00023348078990268189,0.0018795571139553137,-0.4500007629394531
2016-08-18,105.07784271240234,129.11000061035156,186.42787170410156,11.430000305175781,0.0015789249218926247,0.004735854578729188,0.0022414682141656014,-0.7599992752075195
2016-08-19,104.52777862548828,127.97000122070312,186.15518188476562,11.34000015258789,-0.005248574405064755,-0.008868887925520175,-0.0014637803056217176,-0.09000015258789062
2016-08-22,105.40937042236328,127.77999877929688,186.14669799804688,12.270000457763672,0.008398675346333581,-0.0014858453674488508,-4.557530960031106e-05,0.9300003051757812
2016-08-23,105.52243041992188,127.76000213623047,186.5215301513672,12.380000114440918,0.0010720053394932141,-0.0001565049936259337,0.0020116138238078078,0.1099996566772461
2016-08-24,105.27373504638672,126.33999633789062,185.56756591796875,13.449999809265137,-0.0023595826648174093,-0.011176864142998198,-0.0051276231077549625,1.0699996948242188
2016-08-25,104.87439727783203,126.2300033569336,185.4397735595703,13.630000114440918,-0.0038005405502404693,-0.0008709901258544955,-0.000688893991328123,0.18000030517578125
2016-08-26,104.26397705078125,126.05000305175781,185.0904541015625,13.649999618530273,-0.005837493596440517,-0.0014269885139346196,-0.0018855118175009876,0.01999950408935547
2016-08-29,105.65813446044922,126.30000305175781,186.00198364257812,12.9399995803833,0.01328281139636008,0.001981375674593548,0.0049126917262712335,-0.7100000381469727
2016-08-30,105.2511978149414,125.02999877929688,185.69529724121094,13.119999885559082,-0.003858882355664414,-0.01010635477558835,-0.0016501948587511561,0.18000030517578125
2016-08-31,105.40186309814453,124.77999877929688,185.16714477539062,13.420000076293945,0.0014304592417614522,-0.0020015218438290436,-0.002848241089070422,0.3000001907348633
2016-09-01,105.51809692382812,125.29000091552734,185.1757354736328,13.479999542236328,0.0011021606247016637,0.004078880664929754,4.639321397494322e-05,0.05999946594238281
2016-09-02,104.65753936767578,126.56999969482422,186.01046752929688,11.979999542236328,-0.008188983084566535,0.010164454828507231,0.004497653501408278,-1.5
2016-09-06,105.41999816894531,128.7100067138672,186.5726318359375,12.020000457763672,0.007258864113766739,0.016766351430797802,0.003017660941681561,0.04000091552734375
2016-09-07,105.34452056884766,128.27000427246094,186.5556182861328,11.9399995803833,-0.0007162268466838802,-0.0034244132039321193,-9.119411253855707e-05,-0.0800008773803711
2016-09-08,104.02330017089844,127.58999633789062,186.1297149658203,12.510000228881836,-0.012621213058308435,-0.005315481388614766,-0.0022855930605252695,0.5700006484985352
2016-09-09,102.30966186523438,126.75,181.67466735839844,17.5,-0.01661079926964944,-0.006605326760192751,-0.02422627740723096,4.989999771118164
2016-09-12,102.36248016357422,126.58999633789062,184.28128051757812,15.15999984741211,0.0005161259269462759,-0.0012631537514554386,0.01424574327371144,-2.3400001525878906
2016-09-13,101.19985961914062,125.75,181.63214111328125,17.850000381469727,-0.011422871120464787,-0.006657679739988439,-0.014479849788204257,2.690000534057617
2016-09-14,101.35090637207031,126.18000030517578,181.56398010253906,18.139999389648438,0.0014914461585932572,0.0034136523813896856,-0.00037533997507587907,0.28999900817871094
2016-09-15,100.9129867553711,125.37000274658203,183.3783416748047,16.299999237060547,-0.0043301875999353446,-0.006440074325495675,0.009943360431834782,-1.8400001525878906
2016-09-16,101.72834014892578,125.05999755859375,182.6694793701172,15.369999885559082,0.008047300184332813,-0.002475784418470438,-0.003873063299643278,-0.9299993515014648
2016-09-19,101.39614868164062,125.31999969482422,182.70372009277344,15.529999732971191,-0.0032708194403686876,0.002076861031546589,0.0001874287594537158,0.15999984741210938
2016-09-20,101.75100708007812,125.44000244140625,182.7123260498047,15.920000076293945,0.0034936128742457558,0.0009571124160199947,4.710223934430218e-05,0.3900003433227539
2016-09-21,102.57388305664062,127.2699966430664,184.76695251464844,13.300000190734863,0.008054627361541472,0.014483211562644741,0.011182387660198573,-2.619999885559082
2016-09-22,103.3891830444336,127.56999969482422,185.9312744140625,12.020000457763672,0.00791699465078636,0.0023544435304930274,0.006281798204607596,-1.2799997329711914
2016-09-23,103.2910385131836,127.6500015258789,184.9125213623047,12.289999961853027,-0.0009497235670383385,0.0006269244831308528,-0.005494257291646608,0.26999950408935547
2016-09-26,103.94789123535156,127.55000305175781,183.41432189941406,14.5,0.006339107450128735,-0.0007836871273146296,-0.008135207916886556,2.2100000381469727
2016-09-27,104.71033477783203,126.62000274658203,184.55294799804688,13.100000381469727,0.007308093722853699,-0.00731797170627855,0.006188755500611031,-1.3999996185302734
2016-09-28,104.48385620117188,126.22000122070312,185.46897888183594,12.390000343322754,-0.0021652481274316753,-0.0031640709801869947,0.004951234986891256,-0.7100000381469727
2016-09-29,104.74807739257812,126.06999969482422,183.7909698486328,14.020000457763672,0.0025256310288724586,-0.001189120004834333,-0.009088559912985397,1.630000114440918
2016-09-30,103.81196594238281,125.63999938964844,185.17791748046875,13.289999961853027,-0.008976961470296165,-0.0034166360099868506,0.007518000633774853,-0.7300004959106445
2016-10-03,103.4693603515625,125.31999969482422,184.73268127441406,13.569999694824219,-0.003305709288310245,-0.002550206163687112,-0.002407265012478841,0.2799997329711914
2016-10-04,102.2593765258789,120.97000122070312,183.7909698486328,13.630000114440918,-0.011763040944606389,-0.03532787258610445,-0.005110735621295925,0.06000041961669922
2016-10-05,101.78277587890625,120.77999877929688,184.60433959960938,12.989999771118164,-0.0046715985704555065,-0.0015718922897908132,0.004415751513465324,-0.6400003433227539
2016-10-06,101.21556091308594,119.66000366210938,184.73268127441406,12.84000015258789,-0.005588385116474961,-0.009316280206747919,0.0006949841078305904,-0.14999961853027344
2016-10-07,101.28367614746094,119.73999786376953,184.09922790527344,13.479999542236328,0.0006727456155664295,0.0006682890904551575,-0.0034349196812994273,0.6399993896484375
2016-10-10,100.68620300292969,120.16000366210938,185.05809020996094,13.380000114440918,-0.005916475168540175,0.003501510836135576,0.0051948825826773565,-0.09999942779541016
2016-10-11,100.45930480957031,119.55000305175781,182.72085571289062,15.359999656677246,-0.002256061217235559,-0.005089499061391432,-0.012710167276265777,1.9799995422363281
2016-10-12,100.55762481689453,119.73999786376953,182.96063232421875,15.90999984741211,0.0009782262155465186,0.0015879882252557648,0.00131139613863613,0.5500001907348633
2016-10-13,100.93573760986328,120.02999877929688,182.3612823486328,16.690000534057617,0.0037531086111280295,0.0024189937106391113,-0.003281218504830774,0.7800006866455078
2016-10-14,99.52149200439453,119.36000061035156,182.45547485351562,16.1200008392334,-0.014110432168601266,-0.005597559798283797,0.0005163825680499246,-0.5699996948242188
2016-10-17,100.15674591064453,119.68000030517578,181.82191467285156,16.209999084472656,0.006362797028653385,0.0026773752071126027,-0.0034784526171560133,0.08999824523925781
2016-10-18,100.48198699951172,120.41999816894531,182.96063232421875,15.279999732971191,0.003242059686406988,0.006164100054633751,0.006243288553936776,-0.9299993515014648
2016-10-19,100.56517028808594,121.11000061035156,183.4485626220703,14.40999984741211,0.0008275003182652741,0.005713611741873303,0.0026633097258347694,-0.869999885559082
2016-10-20,100.67109680175781,120.73999786376953,183.1061248779297,13.75,0.0010527577855315618,-0.0030597728971403517,-0.0018684133933525534,-0.6599998474121094
2016-10-21,100.82233428955078,120.83000183105469,183.1917266845703,13.34000015258789,0.0015011657241129376,0.0007451585177257722,0.00046738908150184533,-0.4099998474121094
2016-10-24,100.3836898803711,120.55999755859375,183.9707794189453,13.020000457763672,-0.004360158756786122,-0.002237080125500534,0.0042436462904420075,-0.31999969482421875
2016-10-25,100.6483383178711,121.47000122070312,183.35443115234375,13.460000038146973,0.002632899769793322,0.007519794693909835,-0.0033558755418971503,0.4399995803833008
2016-10-26,99.96768951416016,120.79000091552734,182.98623657226562,14.239999771118164,-0.006785613519967797,-0.0056138205649168835,-0.002010121924720949,0.7799997329711914
2016-10-27,98.87863159179688,121.01000213623047,182.498291015625,15.359999656677246,-0.010953874386176211,0.0018196962666161048,-0.0026701313446327877,1.119999885559082
2016-10-28,98.65933227539062,121.58000183105469,181.95889282226562,16.190000534057617,-0.002220326687648008,0.004699292917769531,-0.002960010728912914,0.8300008773803711
2016-10-31,99.26435852050781,121.94000244140625,181.9674530029297,17.059999465942383,0.006113751489140163,0.0029566431199742503,4.704347879085085e-05,0.8699989318847656
2016-11-01,99.27188873291016,122.7300033569336,180.64907836914062,18.559999465942383,7.585730575781927e-05,0.006457707460557924,-0.007271485598458798,1.5
2016-11-02,99.70381927490234,123.63999938964844,179.56178283691406,19.31999969482422,0.004341547264966482,0.0073872643657927,-0.006037013047518491,0.7600002288818359
2016-11-03,98.9384994506836,124.30000305175781,178.73992919921875,22.079999923706055,-0.007705544477030376,0.005323910740822675,-0.004587502941935642,2.760000228881836
2016-11-04,99.8250732421875,124.38999938964844,178.54302978515625,22.510000228881836,0.008920947225794472,0.0007237632468994597,-0.0011022044519330134,0.43000030517578125
2016-11-07,98.97636413574219,122.1500015258789,182.48110961914062,18.709999084472656,-0.008538311128288366,-0.01817197611952108,0.021817023338123145,-3.8000011444091797
2016-11-08,98.57478332519531,121.63999938964844,183.30299377441406,18.739999771118164,-0.004065593835864811,-0.004183952404118774,0.004493828631566753,0.030000686645507812
2016-11-09,94.39205932617188,121.55999755859375,185.2464141845703,14.380000114440918,-0.04335852938482835,-0.0006579098268444278,0.010546419999876364,-4.359999656677246
2016-11-10,92.99779510498047,119.75,185.7086639404297,14.739999771118164,-0.014881167982287856,-0.015001711673606965,0.002492215485788116,0.3599996566772461
2016-11-11,92.47493743896484,117.0999984741211,185.28060913085938,14.170000076293945,-0.005638123123675891,-0.022377978717915834,-0.0023076408435384467,-0.5699996948242188
2016-11-14,91.92179870605469,116.11000061035156,185.42617797851562,14.479999542236328,-0.00599945968231765,-0.008490234677527317,0.0007853584568733239,0.3099994659423828
2016-11-15,92.3764419555664,117.12000274658203,186.87301635742188,13.369999885559082,0.0049337874320754815,0.008661050768427549,0.007772488819353786,-1.109999656677246
2016-11-16,93.2099609375,116.7699966430664,186.5220184326172,13.720000267028809,0.00898260404271837,-0.002992914324639575,-0.0018800358627509954,0.35000038146972656
2016-11-17,91.83847045898438,116.16999816894531,187.48086547851562,13.350000381469727,-0.014823314969850435,-0.00515153957584098,0.005127496005600384,-0.36999988555908203
2016-11-18,91.57323455810547,115.1500015258789,187.06134033203125,12.850000381469727,-0.0028922481882810076,-0.008818980245606272,-0.0022402031889876477,-0.5
2016-11-21,91.80059051513672,115.58000183105469,188.47390747070312,12.420000076293945,0.0024797003982414247,0.0037273072140238833,0.0075229891680925485,-0.43000030517578125
2016-11-22,91.770263671875,115.54000091552734,188.8420867919922,12.40999984741211,-0.0003304102241277158,-0.00034614845492716306,0.0019515707987059652,-0.010000228881835938
2016-11-23,91.41414642333984,113.25,188.94485473632812,12.430000305175781,-0.0038880786522528113,-0.020019033913875547,0.0005440524040089397,0.020000457763671875
2016-11-25,91.55050659179688,112.61000061035156,189.64683532714844,12.34000015258789,0.0014905632476738056,-0.005667237234161627,0.003708382480228575,-0.09000015258789062
2016-11-28,92.22486877441406,113.80000305175781,188.75648498535156,13.149999618530273,0.007339015992734303,0.01051202138010083,-0.004705836006514818,0.8099994659423828
2016-11-29,92.61138153076172,113.2699966430664,189.12461853027344,12.899999618530273,0.004182224202058413,-0.004668228933024833,0.0019484100049411692,-0.25
2016-11-30,91.11102294921875,111.75,188.6708526611328,13.329999923706055,-0.016333249507517862,-0.013510086082379656,-0.0024021785433945325,0.43000030517578125
2016-12-01,90.1490249633789,111.54000091552734,187.97740173339844,14.069999694824219,-0.010614661414293628,-0.0018809543242076046,-0.0036822244795894432,0.7399997711181641
2016-12-02,90.80957794189453,112.13999938964844,188.07159423828125,14.119999885559082,0.007300630108985964,0.005364806083291903,0.0005009586934771333,0.05000019073486328
2016-12-05,90.71087646484375,111.54000091552734,189.20166015625,12.140000343322754,-0.0010874971319436882,-0.005364806083291772,0.005990720436833843,-1.9799995422363281
2016-12-06,90.64253997802734,111.43000030517578,189.8009490966797,11.789999961853027,-0.0007536278212025335,-0.0009866853717861235,0.003162455483219629,-0.35000038146972656
2016-12-07,91.41705322265625,111.83000183105469,192.28367614746094,12.220000267028809,0.00850839995238136,0.003583283615967707,0.012995874890190365,0.43000030517578125
2016-12-08,90.33885192871094,111.56999969482422,192.75454711914062,12.640000343322754,-0.011864417177684147,-0.0023276835438490475,0.00244584136307062,0.4200000762939453
2016-12-09,89.21510314941406,110.4000015258789,193.91888427734375,11.75,-0.01251727873546557,-0.010542046205441346,0.006022346418137034,-0.8900003433227539
2016-12-12,89.38214111328125,110.81999969482422,193.6962127685547,12.640000343322754,0.0018705553186101,0.003797113021044969,-0.001148931168990804,0.8900003433227539
2016-12-13,89.70106506347656,110.44999694824219,194.98899841308594,12.720000267028809,0.003561744221139447,-0.003344358449500988,0.006652120402629267,0.07999992370605469
2016-12-14,88.69880676269531,108.83000183105469,193.3794708251953,13.1899995803833,-0.011236205892818051,-0.01477585370302796,-0.008288709976617011,0.4699993133544922
2016-12-15,89.14680480957031,107.33999633789062,194.1756591796875,12.789999961853027,0.00503806633752431,-0.013785715901107913,0.004108780469974805,-0.39999961853027344
2016-12-16,88.94178771972656,108.05000305175781,193.7958984375,12.199999809265137,-0.0023024178865190966,0.006592778565065687,-0.001957673731577267,-0.5900001525878906
2016-12-19,89.8984146118164,108.58999633789062,194.21788024902344,11.710000038146973,0.010698221133548715,0.004985177307786946,0.0021750875926027364,-0.48999977111816406
2016-12-20,89.45047760009766,107.79000091552734,194.967041015625,11.449999809265137,-0.004995157066086584,-0.007394390217464912,0.00384990091337015,-0.26000022888183594
2016-12-21,89.84529876708984,107.8499984741211,194.42454528808594,11.270000457763672,0.004404139496969093,0.0005564603998491446,-0.0027863780195097575,-0.17999935150146484
2016-12-22,89.6846923828125,107.58999633789062,194.08868408203125,11.430000305175781,-0.0017891877127936108,-0.0024136861188265224,-0.0017289567733114006,0.15999984741210938
2016-12-23,89.86738586425781,107.93000030517578,194.3728790283203,11.4399995803833,0.002034992257136027,0.003155199096609045,0.0014631820698879426,0.009999275207519531
2016-12-27,89.57813262939453,108.55999755859375,194.85520935058594,11.989999771118164,-0.003223858559579951,0.00582012137282036,0.002478395488696755,0.5500001907348633
2016-12-28,90.23278045654297,108.86000061035156,193.2447509765625,12.949999809265137,0.007281546024240463,0.002759665575201272,-0.008299241341526197,0.9600000381469727
2016-12-29,90.55252075195312,110.29000091552734,193.2017059326172,13.369999885559082,0.0035372414312149015,0.01305061000633585,-0.00022277365132343055,0.4200000762939453
2016-12-30,90.68954467773438,109.61000061035156,192.49551391601562,14.039999961853027,0.0015120546277485089,-0.006184651823121631,-0.0036619024945030673,0.6700000762939453
2017-01-03,91.07779693603516,110.47000122070312,193.96812438964844,12.850000381469727,0.004271975871060264,0.00781538513824579,0.007620989169654059,-1.1899995803833008
2017-01-04,91.427978515625,110.86000061035156,195.1220703125,11.850000381469727,0.0038374896187674816,0.0035241475629946054,0.005931526015484954,-1.0
2017-01-05,92.85913848876953,112.58000183105469,194.967041015625,11.670000076293945,0.015532162728925263,0.015395946803090798,-0.0007948404635500288,-0.18000030517578125
2017-01-06,92.00654602050781,111.75,195.6645965576172,11.319999694824219,-0.009223978106297692,-0.007399862806678017,0.0035714274848520603,-0.35000038146972656
2017-01-09,92.7449951171875,112.66999816894531,195.01873779296875,11.5600004196167,0.007994012116270792,0.008198942430912352,-0.0033063061370711745,0.24000072479248047
2017-01-10,92.68408966064453,113.1500015258789,195.01873779296875,11.489999771118164,-0.0006569137609256523,0.004251209640407789,0.0,-0.07000064849853516
2017-01-11,92.99620056152344,113.5,195.56993103027344,11.260000228881836,0.0033618128715360907,0.003088451356458922,0.002822373751170182,-0.22999954223632812
2017-01-12,92.79064178466797,113.91000366210938,195.0790557861328,11.539999961853027,-0.0022128462719895443,0.0036058581395100996,-0.0025131282510028174,0.2799997329711914
2017-01-13,92.34913635253906,114.20999908447266,195.52685546875,11.229999542236328,-0.00476943716256657,0.002630155985373185,0.0022928474244421704,-0.3100004196166992
2017-01-17,93.31594848632812,115.8499984741211,194.83790588378906,11.869999885559082,0.0104146762265426,0.014257386660884261,-0.003529777113560998,0.6400003433227539
2017-01-18,92.12074279785156,114.87000274658203,195.26849365234375,12.479999542236328,-0.012890892641296062,-0.008495159639561354,0.0022075410397250353,0.6099996566772461
2017-01-19,91.4888916015625,114.7699966430664,194.5450897216797,12.779999732971191,-0.006882576642333275,-0.0008709816243124942,-0.0037115420906718003,0.3000001907348633
2017-01-20,91.30619049072266,115.05000305175781,195.25985717773438,11.539999961853027,-0.00199897250611381,0.0024367465635149513,0.0036673123972709733,-1.239999771118164
2017-01-23,92.21967315673828,115.79000091552734,194.75180053710938,11.770000457763672,0.009954893459539049,0.006411370524106662,-0.002605342265840744,0.23000049591064453
2017-01-24,91.58785247802734,115.2699966430664,196.00050354003906,11.069999694824219,-0.006874834586058185,-0.00450104004040464,0.006391298224244876,-0.7000007629394531
2017-01-25,90.4383316040039,114.31999969482422,197.69696044921875,10.8100004196167,-0.012630448322937957,-0.00827564253844338,0.008618127187970427,-0.25999927520751953
2017-01-26,90.74284362792969,113.26000213623047,197.49029541015625,10.630000114440918,0.0033614122467382494,-0.00931545140516917,-0.001045909526878784,-0.18000030517578125
2017-01-27,91.07015991210938,113.48999786376953,197.18026733398438,10.579999923706055,0.003600585562342687,0.002028628943019752,-0.0015710730376528473,-0.05000019073486328
2017-01-30,90.79610443115234,113.97000122070312,195.95745849609375,11.880000114440918,-0.003013815557115261,0.004220558088409409,-0.006220785749720509,1.3000001907348633
2017-01-31,91.427978515625,115.55000305175781,195.940185546875,11.989999771118164,0.006935160345739269,0.013768096552717091,-8.815030910492254e-05,0.1099996566772461
2017-02-01,90.8626708984375,115.19999694824219,196.01771545410156,11.8100004196167,-0.006202286636293588,-0.003033641360264487,0.000395603242285494,-0.17999935150146484
2017-02-02,90.82454681396484,115.83999633789062,196.14691162109375,11.930000305175781,-0.00041966722273818925,0.005540175253055282,0.0006588874301578707,0.11999988555908203
2017-02-03,90.78638458251953,116.12999725341797,197.49893188476562,10.970000267028809,-0.0004202636010239164,0.002500332582847749,0.006869248602044537,-0.9600000381469727
2017-02-06,91.33570098876953,117.69999694824219,197.14585876464844,11.369999885559082,0.00603241578669283,0.013428758731216857,-0.0017893215503399379,0.39999961853027344
2017-02-07,92.00704193115234,117.45999908447266,197.15444946289062,11.289999961853027,0.007323376231049647,-0.002041146037959061,4.357439273721369e-05,-0.07999992370605469
2017-02-08,93.25823211669922,118.19000244140625,197.4127960205078,11.449999809265137,0.01350721784959843,0.006195677380773958,0.0013095187068519266,0.15999984741210938
2017-02-09,92.1825180053711,117.29000091552734,198.5839385986328,10.880000114440918,-0.01160183160112698,-0.0076440113416854985,0.005914927524599071,-0.5699996948242188
2017-02-10,92.12907409667969,117.5999984741211,199.3676300048828,10.850000381469727,-0.0005799299933306713,0.0026395141502793757,0.003938632141118991,-0.029999732971191406
2017-02-13,91.83916473388672,116.80000305175781,200.45269775390625,11.069999694824219,-0.0031517353714838065,-0.00682592596717586,0.0054277901227671125,0.2199993133544922
2017-02-14,91.17545318603516,116.93000030517578,201.25357055664062,10.739999771118164,-0.007253130543325906,0.0011123712399388251,0.003987360551753451,-0.3299999237060547
2017-02-15,90.75584411621094,117.44999694824219,202.30419921875,11.970000267028809,-0.004612838143767097,0.0044372173593291335,0.005206843304466119,1.2300004959106445
2017-02-16,91.25174713134766,118.08000183105469,202.1319580078125,11.760000228881836,0.0054492698779362685,0.005349691237603948,-0.0008517597562591205,-0.21000003814697266
2017-02-17,91.7934341430664,117.68000030517578,202.45057678222656,11.489999771118164,0.005918632648296935,-0.0033932974726115484,0.0015750498990177335,-0.2700004577636719
2017-02-21,91.63323974609375,117.75,203.65621948242188,11.569999694824219,-0.0017466863930349005,0.0005946540100771037,0.005937582199306483,0.07999992370605469
2017-02-22,91.78579711914062,117.91000366210938,203.47537231445312,11.739999771118164,0.0016634849995257148,0.0013579197505681978,-0.0008883966928973629,0.1700000762939453
2017-02-23,92.06044006347656,118.94000244140625,203.61312866210938,11.710000038146973,0.0029877483798195176,0.00869753215772035,0.0006767882295076744,-0.029999732971191406
2017-02-24,93.08273315429688,119.69999694824219,203.87152099609375,11.470000267028809,0.011043382941130985,0.006369402264058673,0.0012682311779572662,-0.23999977111816406
2017-02-27,92.53340911865234,119.12000274658203,204.19015502929688,12.09000015258789,-0.005918942530136896,-0.004857175635850916,0.0015616957763161985,0.619999885559082
2017-02-28,92.87673950195312,119.2300033569336,203.6390380859375,12.920000076293945,0.0037034733888457027,0.0009230175401251751,-0.0027026867528524632,0.8299999237060547
2017-03-01,91.32044982910156,119.05999755859375,206.48944091796875,12.539999961853027,-0.016898484853944778,-0.0014268817535848305,0.013900272102362716,-0.38000011444091797
2017-03-02,90.99176025390625,117.58000183105469,205.1890869140625,11.8100004196167,-0.0036057917478314588,-0.012508578672613836,-0.006317348322205052,-0.7299995422363281
2017-03-03,91.22871398925781,117.51000213623047,205.3182373046875,10.960000038146973,0.002600738143125339,-0.0005955140219629334,0.0006292233403237192,-0.8500003814697266
2017-03-06,90.7930679321289,116.72000122070312,204.7068634033203,11.239999771118164,-0.004786755566953338,-0.006745539852068352,-0.002982131354377658,0.2799997329711914
2017-03-07,90.51787567138672,115.77999877929688,204.09539794921875,11.449999809265137,-0.003035585901131887,-0.008086086565359004,-0.002991499646222012,0.21000003814697266
2017-03-08,90.02870178222656,115.05999755859375,203.7165069580078,11.859999656677246,-0.005418824250819619,-0.006238117890961693,-0.0018581659616635285,0.4099998474121094
2017-03-09,89.31015014648438,114.47000122070312,203.974853515625,12.300000190734863,-0.00801338330337867,-0.005140919622256575,0.0012673635855169744,0.4400005340576172
2017-03-10,89.62355041503906,114.72000122070312,204.68959045410156,11.65999984741211,0.0035029800204833907,0.0021815968976861885,0.003497919517018105,-0.6400003433227539
2017-03-13,89.05791473388672,114.73999786376953,204.79298400878906,11.350000381469727,-0.00633123945026203,0.00017429306368713733,0.0005049961260031249,-0.3099994659423828
2017-03-14,89.4859848022461,114.12000274658203,204.00929260253906,12.300000190734863,0.004795133182370478,-0.005418130142925278,-0.0038340900289698327,0.9499998092651367
2017-03-15,90.57903289794922,116.25,205.77464294433594,11.630000114440918,0.012140742668279202,0.018492494054676123,0.008616058902076678,-0.6700000762939453
2017-03-16,90.12039184570312,116.7300033569336,205.36996459960938,11.210000038146973,-0.005076297700250573,0.004120559955210867,-0.001968545703795863,-0.4200000762939453
2017-03-17,90.68604278564453,116.98999786376953,205.00924682617188,11.279999732971191,0.006256998392021677,0.0022248383768926597,-0.001757973387995125,0.06999969482421875
2017-03-20,91.07588195800781,117.51000213623047,204.78439331054688,11.34000015258789,0.004289564722404665,0.004435011725417898,-0.0010973988669790596,0.06000041961669922
2017-03-21,91.83262634277344,118.54000091552734,202.15504455566406,12.470000267028809,0.008274614555666965,0.008727009558066982,-0.012922735430613197,1.130000114440918
2017-03-22,92.19950866699219,118.83000183105469,202.6307373046875,12.8100004196167,0.0039871602885028015,0.0024434516279076965,0.002350344252800086,0.3400001525878906
2017-03-23,92.0695571899414,118.66999816894531,202.41455078125,13.119999885559082,-0.0014104537621658882,-0.001347399463717088,-0.0010674685045102422,0.3099994659423828
2017-03-24,92.39823150634766,118.86000061035156,202.26751708984375,12.960000038146973,0.003563491128007959,0.0015998188263156232,-0.0007266627782629236,-0.15999984741210938
2017-03-27,92.81867980957031,119.52999877929688,202.05987548828125,12.5,0.004540071664450594,0.005621040603803889,-0.0010270964749254775,-0.46000003814697266
2017-03-28,92.19950866699219,119.04000091552734,203.53028869628906,11.529999732971191,-0.006693109030292634,-0.0041077969016607725,0.007250765821875224,-0.9700002670288086
2017-03-29,92.74983215332031,119.33000183105469,203.72056579589844,11.420000076293945,0.005951090261260438,0.0024332009503229184,0.0009344467242054759,-0.1099996566772461
2017-03-30,92.00076293945312,118.47000122070312,204.3692169189453,11.539999961853027,-0.008109021983403842,-0.007233005455458062,0.003178965496241083,0.11999988555908203
2017-03-31,92.2682876586914,118.72000122070312,203.8935546875,12.369999885559082,0.0029036336414631717,0.002108015430704589,-0.0023301779136023757,0.8299999237060547
2017-04-03,93.19902038574219,119.3499984741211,203.53890991210938,12.380000114440918,0.010036707277450284,0.005292550298656713,-0.0017408768116021654,0.010000228881835938
2017-04-04,92.69342803955078,119.62000274658203,203.668701171875,11.789999961853027,-0.005439635629793725,0.0022597345773738855,0.0006374697359678058,-0.5900001525878906
2017-04-05,92.97686004638672,119.62000274658203,203.0631866455078,12.890000343322754,0.00305307036380707,0.0,-0.0029774649681652845,1.1000003814697266
2017-04-06,92.83900451660156,119.18000030517578,203.63400268554688,12.390000343322754,-0.0014837867089716066,-0.003685116697841802,0.0028070831558991306,-0.5
2017-04-07,92.4636459350586,119.45999908447266,203.4264678955078,12.869999885559082,-0.0040513084300493754,0.002346621760815808,-0.001019675566751279,0.4799995422363281
2017-04-10,92.89259338378906,119.45999908447266,203.5475311279297,14.050000190734863,0.0046283655305145,0.0,0.0005949433442101907,1.1800003051757812
2017-04-11,93.77349090576172,121.19000244140625,203.30538940429688,15.069999694824219,0.009438287245425843,0.014378002485395934,-0.0011903159102604841,1.0199995040893555
2017-04-12,94.2867202758789,122.0199966430664,202.41455078125,15.770000457763672,0.005458152376249381,0.006825356086692966,-0.004391403854828758,0.7000007629394531
2017-04-13,94.5777587890625,122.5999984741211,201.09986877441406,15.960000038146973,0.0030819849767068372,0.0047420728437496,-0.0065161818015425635,0.18999958038330078
2017-04-17,94.2867202758789,122.23999786376953,202.8816375732422,14.65999984741211,-0.0030819849767068468,-0.0029407031136137306,0.00882109861152925,-1.3000001907348633
2017-04-18,95.51998138427734,122.81999969482422,202.27613830566406,14.420000076293945,0.01299509925516083,0.004733558474010278,-0.00298895765755493,-0.23999977111816406
2017-04-19,94.99909973144531,121.7300033569336,201.90426635742188,14.930000305175781,-0.005468039711517725,-0.008914361418128501,-0.0018401290556595115,0.5100002288818359
2017-04-20,94.63140106201172,121.95999908447266,203.5475311279297,14.149999618530273,-0.0038780589485737033,0.001887609614885789,0.008105889668317027,-0.7800006866455078
2017-04-21,94.63140106201172,122.30999755859375,202.89883422851562,14.630000114440918,0.0,0.002865670925194773,-0.003192044537786994,0.48000049591064453
2017-04-24,94.1641616821289,121.4800033569336,205.13034057617188,10.84000015258789,-0.0049496961371164735,-0.006809117727285548,0.010938083518704825,-3.7899999618530273
2017-04-25,93.03047943115234,120.25,206.32391357421875,10.760000228881836,-0.012112484680400144,-0.010176758825308857,0.005801745073732804,-0.07999992370605469
2017-04-26,93.54368591308594,120.83999633789062,206.19418334960938,10.850000381469727,0.005501380915667126,0.004894417227160271,-0.0006289674555058931,0.09000015258789062
2017-04-27,93.5130615234375,120.38999938964844,206.3671875,10.359999656677246,-0.00032743421813687774,-0.003730858335881937,0.0008386832735944722,-0.49000072479248047
2017-04-28,93.71987915039062,120.7699966430664,205.9174041748047,10.819999694824219,0.002209202187655012,0.003151414614046289,-0.0021819078991494167,0.46000003814697266
2017-05-01,92.94073486328125,119.66999816894531,206.4364013671875,10.109999656677246,-0.00834829368114793,-0.009149943206636764,0.0025172434907124734,-0.7100000381469727
2017-05-02,93.41667175292969,119.6500015258789,206.5142364501953,10.59000015258789,0.005107797248736305,-0.00016711217732273407,0.0003769704017940506,0.48000049591064453
2017-05-03,93.47805786132812,117.9800033569336,206.26339721679688,10.680000305175781,0.0006569057429560828,-0.014055680078894413,-0.001215372364277154,0.09000015258789062
2017-05-04,93.01753234863281,116.79000091552734,206.50555419921875,10.460000038146973,-0.004938738210786975,-0.010137688898777003,0.0011733295800115675,-0.2200002670288086
2017-05-05,93.10194396972656,117.01000213623047,207.3185577392578,10.569999694824219,0.0009070692498296475,0.0018819613581217375,0.0039292277205200616,0.1099996566772461
2017-05-08,92.59534454345703,116.75,207.28392028808594,9.770000457763672,-0.005456199033581884,-0.0022245229386793674,-0.00016708752642896323,-0.7999992370605469
2017-05-09,92.58768463134766,116.05000305175781,207.09373474121094,9.960000038146973,-8.272801398567565e-05,-0.006013737531638919,-0.000917933474070997,0.18999958038330078
2017-05-10,92.48023986816406,116.04000091552734,207.46559143066406,10.210000038146973,-0.0011611388147996593,-8.619187440805963e-05,0.0017939858819167457,0.25
2017-05-11,92.48023986816406,116.5,207.0417938232422,10.600000381469727,0.0,0.003956305862795571,-0.002044826076290459,0.3900003433227539
2017-05-12,93.17871856689453,116.83000183105469,206.69581604003906,10.399999618530273,0.007524355409865974,0.0028286293961141936,-0.0016724506334424166,-0.20000076293945312
2017-05-15,92.92542266845703,117.13999938964844,207.8374786376953,10.420000076293945,-0.002722089397489931,0.00264989304932151,0.005508196802710393,0.020000457763671875
2017-05-16,93.27081298828125,117.6500015258789,207.64723205566406,10.649999618530273,0.0037099645410540775,0.004344332691827055,-0.0009157814496216703,0.22999954223632812
2017-05-17,94.62946319580078,119.79000091552734,203.96270751953125,15.59000015258789,0.014461648635718312,0.018026089242991115,-0.01790346927687848,4.940000534057617
2017-05-18,94.73693084716797,118.80999755859375,204.78439331054688,14.65999984741211,0.0011350235974833033,-0.008214659464641129,0.0040205148669893035,-0.9300003051757812
2017-05-19,94.95955657958984,119.4000015258789,206.1163787841797,12.039999961853027,0.0023471793036360456,0.0049536558166890015,0.006483269098895662,-2.619999885559082
2017-05-22,94.69855499267578,119.9000015258789,207.16290283203125,10.930000305175781,-0.002752339454565801,0.004178861021674379,0.00506449914754549,-1.109999656677246
2017-05-23,94.06143188476562,119.13999938964844,207.62130737304688,10.720000267028809,-0.006750641785738448,-0.006358807682167539,0.0022103287269250793,-0.21000003814697266
2017-05-24,94.59110260009766,119.61000061035156,208.10562133789062,10.020000457763672,0.0056153192806803216,0.003937188086656905,0.0023299630141650667,-0.6999998092651367
2017-05-25,94.62178802490234,119.4800033569336,209.10025024414062,9.989999771118164,0.0003243481453334114,-0.0010874337201151904,0.004768057490816134,-0.030000686645507812
2017-05-26,94.78300476074219,120.54000091552734,209.05706787109375,9.8100004196167,0.0017023515868064716,0.008832634206008617,-0.0002065364939445456,-0.17999935150146484
2017-05-30,95.25119018554688,120.13999938964844,208.87542724609375,10.380000114440918,0.004927390801427393,-0.0033239313084347183,-0.0008692343311849094,0.5699996948242188
2017-05-31,95.4891586303711,120.62000274658203,208.82347106933594,10.40999984741211,0.0024952095324228514,0.003987406451696997,-0.00024877334958414585,0.029999732971191406
2017-06-01,95.49919891357422,120.72000122070312,210.48414611816406,9.890000343322754,0.00010514026447990769,0.0008286937780719529,0.007921075906024862,-0.5199995040893555
2017-06-02,96.62995147705078,121.61000061035156,211.18470764160156,9.75,0.011770890747110754,0.007345383440385594,0.0033228072776477218,-0.1400003433227539
2017-06-05,96.02996826171875,121.7300033569336,211.02903747558594,10.069999694824219,-0.00622843771306311,0.0009862969865506888,-0.000737399835366927,0.31999969482421875
2017-06-06,96.55301666259766,123.0999984741211,210.35443115234375,10.449999809265137,0.005431940803823674,0.011191515796581182,-0.0032018669444942257,0.38000011444091797
2017-06-07,96.09150695800781,122.44999694824219,210.7436065673828,10.390000343322754,-0.004791318006988695,-0.005294262319270497,0.0018483844187390114,-0.05999946594238281
2017-06-08,95.83763122558594,121.6500015258789,210.84739685058594,10.15999984741211,-0.002645516807843252,-0.006554676702975053,0.0004923742891025876,-0.23000049591064453
2017-06-09,95.69149017333984,120.54000091552734,210.5273895263672,10.699999809265137,-0.0015260455385579556,-0.009166426122606205,-0.0015188729657555258,0.5399999618530273
2017-06-12,95.66072845458984,120.36000061035156,210.48414611816406,11.460000038146973,-0.0003215193347176588,-0.0014943988172197275,-0.00020542623987251818,0.7600002288818359
2017-06-13,95.6761245727539,120.4800033569336,211.51336669921875,10.420000076293945,0.00016093207297707287,0.0009965350816834196,0.0048778610798671995,-1.0399999618530273
2017-06-14,97.15300750732422,119.81999969482422,211.24522399902344,10.640000343322754,0.015318347367517514,-0.005493177805750778,-0.001268538319754269,0.2200002670288086
2017-06-15,96.99918365478516,119.31999969482422,210.83876037597656,10.899999618530273,-0.00158457016430485,-0.00418165701990386,-0.0019259851770687874,0.25999927520751953
2017-06-16,97.19146728515625,119.33999633789062,210.88482666015625,10.380000114440918,0.001980359942997001,0.00016757431865917162,0.00021846671980883076,-0.5199995040893555
2017-06-19,97.0530014038086,118.43000030517578,212.64044189453125,10.369999885559082,-0.0014256869782274008,-0.00765446009733337,0.00829053386152268,-0.010000228881835938
2017-06-20,97.92225646972656,118.18000030517578,211.20639038085938,10.859999656677246,0.008916627008548839,-0.0021131828104241023,-0.006766864237840819,0.48999977111816406
2017-06-21,98.12224578857422,118.5199966430664,211.15426635742188,10.75,0.002040244800714598,0.002872805881766109,-0.00024682234422428027,-0.1099996566772461
2017-06-22,98.33760070800781,118.91999816894531,211.05865478515625,10.479999542236328,0.0021923564487222615,0.0033692883509404193,-0.0004529069060286151,-0.2700004577636719
2017-06-23,98.29146575927734,119.43000030517578,211.3106689453125,10.020000457763672,-0.00046925869512515965,0.004279445503073095,0.0011933356704843757,-0.45999908447265625
2017-06-26,98.66075897216797,118.36000061035156,211.4497528076172,9.899999618530273,0.0037500835157240828,-0.00899959554685728,0.0006579796034163328,-0.12000083923339844
2017-06-27,97.60684204101562,118.80999755859375,209.74620056152344,11.0600004196167,-0.010739694740059768,0.003794725232620457,-0.008089163828495746,1.1600008010864258
2017-06-28,97.28379821777344,118.9000015258789,211.62356567382812,10.029999732971191,-0.0033151322061460656,0.000757258608664271,0.008910831697383203,-1.0300006866455078
2017-06-29,96.46839904785156,118.31999969482422,209.7636260986328,11.4399995803833,-0.008416977927185201,-0.004890000706728738,-0.008827755993254352,1.4099998474121094
2017-06-30,96.24531555175781,118.0199966430664,210.1547393798828,11.180000305175781,-0.002315181316518012,-0.002538742638049931,0.0018628068048551012,-0.25999927520751953
2017-07-03,95.93547821044922,116.08999633789062,210.51107788085938,11.220000267028809,-0.003224438859799001,-0.01648835238074312,0.001694164686481849,0.039999961853027344
2017-07-05,95.95857238769531,116.5199966430664,210.99778747558594,11.069999694824219,0.000240697168938797,0.0036971824767883434,0.002309369273286223,-0.15000057220458984
2017-07-06,95.16468811035156,116.47000122070312,209.068359375,12.539999961853027,-0.008307610922806824,-0.0004291636859008885,-0.009186370687761338,1.4700002670288086
2017-07-07,94.59423828125,115.27999877929688,210.4241485595703,11.1899995803833,-0.006012381692581939,-0.010269798493159019,0.006463971964505084,-1.3500003814697266
2017-07-10,94.73297882080078,115.47000122070312,210.65017700195312,11.109999656677246,0.001465616687440435,0.0016468254331296226,0.0010735798901579912,-0.07999992370605469
2017-07-11,94.89483642578125,115.62000274658203,210.49368286132812,10.890000343322754,0.0017071086757751313,0.0012982088742114774,-0.0007431861781329106,-0.2199993133544922
2017-07-12,95.55004119873047,116.02999877929688,212.0755157470703,10.300000190734863,0.0068808084124317445,0.0035397924292921755,0.007486775087534968,-0.5900001525878906
2017-07-13,94.9488296508789,115.81999969482422,212.43190002441406,9.899999618530273,-0.006311990630208167,-0.0018115086761426493,0.0016790489297943644,-0.40000057220458984
2017-07-14,95.06446838378906,116.7699966430664,213.42269897460938,9.510000228881836,0.0012171647814410087,0.008168900176639902,0.00465323488488431,-0.3899993896484375
2017-07-17,95.32655334472656,117.29000091552734,213.39657592773438,9.819999694824219,0.0027531248490792145,0.004443348999716993,-0.00012240800003045146,0.3099994659423828
2017-07-18,96.15901947021484,118.11000061035156,213.50958251953125,9.890000343322754,0.008694873016668044,0.006966890452323186,0.0005294212425860437,0.07000064849853516
2017-07-19,96.19754791259766,118.08000183105469,214.66555786132812,9.789999961853027,0.0004005939950194498,-0.0002540224323477312,0.005399557523713531,-0.10000038146972656
2017-07-20,96.47500610351562,118.23999786376953,214.76112365722656,9.579999923706055,0.0028801028161752015,0.00135406277392805,0.00044508551326226186,-0.21000003814697266
2017-07-21,96.88358306884766,119.26000213623047,214.56991577148438,9.359999656677246,0.004226112480240147,0.008589562474350264,-0.0008907247826222603,-0.2200002670288086
2017-07-24,96.50590515136719,119.30999755859375,214.5177459716797,9.430000305175781,-0.003905883418052707,0.0004191258176561492,-0.00024316616259629147,0.07000064849853516
2017-07-25,95.24944305419922,118.91999816894531,215.0392303466797,9.430000305175781,-0.01310503296141724,-0.0032741446924645485,0.0024280114626893754,0.0
2017-07-26,95.40359497070312,119.87999725341797,215.04791259765625,9.600000381469727,0.0016170940856022492,0.008040236804836134,4.0374380495509086e-05,0.1700000762939453
2017-07-27,94.93339538574219,119.79000091552734,214.84803771972656,10.109999656677246,-0.004940716363864972,-0.0007510021513585564,-0.0009298756696091886,0.5099992752075195
2017-07-28,95.49610137939453,120.69000244140625,214.59596252441406,10.289999961853027,0.005909878889535061,0.00748507747253413,-0.0011739608615777945,0.18000030517578125
2017-07-31,95.61173248291016,120.75,214.4743194580078,10.260000228881836,0.0012101138429475517,0.0004969976741389874,-0.0005670076664514176,-0.029999732971191406
2017-08-01,96.28303527832031,120.6500015258789,214.9523468017578,10.09000015258789,0.006996600707056863,-0.0008284878144892227,0.002226352384515418,-0.1700000762939453
2017-08-02,96.33709716796875,120.4000015258789,215.0565948486328,10.279999732971191,0.0005613316778614219,-0.002074259170059369,0.0004848645635936974,0.18999958038330078
2017-08-03,97.3336181640625,120.58999633789062,214.6394500732422,10.4399995803833,0.010290970310152935,0.0015767861990997622,-0.0019415813171393592,0.15999984741210938
2017-08-04,96.50706481933594,119.6500015258789,215.03054809570312,10.029999732971191,-0.008528223710753687,-0.007825504639997654,0.001820458175521112,-0.4099998474121094
2017-08-07,96.61517333984375,119.51000213623047,215.4303436279297,9.930000305175781,0.0011195865668386037,-0.0011707593535363761,0.001857523667620878,-0.09999942779541016
2017-08-08,96.2676010131836,119.86000061035156,214.90016174316406,10.960000038146973,-0.0036039786760036574,0.0029243323685439523,-0.0024640695763108295,1.0299997329711914
2017-08-09,96.79286193847656,121.30999755859375,214.89146423339844,11.109999656677246,0.005441427139507705,0.012024832535234332,-4.047314671175667e-05,0.14999961853027344
2017-08-10,97.61944580078125,122.20999908447266,211.85824584960938,16.040000915527344,0.0085034620769571,0.007391636301004261,-0.014215683773313186,4.930001258850098
2017-08-11,97.66578674316406,122.79000091552734,212.1710968017578,15.510000228881836,0.00047459751716984487,0.004734717669981235,0.0014756101875389384,-0.5300006866455078
2017-08-14,97.16365051269531,121.91999816894531,214.27439880371094,12.329999923706055,-0.00515463524778547,-0.007110509708619983,0.00986442149849316,-3.1800003051757812
2017-08-15,96.75425720214844,120.9800033569336,214.2483673095703,12.039999961853027,-0.004222342573711541,-0.007739806493235807,-0.00012149410127606989,-0.28999996185302734
2017-08-16,97.10953521728516,121.87000274658203,214.62208557128906,11.739999771118164,0.00366523741680119,0.007329654945785988,0.0017428030017061255,-0.3000001907348633
2017-08-17,97.835693359375,122.48999786376953,211.27590942382812,15.550000190734863,0.007449902784835062,0.005074451187161252,-0.015713833081726167,3.810000419616699
2017-08-18,97.81254577636719,122.30000305175781,210.94564819335938,14.260000228881836,-0.00023662449729239062,-0.0015523089133794997,-0.0015643980837347418,-1.2899999618530273
2017-08-21,98.05200958251953,122.76000213623047,211.1107940673828,13.1899995803833,0.0024451991839604063,0.003754179507042542,0.0007825772380923039,-1.0700006484985352
2017-08-22,97.67351531982422,122.20999908447266,213.31838989257812,11.350000381469727,-0.003867607300471629,-0.004490378194735464,0.010402751822532242,-1.8399991989135742
2017-08-23,98.33782958984375,122.66999816894531,212.5535430908203,12.25,0.0067783506497998205,0.003756939159508119,-0.003591913741426651,0.8999996185302734
2017-08-24,97.9747543334961,122.29000091552734,212.0581512451172,12.229999542236328,-0.0036989546270113013,-0.003102527430184758,-0.0023333887270798955,-0.020000457763671875
2017-08-25,98.3532943725586,122.73999786376953,212.5535430908203,11.279999732971191,0.0038562040486950734,0.0036729988686282277,0.002333388727080018,-0.9499998092651367
2017-08-28,98.2914810180664,124.69000244140625,212.56222534179688,11.319999694824219,-0.000628680384773156,0.015762397031869272,4.0846525217312304e-05,0.039999961853027344
2017-08-29,98.60822296142578,124.41999816894531,212.80555725097656,11.699999809265137,0.0032172950001825074,-0.002167752218151974,0.0011441013902806657,0.38000011444091797
2017-08-30,98.57731628417969,124.36000061035156,213.813720703125,11.220000267028809,-0.0003134781345268624,-0.0004823342716563527,0.004726299916268573,-0.4799995422363281
2017-08-31,98.87084197998047,125.81999969482422,215.10012817382812,10.59000015258789,0.002973194732319412,0.011671721617894353,0.0059984602097179806,-0.630000114440918
2017-09-01,98.11458587646484,126.05999755859375,215.404296875,10.130000114440918,-0.007678332628738963,0.0019056530015576626,0.0014130807215326387,-0.46000003814697266
2017-09-05,99.67050170898438,127.45999908447266,213.85723876953125,12.229999542236328,0.015733723392757148,0.011044617985341777,-0.007208029022889347,2.09999942779541
2017-09-06,99.05896759033203,126.80999755859375,214.5872802734375,11.630000114440918,-0.006154457626053577,-0.005112698708954078,0.0034078727956226864,-0.5999994277954102
2017-09-07,100.07296752929688,128.1300048828125,214.56121826171875,11.550000190734863,0.010184290155772555,0.010355527635419215,-0.00012145917713677545,-0.07999992370605469
2017-09-08,99.85626983642578,127.97000122070312,214.30921936035156,12.119999885559082,-0.0021677447539302187,-0.0012495406412696415,-0.0011751751030733574,0.5699996948242188
2017-09-11,98.66423034667969,126.19000244140625,216.594970703125,10.729999542236328,-0.012009377524754769,-0.014007143976598416,0.010609192645751334,-1.390000343322754
2017-09-12,98.14551544189453,126.55999755859375,217.32504272460938,10.579999923706055,-0.005271244102177985,0.0029277577169540335,0.0033650105447722693,-0.14999961853027344
2017-09-13,97.75851440429688,125.61000061035156,217.42930603027344,10.5,-0.003950929864181688,-0.007534611170577271,0.00047964239098040323,-0.07999992370605469
2017-09-14,98.1610336303711,126.16000366210938,217.35980224609375,10.4399995803833,0.004109031451543139,0.004369098124020519,-0.0003197126305543842,-0.06000041961669922
2017-09-15,98.19970703125,125.52999877929688,217.65248107910156,10.170000076293945,0.0003939015635065524,-0.005006207576558888,0.0013456120132180913,-0.26999950408935547
2017-09-18,97.6346664428711,124.36000061035156,218.11538696289062,10.149999618530273,-0.005770612649254217,-0.009364174007229185,0.0021245534233087188,-0.020000457763671875
2017-09-19,97.39472198486328,124.62000274658203,218.33372497558594,10.180000305175781,-0.0024605992051259956,0.002088539057238403,0.0010005199916173994,0.030000686645507812
2017-09-20,97.46434783935547,123.62000274658203,218.41226196289062,9.779999732971191,0.0007146278335220339,-0.008056762706663206,0.00035964606659242155,-0.40000057220458984
2017-09-21,97.41018676757812,122.68000030517578,217.8271026611328,9.670000076293945,-0.0005558558308414224,-0.007633024715442955,-0.0026827457591658424,-0.1099996566772461
2017-09-22,97.68885040283203,123.23999786376953,217.8707733154297,9.59000015258789,0.0028566396717869054,0.0045543146609353605,0.0002004630127940736,-0.07999992370605469
2017-09-25,98.30036926269531,124.52999877929688,217.42529296875,10.210000038146973,0.006240351845737029,0.01041298453601274,-0.002046793144746957,0.619999885559082
2017-09-26,98.12232971191406,123.13999938964844,217.55636596679688,10.170000076293945,-0.0018128210280031773,-0.011224726404076811,0.0006026599021887837,-0.039999961853027344
2017-09-27,96.6438217163086,121.9800033569336,218.40357971191406,9.869999885559082,-0.015182683295201008,-0.009464790137827282,0.0038866635342368594,-0.3000001907348633
2017-09-28,96.35742950439453,122.20999908447266,218.66563415527344,9.550000190734863,-0.0029677778802728286,0.0018837445698112896,0.0011991440552053664,-0.31999969482421875
2017-09-29,96.57417297363281,121.58000183105469,219.43423461914062,9.510000228881836,0.0022468435200526005,-0.0051683715774128456,0.003508794716502543,-0.039999961853027344
2017-10-02,96.39729309082031,120.7699966430664,220.38626098632812,9.449999809265137,-0.0018332236983703792,-0.006684614889873803,0.004329165482645766,-0.06000041961669922
2017-10-03,96.49041748046875,120.83000183105469,220.85792541503906,9.510000228881836,0.0009655814422595871,0.0004967317019956395,0.002137884749054127,0.06000041961669922
2017-10-04,96.49815368652344,121.16999816894531,221.1199951171875,9.630000114440918,8.017268599947903e-05,0.0028098889387879367,0.0011858951349709764,0.11999988555908203
2017-10-05,96.13359069824219,120.5199966430664,222.43017578125,9.1899995803833,-0.003785081474484075,-0.005378816723625571,0.005907717144921988,-0.4400005340576172
2017-10-06,95.86215209960938,121.08999633789062,222.17684936523438,9.649999618530273,-0.0028275499813078873,0.0047183541150492775,-0.0011395521397614297,0.46000003814697266
2017-10-09,96.16462707519531,122.08000183105469,221.80996704101562,10.329999923706055,0.003150344207712809,0.008142542011554031,-0.0016526725306605975,0.6800003051757812
2017-10-10,96.31974029541016,122.4000015258789,222.39520263671875,10.079999923706055,0.0016116971566071622,0.002617800009600174,0.002634980294088661,-0.25
2017-10-11,96.50589752197266,122.79000091552734,222.74459838867188,9.850000381469727,0.0019308354065819921,0.0031812040839063376,0.0015698251331428678,-0.22999954223632812
2017-10-12,96.91702270507812,122.88999938964844,222.4126739501953,9.90999984741211,0.004251055684188776,0.0008140547013934963,-0.0014912684600029973,0.05999946594238281
2017-10-13,97.61510467529297,123.81999969482422,222.6833953857422,9.609999656677246,0.0071770660830773455,0.007539254296557061,0.001216463085530538,-0.3000001907348633
2017-10-16,97.5453109741211,122.97000122070312,222.9803924560547,9.90999984741211,-0.0007152444712215254,-0.006888462515220647,0.0013328303639706482,0.3000001907348633
2017-10-17,97.66940307617188,122.12999725341797,223.13754272460938,10.3100004196167,0.0012713398103078477,-0.006854404417199568,0.0007045234574182217,0.40000057220458984
2017-10-18,97.02555847167969,121.66999816894531,223.35594177246094,10.069999694824219,-0.006613904606320945,-0.0037735819439878113,0.0009782855645279964,-0.24000072479248047
2017-10-19,97.19623565673828,122.38999938964844,223.41708374023438,10.050000190734863,0.0017575497102103835,0.005900215657301968,0.0002737048329405231,-0.01999950408935547
2017-10-20,96.16462707519531,121.61000061035156,224.5700225830078,9.970000267028809,-0.010670394773431197,-0.006393454395473306,0.005147207908314909,-0.07999992370605469
2017-10-23,96.33523559570312,121.80000305175781,223.69662475585938,11.069999694824219,0.0017725577858715446,0.0015611723194451613,-0.00389678303098967,1.0999994277954102
2017-10-24,95.73802947998047,121.33000183105469,224.08966064453125,11.15999984741211,-0.006218544158108751,-0.0038662591759729935,0.0017554623820317406,0.09000015258789062
2017-10-25,95.28043365478516,121.3499984741211,222.9803924560547,11.229999542236328,-0.004791125350122086,0.0001647984431062872,-0.00496240111424362,0.06999969482421875
2017-10-26,94.96240997314453,120.33000183105469,223.2686004638672,11.300000190734863,-0.003343347605767548,-0.008440935931398883,0.0012916916450558245,0.07000064849853516
2017-10-27,95.59061431884766,120.9000015258789,225.0941162109375,9.800000190734863,0.006593509853068345,0.0047257865747334146,0.008143075981187336,-1.5
2017-10-30,96.50589752197266,121.12999725341797,224.25559997558594,10.5,0.009529482038247621,0.0019005561122998722,-0.003732136367033733,0.6999998092651367
2017-10-31,96.53692626953125,120.66999816894531,224.6050262451172,10.180000305175781,0.0003214700988764074,-0.0038047944426046506,0.0015569480578413468,-0.31999969482421875
2017-11-01,96.96675872802734,121.11000061035156,224.9019317626953,10.199999809265137,0.004442635451294689,0.0036396966611634005,0.001321027652483163,0.01999950408935547
2017-11-02,97.394287109375,121.19000244140625,224.9893035888672,9.930000305175781,0.004399328775380837,0.0006603535530684753,0.0003884131114580222,-0.26999950408935547
2017-11-03,97.65855407714844,120.62000274658203,225.74049377441406,9.140000343322754,0.0027096978220195883,-0.0047144513322975885,0.0033332204147162965,-0.7899999618530273
2017-11-06,98.02391052246094,121.6500015258789,226.08985900878906,9.399999618530273,0.003734180991714645,0.008502950979344039,0.0015464445973948822,0.25999927520751953
2017-11-07,98.43585205078125,121.20999908447266,225.93263244628906,9.890000343322754,0.0041936539742284075,-0.0036235108435323914,-0.0006956581666304986,0.49000072479248047
2017-11-08,98.2182388305664,121.62999725341797,226.31692504882812,9.779999732971191,-0.0022131582217616306,0.003459056119704665,0.0016994718454143068,-0.1100006103515625
2017-11-09,97.93838500976562,122.12999725341797,225.4958953857422,10.5,-0.0028533730362656365,0.004102401645100611,-0.0036343836636904864,0.7200002670288086
2017-11-10,96.46150970458984,121.12999725341797,225.42605590820312,11.289999961853027,-0.015194490937365362,-0.008221702339946372,-0.0003097630439018894,0.7899999618530273
2017-11-13,96.66364288330078,121.30999755859375,225.63563537597656,11.5,0.0020932876925885994,0.0014849063034307734,0.0009292719240180184,0.21000003814697266
2017-11-14,97.31658172607422,121.55999755859375,225.11158752441406,11.59000015258789,0.006732039928693438,0.002058715307154061,-0.0023252415591455164,0.09000015258789062
2017-11-15,98.37364959716797,121.41000366210938,223.98489379882812,13.130000114440918,0.010803586315479008,-0.001234670245587114,-0.005017612634637522,1.5399999618530273
2017-11-16,97.51864624023438,121.4000015258789,225.88897705078125,11.760000228881836,-0.008729376341078893,-8.238652462762423e-05,0.008465015397922288,-1.369999885559082
2017-11-17,98.24153900146484,122.86000061035156,225.22512817382812,11.430000305175781,0.007385526798969352,0.011954609509226865,-0.002943154951094651,-0.3299999237060547
2017-11-20,98.20269775390625,121.30999755859375,225.6094207763672,10.649999618530273,-0.0003954429888733521,-0.012696268046166224,0.0017048058828162686,-0.7800006866455078
2017-11-21,98.51356506347656,121.51000213623047,227.08558654785156,9.729999542236328,0.0031605680577098585,0.001647348843739489,0.006521702160150673,-0.9200000762939453
2017-11-22,98.8322982788086,122.62999725341797,226.88465881347656,9.880000114440918,0.0032302019112821836,0.009175087875408043,-0.0008852022772345661,0.15000057220458984
2017-11-24,98.56022644042969,122.31999969482422,227.40875244140625,9.670000076293945,-0.002756659717071633,-0.0025311102507151856,0.0023072923685479494,-0.21000003814697266
2017-11-27,98.4202651977539,122.83000183105469,227.29522705078125,9.869999885559082,-0.0014210672850424797,0.004160741332319787,-0.0004993375827088048,0.19999980926513672
2017-11-28,98.55245971679688,122.80999755859375,229.60107421875,10.029999732971191,0.0013422623761526482,-0.00016287471547679085,0.010093610906279632,0.15999984741210938
2017-11-29,97.58087158203125,122.04000091552734,229.4613037109375,10.699999809265137,-0.00990750603991972,-0.006289558392421287,-0.000608939084757245,0.6700000762939453
2017-11-30,97.25434112548828,121.0999984741211,231.47024536132812,11.279999732971191,-0.0033518659971119927,-0.007732229391441411,0.008716931506148084,0.5799999237060547
2017-12-01,98.56676483154297,121.58999633789062,230.98977661132812,11.430000305175781,0.013404513788720148,0.0040380612309282235,-0.0020778830603479684,0.15000057220458984
2017-12-04,98.61348724365234,121.18000030517578,230.7103271484375,11.680000305175781,0.0004739056015204058,-0.003377653154607993,-0.0012105238649056612,0.25
2017-12-05,99.10420989990234,120.31999969482422,229.8805694580078,11.329999923706055,0.004963882049623469,-0.007122188370048705,-0.0036030177503912726,-0.35000038146972656
2017-12-06,99.44691467285156,120.06999969482422,229.9242401123047,11.020000457763672,0.003452059151140724,-0.002079954164184071,0.00018995301275341782,-0.3099994659423828
2017-12-07,98.66802978515625,118.48999786376953,230.6492156982422,10.15999984741211,-0.007862999965163224,-0.013246352701112026,0.0031481457541672943,-0.8600006103515625
2017-12-08,98.67582702636719,118.4800033569336,231.90696716308594,9.579999923706055,7.902187928201261e-05,-8.43525069872456e-05,0.005438278035248937,-0.5799999237060547
2017-12-11,98.47332000732422,118.01000213623047,232.60569763183594,9.34000015258789,-0.002054354211632397,-0.003974813553107367,0.003008447556803098,-0.23999977111816406
2017-12-12,98.43439483642578,118.1500015258789,233.01622009277344,9.920000076293945,-0.00039536461470154037,0.0011856318079057743,0.0017633300825464718,0.5799999237060547
2017-12-13,99.17430877685547,119.16999816894531,232.9899444580078,10.180000305175781,0.007488712640808814,0.008596013189973703,-0.00011276947299095713,0.26000022888183594
2017-12-14,99.59493255615234,118.93000030517578,232.0379638671875,10.489999771118164,0.004232288701575018,-0.002015942432484809,-0.00409430016408857,0.3099994659423828
2017-12-15,99.9687728881836,119.18000030517578,233.97023010253906,9.420000076293945,0.003746580757201054,0.00209987057429634,0.008292889842558205,-1.0699996948242188
2017-12-18,99.05743408203125,119.7300033569336,235.45388793945312,9.529999732971191,-0.009158041943273265,0.004604277886820867,0.0063212038758699105,0.1099996566772461
2017-12-19,97.77230072021484,119.81999969482422,234.54965209960938,10.029999732971191,-0.013058510954201113,0.0007513783425439744,-0.0038477878502991758,0.5
2017-12-20,96.68972778320312,120.13999938964844,234.4267120361328,9.720000267028809,-0.011134144070442631,0.0026671102328525206,-0.0005242910973531893,-0.3099994659423828
2017-12-21,97.25322723388672,120.30999755859375,234.90960693359375,9.619999885559082,0.005810997737001277,0.0014140004111240193,0.002057778391924005,-0.10000038146972656
2017-12-22,97.3858871459961,120.94000244140625,234.84820556640625,9.899999618530273,0.0013631374461787304,0.005222850279184247,-0.0002614171213476948,0.2799997329711914
2017-12-26,97.6747055053711,121.7699966430664,234.56715393066406,10.25,0.002961321572065992,0.006839416919106556,-0.0011974540825700473,0.35000038146972656
2017-12-27,98.9469985961914,122.2300033569336,234.68128967285156,10.470000267028809,0.012941713168409157,0.003770551302149118,0.0004864618987835121,0.2200002670288086
2017-12-28,98.86112976074219,122.8499984741211,235.16416931152344,10.180000305175781,-0.0008682033600570776,0.0050595432932777126,0.0020554835614673013,-0.28999996185302734
2017-12-29,99.01719665527344,123.6500015258789,234.27743530273438,11.039999961853027,0.0015774029396590369,0.006490919761210391,-0.0037778290406926865,0.8599996566772461
2018-01-02,97.94789123535156,125.1500015258789,235.95433044433594,9.770000457763672,-0.010857923470486995,0.012058023762451863,0.00713223721669577,-1.2699995040893555
2018-01-03,98.41621398925781,124.81999969482422,237.4467010498047,9.149999618530273,0.00476995162967569,-0.0026403330092135157,0.00630491042433357,-0.6200008392333984
2018-01-04,98.40060424804688,125.45999908447266,238.4474639892578,9.220000267028809,-0.00015862202614049342,0.005114278310262769,0.004205827632189477,0.07000064849853516
2018-01-05,98.11959075927734,125.33000183105469,240.03651428222656,9.220000267028809,-0.002859896208563139,-0.001036702137934486,0.006642045322749954,0.0
2018-01-08,98.05717468261719,125.30999755859375,240.47555541992188,9.520000457763672,-0.0006363248840975806,-0.0001596255390370604,0.0018273891023943465,0.3000001907348633
2018-01-09,96.74586486816406,124.7300033569336,241.01974487304688,10.079999923706055,-0.013463133063114592,-0.004639219643041588,0.002260415354019877,0.5599994659423828
2018-01-10,96.6288070678711,125.02999877929688,240.65103149414062,9.819999694824219,-0.0012106840406676392,0.002402270692406848,-0.0015309770449674453,-0.26000022888183594
2018-01-11,97.02688598632812,125.44000244140625,242.4068603515625,9.880000114440918,0.004111208639147205,0.003273877321212141,0.007269673551544787,0.06000041961669922
2018-01-12,97.19080352783203,126.95999908447266,243.9871826171875,10.15999984741211,0.0016879778647803164,0.012044492942167013,0.006498138080966438,0.2799997329711914
2018-01-16,97.59667205810547,127.16999816894531,243.1531524658203,11.65999984741211,0.004167301993370025,0.001652690627169873,-0.0034241917830437293,1.5
2018-01-17,97.4639663696289,126.13999938964844,245.47080993652344,11.90999984741211,-0.0013606610746327865,-0.008132363237354055,0.009486537830161032,0.25
2018-01-18,96.55857849121094,125.86000061035156,245.05813598632812,12.220000267028809,-0.009332878824603087,-0.002222213448585594,-0.0016825675670443263,0.3100004196166992
2018-01-19,96.05119323730469,126.41999816894531,246.17311096191406,11.270000457763672,-0.005268542950855896,0.0044394996120163946,0.004539519410561955,-0.9499998092651367
2018-01-22,96.1448974609375,126.6500015258789,248.1747283935547,11.029999732971191,0.0009750898753131159,0.0018177059354296304,0.008098056513529722,-0.24000072479248047
2018-01-23,96.55857849121094,127.27999877929688,248.7014617919922,11.100000381469727,0.004293453075542834,0.004961985943158681,0.0021201804640854235,0.07000064849853516
2018-01-24,96.03559875488281,128.8300018310547,248.6049041748047,11.470000267028809,-0.0054309120788360405,0.012104345577545294,-0.00038832247085014606,0.36999988555908203
2018-01-25,96.82394409179688,127.97000122070312,248.7102508544922,11.579999923706055,0.008175376920896156,-0.006697849027902464,0.0004236616567899688,0.1099996566772461
2018-01-26,96.46490478515625,128.07000732421875,251.58970642089844,11.079999923706055,-0.0037150588010798273,0.0007811756386790387,0.01151104380259002,-0.5
2018-01-29,95.79367065429688,127.3499984741211,249.92173767089844,13.84000015258789,-0.00698264674668468,-0.005637857183470335,-0.006651791977116715,2.760000228881836
2018-01-30,95.2316665649414,126.80000305175781,247.35824584960938,14.789999961853027,-0.005884095995207364,-0.004328123373076199,-0.010310145649434135,0.9499998092651367
2018-01-31,95.79367065429688,127.6500015258789,247.48110961914062,13.539999961853027,0.005884095995207339,0.00668108957049156,0.0004965804384724256,-1.25
2018-02-01,94.40534210205078,128.07000732421875,247.20022583007812,13.470000267028809,-0.014598952853056837,0.0032848909860550284,-0.0011356151894980583,-0.06999969482421875
2018-02-02,93.5293197631836,126.38999938964844,241.81871032714844,17.309999465942383,-0.009322694120892391,-0.013204686797240324,-0.022010324596832748,3.839999198913574
2018-02-05,94.41314697265625,126.70999908447266,231.70518493652344,37.31999969482422,0.009405364739094806,0.0025286437555192493,-0.04272250554929347,20.010000228881836
2018-02-06,93.82656860351562,125.37999725341797,236.27037048339844,29.979999542236328,-0.0062322689551471905,-0.01055189964568088,0.019510977936018498,-7.340000152587891
2018-02-07,92.93488311767578,124.79000091552734,234.9886474609375,27.729999542236328,-0.009548996896132336,-0.004716772083453344,-0.0054395826247112325,-2.25
2018-02-08,92.83323669433594,124.9800033569336,226.17442321777344,33.459999084472656,-0.0010943366772165441,0.001521419504394612,-0.038230718550907074,5.729999542236328
2018-02-09,92.24658966064453,124.7699966430664,229.5719757080078,29.059999465942383,-0.006339415915112411,-0.0016817358427458674,0.014910114225486507,-4.399999618530273
2018-02-12,92.65333557128906,125.37000274658203,232.94308471679688,25.610000610351562,0.004399640143104591,0.0047973715177869495,0.014577552149828176,-3.4499988555908203
2018-02-13,93.06783294677734,126.08000183105469,233.52249145507812,24.969999313354492,0.004463659872573991,0.005647253596785453,0.0024842434934582293,-0.6400012969970703
2018-02-14,92.03545379638672,128.22999572753906,236.67413330078125,19.260000228881836,-0.011154743638524391,0.0169088525197643,0.013405834409556195,-5.709999084472656
2018-02-15,92.34829711914062,128.3800048828125,239.69418334960938,19.1299991607666,0.0033933968845239314,0.0011691607653979673,0.012679644741823063,-0.13000106811523438
2018-02-16,92.84886932373047,127.95999908447266,239.7643585205078,19.459999084472656,0.00540584322350313,-0.0032769459911664296,0.00029272675433339587,0.3299999237060547
2018-02-20,92.44218444824219,126.23999786376953,238.26319885253906,20.600000381469727,-0.004389694162318854,-0.013532867750937797,-0.00628066135293738,1.1400012969970703
2018-02-21,91.30802917480469,125.66000366210938,237.07801818847656,20.020000457763672,-0.01234468960872207,-0.004604964057785746,-0.004986662538588272,-0.5799999237060547
2018-02-22,91.58179473876953,126.30000305175781,237.38528442382812,18.719999313354492,0.0029937780307291158,0.005080177401414419,0.0012952162016124829,-1.3000011444091797
2018-02-23,92.39520263671875,126.13999938964844,241.1690673828125,16.489999771118164,0.00884255324988442,-0.0012676571223934087,0.01581371811337684,-2.229999542236328
2018-02-26,92.4264907836914,126.44999694824219,243.96957397460938,15.800000190734863,0.0003385765674204043,0.0024545525850455277,0.011545308745097006,-0.6899995803833008
2018-02-27,92.29354095458984,125.12999725341797,240.92318725585938,18.59000015258789,-0.001439474114500882,-0.010493774054732095,-0.012565363084934954,2.7899999618530273
2018-02-28,92.88015747070312,125.0,238.482666015625,19.850000381469727,0.006335872572543297,-0.0010394376248337527,-0.010181529100233061,1.260000228881836
2018-03-01,93.5141830444336,124.72000122070312,235.01495361328125,22.469999313354492,0.0068030822964208594,-0.0022425027652310265,-0.014647483990721627,2.6199989318847656
2018-03-02,92.75397491455078,125.38999938964844,236.22645568847656,19.59000015258789,-0.008162558314811968,0.005357640797750738,0.005141758429497565,-2.8799991607666016
2018-03-05,92.50316619873047,125.18000030517578,238.95675659179688,18.729999542236328,-0.002707683682775489,-0.0016761714003699012,0.011491697852342785,-0.8600006103515625
2018-03-06,92.5893783569336,126.52999877929688,239.56253051757812,18.360000610351562,0.0009315573962706062,0.010726720619181963,0.0025318697310747415,-0.3699989318847656
2018-03-07,92.48748016357422,125.72000122070312,239.4746856689453,17.760000228881836,-0.001101144729493191,-0.006422202914569186,-0.0003667558454717856,-0.6000003814697266
2018-03-08,93.02039337158203,125.41999816894531,240.63352966308594,16.540000915527344,0.005745466904710701,-0.002389131123572836,0.004827437680183233,-1.2199993133544922
2018-03-09,92.40911865234375,125.54000091552734,244.82107543945312,14.640000343322754,-0.006593092187425267,0.000956349666608725,0.017252487049580326,-1.9000005722045898
2018-03-12,92.94204711914062,125.54000091552734,244.51385498046875,15.779999732971191,0.005750489166406287,0.0,-0.001255665517631642,1.1399993896484375
2018-03-13,93.41228485107422,125.77999877929688,242.9336700439453,16.350000381469727,0.005046716381804303,0.001909899228192024,-0.006483530598911193,0.5700006484985352
2018-03-14,94.23519134521484,125.69999694824219,241.6869659423828,17.229999542236328,0.008770826937330995,-0.0006362480921955626,-0.005145083635331752,0.8799991607666016
2018-03-15,94.23519134521484,124.9000015258789,241.42359924316406,16.59000015258789,0.0,-0.0063846619697597,-0.0010902958630484337,-0.6399993896484375
2018-03-16,93.898193359375,124.5999984741211,241.68540954589844,15.800000190734863,-0.003582546997773194,-0.002404835241203122,0.0010838561219160044,-0.7899999618530273
2018-03-19,93.60038757324219,124.87000274658203,238.41534423828125,19.020000457763672,-0.0031766217651301443,0.0021646240154515875,-0.013622623385276979,3.2200002670288086
2018-03-20,93.22425079345703,124.30999755859375,238.82077026367188,18.200000762939453,-0.004026634723237596,-0.0044947919586221805,0.0016990588541094056,-0.8199996948242188
2018-03-21,93.32610321044922,126.4800033569336,238.3624725341797,17.860000610351562,0.00109195640669258,0.017305793278474,-0.0019208464560418693,-0.3400001525878906
2018-03-22,94.25088500976562,125.9800033569336,232.40408325195312,23.34000015258789,0.009860370409877304,-0.0039610286020946425,-0.02531491417927751,5.479999542236328
2018-03-23,94.18032836914062,127.61000061035156,227.4504852294922,24.8700008392334,-0.0007488848865037592,0.01285555168848731,-0.021545027394864757,1.5300006866455078
2018-03-26,93.81986236572266,128.27999877929688,233.67333984375,21.030000686645508,-0.0038347455259285625,0.005236622780197456,0.026991589131653452,-3.8400001525878906
2018-03-27,94.82305145263672,127.48999786376953,229.6981201171875,22.5,0.010635952590118248,-0.006177451915059315,-0.017158230908001646,1.4699993133544922
2018-03-28,95.07379150390625,125.7300033569336,229.0194091796875,22.8700008392334,0.0026408042712481395,-0.013901136089334824,-0.0029591693773362163,0.37000083923339844
2018-03-29,95.53614807128906,125.79000091552734,231.94577026367188,19.969999313354492,0.004851346946875581,0.0004770798243684067,0.012696839273494038,-2.9000015258789062
2018-04-02,95.72470092773438,127.26000213623047,226.93927001953125,23.6200008392334,0.001971683368718017,0.01161839746199109,-0.021821146744831942,3.6500015258789062
2018-04-03,94.98641204833984,126.30000305175781,229.8479461669922,21.100000381469727,-0.007742522772085156,-0.0075722010717776825,0.012735537941590346,-2.520000457763672
2018-04-04,94.79006958007812,126.44999694824219,232.3070831298828,20.059999465942383,-0.0020691977913343956,0.0011868954626521053,0.010642143939294767,-1.0400009155273438
2018-04-05,94.08319854736328,125.80000305175781,234.14048767089844,18.940000534057617,-0.007485170771787368,-0.005153580456720969,0.007861179251539304,-1.1199989318847656
2018-04-06,95.1120834350586,126.38999938964844,228.92245483398438,21.489999771118164,0.010876540048032946,0.004678991304775993,-0.022537988838215832,2.549999237060547
2018-04-09,95.26915740966797,126.81999969482422,230.0507049560547,21.770000457763672,0.0016500996584841326,0.0033963960355940744,0.004916419928262024,0.2800006866455078
2018-04-10,95.09640502929688,127.12000274658203,233.70855712890625,20.469999313354492,-0.001814954612369834,0.002362787969159084,0.01577511578789897,-1.3000011444091797
2018-04-11,95.43409729003906,128.11000061035156,232.48341369628906,20.239999771118164,0.003544761707262022,0.007757730797944395,-0.005255973202865481,-0.22999954223632812
2018-04-12,94.73506927490234,126.62000274658203,234.39610290527344,18.489999771118164,-0.00735167720544521,-0.011698777825105413,0.008193548191926628,-1.75
2018-04-13,94.95502471923828,127.44999694824219,233.70855712890625,17.40999984741211,0.0023191041586377555,0.00653361006986455,-0.0029375749890612193,-1.0799999237060547
2018-04-16,94.98641204833984,127.62999725341797,235.63003540039062,16.559999465942383,0.0003304948085199826,0.0014113245973425364,0.00818807162862633,-0.8500003814697266
2018-04-17,95.24555969238281,127.75,238.15090942382812,15.25,0.0027245452168652975,0.000939797609092718,0.010641617567887587,-1.3099994659423828
2018-04-18,94.48374938964844,127.8499984741211,238.32720947265625,15.600000381469727,-0.008030539935914073,0.0007824607184664891,0.0007400132341097895,0.35000038146972656
2018-04-19,93.71405792236328,127.5999984741211,237.00509643554688,15.960000038146973,-0.008179646402134083,-0.001957330849889553,-0.005562914324084933,0.3599996566772461
2018-04-20,93.03865051269531,126.62999725341797,234.99542236328125,16.8799991607666,-0.007233205451850054,-0.007630932179694891,-0.008515610202131176,0.9199991226196289
2018-04-23,93.06220245361328,125.62000274658203,234.96014404296875,16.34000015258789,0.00025310943682750115,-0.008007927882251619,-0.00015013470591926636,-0.5399990081787109
2018-04-24,92.6380844116211,126.2300033569336,231.79588317871094,18.020000457763672,-0.004567777320887645,0.004844167468111617,-0.013558729425285252,1.6800003051757812
2018-04-25,92.01761627197266,125.41000366210938,232.36878967285156,17.84000015258789,-0.0067202959074758595,-0.006517267321502421,0.002468549713400161,-0.18000030517578125
2018-04-26,92.66163635253906,124.97000122070312,234.7310333251953,16.239999771118164,0.006974499647747822,-0.0035146807713917604,0.010114599385983839,-1.6000003814697266
2018-04-27,93.37631225585938,125.5,234.9513702392578,15.40999984741211,0.007683157380810946,0.0042320403061771,0.0009382379606036952,-0.8299999237060547
2018-04-30,93.54124450683594,124.58999633789062,233.1444091796875,15.930000305175781,0.0017647597864875564,-0.00727744165435215,-0.007720514110732088,0.5200004577636719
2018-05-01,93.20435333251953,123.70999908447266,233.5587158203125,15.489999771118164,-0.003608026573915399,-0.007088207443339079,0.0017754616468817121,-0.4400005340576172
2018-05-02,93.10204315185547,123.6500015258789,231.9898223876953,15.970000267028809,-0.0010983003576805366,-0.00048510316641562344,-0.006740003428699474,0.48000049591064453
2018-05-03,93.5192642211914,124.27999877929688,231.47853088378906,15.899999618530273,0.004471319704307264,0.005082068394914099,-0.002206371622633267,-0.07000064849853516
2018-05-04,93.660888671875,124.54000091552734,234.475341796875,14.770000457763672,0.0015132424620897405,0.0020898820929316714,0.012863300042467687,-1.1299991607666016
2018-05-07,93.51138305664062,124.56999969482422,235.2687225341797,14.75,-0.0015975191800517365,0.00024084765259023235,0.0033779308859806217,-0.020000457763671875
2018-05-08,93.42477416992188,124.58999633789062,235.2687225341797,14.710000038146973,-0.0009266146710265202,0.0001605124693187213,0.0,-0.039999961853027344
2018-05-09,92.86592102050781,124.33000183105469,237.542724609375,13.420000076293945,-0.0059998147014018255,-0.002088981225264128,0.00961913939668232,-1.2899999618530273
2018-05-10,93.61372375488281,125.18000030517578,239.76394653320312,13.229999542236328,0.008020250615229405,0.006813368242228766,0.009307382833653722,-0.1900005340576172
2018-05-11,93.84984588623047,125.0,240.49554443359375,12.649999618530273,0.0025191268540223554,-0.0014389666321499815,0.0030466798889262257,-0.5799999237060547
2018-05-14,93.35395050048828,124.48999786376953,240.61012268066406,12.930000305175781,-0.0052979325763271735,-0.0040883630684626394,0.0004763121994542961,0.2800006866455078
2018-05-15,92.29129028320312,122.4800033569336,238.9530487060547,14.630000114440918,-0.011448414398805104,-0.016277595476396185,-0.006910791605762337,1.6999998092651367
2018-05-16,91.93712615966797,122.29000091552734,239.9578399658203,13.420000076293945,-0.003844841818307834,-0.0015524980696371136,0.004196157397437319,-1.2100000381469727
2018-05-17,91.47271728515625,122.36000061035156,239.75514221191406,13.430000305175781,-0.005064176036609294,0.0005722435830601718,-0.0008450793432742841,0.010000228881835938
2018-05-18,92.25983428955078,122.41000366210938,239.15570068359375,13.420000076293945,0.00856812593101501,0.00040857173330558584,-0.002503354644232401,-0.010000228881835938
2018-05-21,92.30706787109375,122.4800033569336,240.95376586914062,13.079999923706055,0.0005118315583257946,0.0005716827532715196,0.0074902651056405,-0.3400001525878906
2018-05-22,92.16534423828125,122.41000366210938,240.28387451171875,13.220000267028809,-0.0015365295989265251,-0.0005716827532715781,-0.0027840373815234813,0.1400003433227539
2018-05-23,92.83443450927734,122.54000091552734,240.94503784179688,12.579999923706055,0.007233448525308977,0.0010614187645907496,0.002747813895275,-0.6400003433227539
2018-05-24,93.57430267333984,123.58999633789062,240.45135498046875,12.529999732971191,0.007938169212930583,0.00853209120176816,-0.002051045839800051,-0.05000019073486328
2018-05-25,94.15682983398438,123.20999908447266,239.8784942626953,13.220000267028809,0.0062059928206992234,-0.0030793967645780895,-0.0023852816571233617,0.6900005340576172
2018-05-29,96.21910095214844,123.19000244140625,237.11965942382812,17.020000457763672,0.021666098036574905,-0.00016231041385129715,-0.011567615432978583,3.8000001907348633
2018-05-30,95.5736312866211,123.37000274658203,240.28387451171875,14.9399995803833,-0.006730933909051524,0.001460093554237964,0.01325612903462693,-2.080000877380371
2018-05-31,95.41625213623047,123.0999984741211,238.81198120117188,15.430000305175781,-0.0016480368822747002,-0.0021909715513725716,-0.0061444820442304775,0.49000072479248047
2018-06-01,94.91209411621094,122.48999786376953,241.15660095214844,13.460000038146973,-0.0052977836366356525,-0.004967644235411557,0.009769966152207755,-1.9700002670288086
2018-06-04,94.2256851196289,122.37000274658203,242.30235290527344,12.739999771118164,-0.0072583279012608986,-0.0009801121170807511,0.004739819540047884,-0.7200002670288086
2018-06-05,94.44660949707031,122.8499984741211,242.47874450683594,12.399999618530273,0.0023418857427960254,0.003914822104047846,0.0007277165313931167,-0.3400001525878906
2018-06-06,93.68130493164062,122.91999816894531,244.5059356689453,11.640000343322754,-0.008136047107917028,0.0005696358194504353,0.008325530367136564,-0.7599992752075195
2018-06-07,94.58863067626953,122.86000061035156,244.4794921875,12.130000114440918,0.009638636845047451,-0.0004882216623280107,-0.00010815652150217,0.48999977111816406
2018-06-08,94.30455780029297,123.01000213623047,245.2023162841797,12.180000305175781,-0.0030077642547779327,0.0012201695433653895,0.00295222166379219,0.05000019073486328
2018-06-11,94.1310043334961,123.2300033569336,245.52845764160156,12.350000381469727,-0.001842046309155208,0.0017868849442266759,0.001329207063300539,0.1700000762939453
2018-06-12,94.15465545654297,122.81999969482422,245.84567260742188,12.34000015258789,0.00025122596375781286,-0.003332688774722517,0.0012911343530712456,-0.010000228881835938
2018-06-13,94.10735321044922,123.19000244140625,245.0613555908203,12.9399995803833,-0.0005025150578609254,0.003008032375587246,-0.003195381768452319,0.5999994277954102
2018-06-14,94.88839721679688,123.37999725341797,245.67822265625,12.119999885559082,0.008265248831810389,0.0015411027282310494,0.002514031546159945,-0.8199996948242188
2018-06-15,94.97521209716797,121.33999633789062,245.3647918701172,11.979999542236328,0.0009144973777238325,-0.016672509186741995,-0.001276592149473178,-0.1400003433227539
2018-06-18,94.88839721679688,121.11000061035156,244.86019897460938,12.3100004196167,-0.0009144973777239161,-0.0018972637609840908,-0.0020586183207016227,0.3300008773803711
2018-06-19,95.44066619873047,120.80000305175781,243.92169189453125,13.350000381469727,0.005803323170835599,-0.0025629178089953803,-0.0038401923269376164,1.0399999618530273
2018-06-20,94.60440063476562,120.26000213623047,244.3378143310547,12.789999961853027,-0.008800764739965692,-0.0044802273887545,0.0017045138167990786,-0.5600004196166992
2018-06-21,95.10140228271484,120.05000305175781,242.80609130859375,14.640000343322754,0.005239721478104057,-0.0017477352868705306,-0.00628860610834056,1.8500003814697266
2018-06-22,95.0935287475586,120.33999633789062,243.24876403808594,13.770000457763672,-8.279437436209934e-05,0.0024126912728642744,0.0018214933850191264,-0.869999885559082
2018-06-25,95.30657196044922,119.88999938964844,239.9374542236328,17.329999923706055,0.0022378486251619263,-0.003746388732216758,-0.013706358041136506,3.559999465942383
2018-06-26,95.44066619873047,119.26000213623047,240.4686737060547,15.920000076293945,0.0014059890110618679,-0.0052686490212925504,0.002211544224983875,-1.4099998474121094
2018-06-27,96.3401107788086,118.58000183105469,238.47657775878906,17.90999984741211,0.009379993021111043,-0.005718147886604777,-0.008318727157710183,1.989999771118164
2018-06-28,96.3637466430664,118.22000122070312,239.840087890625,16.850000381469727,0.0002453076413991576,-0.003040547998821346,0.0057013017657362944,-1.0599994659423828
2018-06-29,96.03236389160156,118.6500015258789,240.1853790283203,16.09000015258789,-0.0034448001910650354,0.0036306900201949913,0.0014386369934286142,-0.7600002288818359
2018-07-02,95.95724487304688,117.45999908447266,240.69891357421875,15.600000381469727,-0.0007825321679787272,-0.010080153442110952,0.002135793366555478,-0.48999977111816406
2018-07-03,96.47122955322266,118.6500015258789,239.8489532470703,16.139999389648438,0.005342098190503917,0.010080153442110855,-0.003537467429059849,0.5399990081787109
2018-07-05,96.7480239868164,119.05000305175781,241.80560302734375,14.970000267028809,0.002865083244718663,0.0033656028250155126,0.008124746327931393,-1.169999122619629
2018-07-06,97.06437683105469,118.86000061035156,243.85076904296875,13.369999885559082,0.003264529244309663,-0.0015972634935638506,0.008422325837000625,-1.6000003814697266
2018-07-09,96.43968200683594,119.1500015258789,246.04656982421875,12.6899995803833,-0.006456681045315109,0.002436881277559937,0.008964390339035098,-0.6800003051757812
2018-07-10,96.4317398071289,118.93000030517578,246.9319610595703,12.640000343322754,-8.235745489743076e-05,-0.0018481290459546572,0.0035920111399064063,-0.049999237060546875
2018-07-11,96.80339813232422,117.63999938964844,245.12574768066406,13.630000114440918,0.003846699802604378,-0.010905978807671088,-0.007341502670813481,0.9899997711181641
2018-07-12,96.79546356201172,118.12999725341797,247.34803771972656,12.579999923706055,-8.196918357369273e-05,0.0041565812124297165,0.009025069715650725,-1.0500001907348633
2018-07-13,97.04058837890625,117.61000061035156,247.5428009033203,12.180000305175781,0.0025291987234453664,-0.004411618657356192,0.000787095571179336,-0.39999961853027344
2018-07-16,96.63729858398438,117.55000305175781,247.32150268554688,12.829999923706055,-0.004164547477419206,-0.0005102701051305093,-0.0008943794527920819,0.6499996185302734
2018-07-17,96.45548248291016,116.27999877929688,248.3219451904297,12.0600004196167,-0.0018831999187435737,-0.010862735754725461,0.004036949818870817,-0.7699995040893555
2018-07-18,96.06800079345703,116.30999755859375,248.84437561035156,12.100000381469727,-0.0040252981720128225,0.00025795416772476286,0.00210163315717881,0.039999961853027344
2018-07-19,96.67686462402344,115.80999755859375,247.90591430664062,12.869999885559082,0.006317842547830336,-0.004308123245285948,-0.003778407136317122,0.7699995040893555
2018-07-20,95.49076080322266,116.55999755859375,247.62261962890625,12.859999656677246,-0.012344627568131775,0.006455244826308788,-0.001143404220736777,-0.010000228881835938
2018-07-23,94.31254577636719,116.0,248.0829315185547,12.619999885559082,-0.012415275393556451,-0.004815949835095058,0.0018571993833496334,-0.23999977111816406
2018-07-24,94.63671112060547,116.04000091552734,249.33132934570312,12.40999984741211,0.003431245696406848,0.00034477603659500224,0.005019560340695159,-0.21000003814697266
2018-07-25,94.4864730834961,116.68000030517578,251.4562530517578,12.289999961853027,-0.0015887853130718151,0.00550018047205447,0.00848637839103594,-0.11999988555908203
2018-07-26,94.30459594726562,115.7699966430664,250.8630828857422,12.140000343322754,-0.0019267563177726575,-0.00782971239395345,-0.0023617264926565056,-0.14999961853027344
2018-07-27,94.4627685546875,115.83000183105469,249.16307067871094,13.029999732971191,0.0016758473569592222,0.0005181795313150905,-0.006799719354999964,0.8899993896484375
2018-07-30,94.1385726928711,115.6500015258789,247.8615264892578,14.260000228881836,-0.003437898998827867,-0.001555212880989931,-0.005237355140848127,1.2300004959106445
2018-07-31,94.65254974365234,115.98999786376953,249.0833740234375,12.829999923706055,0.005444941626354761,0.0029355602050311473,0.004917446562270004,-1.4300003051757812
2018-08-01,93.88142395019531,115.13999938964844,248.66722106933594,13.149999618530273,-0.008180277309797831,-0.007355188129705078,-0.0016721348208085535,0.31999969482421875
2018-08-02,94.01617431640625,114.5199966430664,250.02194213867188,12.1899995803833,0.0014342960267166634,-0.0053993230298752665,0.005433141530983009,-0.9600000381469727
2018-08-03,94.48374938964844,114.91999816894531,251.09327697753906,11.640000343322754,0.004961020917513183,0.003486767260953241,0.0042758089566035445,-0.5499992370605469
2018-08-06,94.53917694091797,114.33000183105469,252.0140838623047,11.270000457763672,0.0005864638108631965,-0.005147198608389075,0.0036604827701037347,-0.36999988555908203
2018-08-07,94.04784393310547,114.58999633789062,252.84622192382812,10.930000305175781,-0.005210688595938656,0.002271488910587502,0.003296511155880759,-0.3400001525878906
2018-08-08,94.14295959472656,114.91000366210938,252.74005126953125,10.850000381469727,0.0010108429098254143,0.002788736658924094,-0.00041999026273763685,-0.07999992370605469
2018-08-09,94.93547058105469,114.73999786376953,252.39474487304688,11.270000457763672,0.00838293005320994,-0.0014805645831976347,-0.0013671853648110795,0.4200000762939453
2018-08-10,95.62499237060547,114.69000244140625,250.7036590576172,13.15999984741211,0.007236808602752597,-0.00043582289228197795,-0.006722709399351535,1.8899993896484375
2018-08-13,95.42684173583984,112.95999908447266,249.76515197753906,14.779999732971191,-0.0020743135677519977,-0.015199092023381782,-0.0037505161540534494,1.619999885559082
2018-08-14,95.21286010742188,113.06999969482422,251.35882568359375,13.3100004196167,-0.002244880958291601,0.000973327608104041,0.00636041837850687,-1.4699993133544922
2018-08-15,95.76760864257812,111.19000244140625,249.48190307617188,14.640000343322754,0.005809495589026511,-0.016766621575930757,-0.007495122845529689,1.3299999237060547
2018-08-16,95.75967407226562,111.0999984741211,251.50042724609375,13.449999809265137,-8.285577077651571e-05,-0.0008097887609237462,0.008058308529864895,-1.1900005340576172
2018-08-17,95.8785629272461,112.12999725341797,252.3859100341797,12.640000343322754,0.0012407635563163452,0.009228205066865915,0.003514616825537735,-0.8099994659423828
2018-08-20,96.52052307128906,112.69000244140625,252.92601013183594,12.489999771118164,0.006673238836138855,0.0049818196508907165,0.0021376907283499583,-0.15000057220458984
2018-08-21,96.19554138183594,113.0199966430664,253.51914978027344,12.859999656677246,-0.003372650831415739,0.0029240568705197916,0.0023423658337955954,0.36999988555908203
2018-08-22,96.57597351074219,113.2699966430664,253.36866760253906,12.25,0.003946979645856652,0.0022095550764809732,-0.0005937494530140988,-0.6099996566772461
2018-08-23,96.7265396118164,112.19999694824219,253.03221130371094,12.40999984741211,0.0015578290120689868,-0.009491353686729823,-0.0013288142353263326,0.15999984741210938
2018-08-24,96.91674041748047,114.16000366210938,254.55516052246094,11.989999771118164,0.0019644458284475102,0.017318039357996126,0.006000755232605359,-0.4200000762939453
2018-08-27,96.36200714111328,114.58999633789062,256.5648498535156,12.15999984741211,-0.005740256563164216,0.0037595032326643405,0.007863905333439785,0.1700000762939453
2018-08-28,95.783447265625,113.68000030517578,256.6888732910156,12.5,-0.006022121374406997,-0.007973022006627225,0.00048328315732057257,0.3400001525878906
2018-08-29,95.91024780273438,114.19999694824219,258.0700378417969,12.25,0.0013229496729975896,0.0045637840256251986,0.0053662708321998015,-0.25
2018-08-30,96.11630249023438,113.63999938964844,257.0253601074219,13.529999732971191,0.002146107048972499,-0.004915718883921124,-0.004056255097179871,1.2799997329711914
2018-08-31,95.8944091796875,113.51000213623047,257.0341491699219,12.859999656677246,-0.002311260735353726,-0.0011445940280617694,3.419472781747804e-05,-0.6700000762939453
2018-09-04,95.34001159667969,112.93000030517578,256.5914001464844,13.15999984741211,-0.005798110339183682,-0.005122797149079999,-0.0017240152235003079,0.3000001907348633
2018-09-05,95.0858154296875,113.31999969482422,255.9007568359375,13.90999984741211,-0.002669767246879102,0.003447511831347845,-0.0026952362849802826,0.75
2018-09-06,95.43533325195312,113.54000091552734,255.13052368164062,14.649999618530273,0.0036690752369294283,0.0019395335367870974,-0.003014428927958077,0.7399997711181641
2018-09-07,94.62510681152344,113.2300033569336,254.6346893310547,14.880000114440918,-0.008526038857167953,-0.0027340278330774677,-0.0019453446186481942,0.23000049591064453
2018-09-10,94.974609375,113.1500015258789,255.07745361328125,14.15999984741211,0.0036867455962355084,-0.000706792407982718,0.001737311538365365,-0.7200002670288086
2018-09-11,94.25175476074219,113.22000122070312,255.91851806640625,13.220000267028809,-0.007640141834862129,0.0006184538252070439,0.0032918663130289917,-0.9399995803833008
2018-09-12,94.47420501708984,114.16999816894531,255.98048400878906,13.140000343322754,0.002357390150542709,0.008355710260063364,0.00024210222107976098,-0.07999992370605469
2018-09-13,94.61719512939453,113.76000213623047,257.4945983886719,12.369999885559082,0.0015123917793126935,-0.0035975648169408914,0.00589753551948668,-0.7700004577636719
2018-09-14,94.16444396972656,113.0199966430664,257.5387878417969,12.069999694824219,-0.004796568457271174,-0.006526220333750846,0.00017159840280193237,-0.3000001907348633
2018-09-17,94.16444396972656,113.61000061035156,256.1752624511719,13.680000305175781,0.0,0.005206771454576303,-0.005308511970392943,1.6100006103515625
2018-09-18,93.17949676513672,113.44000244140625,257.5653076171875,12.789999961853027,-0.010514952079076042,-0.0014974516487718237,0.0054114805767303846,-0.8900003433227539
2018-09-19,92.62346649169922,113.87999725341797,257.8398742675781,11.75,-0.005985178315241356,0.0038711539862427546,0.001065440108148323,-1.0399999618530273
2018-09-20,93.05241394042969,114.2699966430664,259.9292907714844,11.800000190734863,0.004620397768758215,0.0034188014897895418,0.008070885587191084,0.05000019073486328
2018-09-21,93.0126953125,113.48999786376953,259.6917724609375,11.680000305175781,-0.0004269325795950005,-0.0068493312914384265,-0.0009141982259597761,-0.11999988555908203
2018-09-24,92.77440643310547,113.47000122070312,258.8291015625,12.199999809265137,-0.002565183565712176,-0.00017621292914007548,-0.003327432848315188,0.5199995040893555
2018-09-25,92.67906188964844,113.6500015258789,258.5890197753906,12.420000076293945,-0.0010282315312801506,0.0015850681638403528,-0.0009279992116167873,0.2200002670288086
2018-09-26,93.33039093017578,113.05000305175781,257.81524658203125,12.890000343322754,0.0070032107797233685,-0.005293338005935142,-0.0029967752896397893,0.4700002670288086
2018-09-27,93.39392852783203,112.05000305175781,258.5356750488281,12.40999984741211,0.0006805498104686736,-0.008884998236125718,0.0027904624707563415,-0.48000049591064453
2018-09-28,93.14773559570312,112.76000213623047,258.56231689453125,12.119999885559082,-0.0026395505392942296,0.0063164577082286105,0.00010304370212922844,-0.28999996185302734
2018-10-01,92.46391296386719,112.56999969482422,259.46051025390625,12.0,-0.007368349249780147,-0.0016864375351172442,0.003467778686203079,-0.11999988555908203
2018-10-02,93.02910614013672,113.87000274658203,259.30938720703125,12.050000190734863,0.006093975159907826,0.011482223287117932,-0.000582620741448193,0.05000019073486328
2018-10-03,91.41307067871094,113.41999816894531,259.4516296386719,11.609999656677246,-0.017523939964010887,-0.003959744500981412,0.000548392923085428,-0.4400005340576172
2018-10-04,90.76822662353516,113.4800033569336,257.4238586425781,14.220000267028809,-0.007079176158455563,0.0005289130805079614,-0.007846305136474312,2.6100006103515625
2018-10-05,89.9881362915039,113.80000305175781,255.9830780029297,14.819999694824219,-0.008631454656822805,0.0028159089867124108,-0.005612641041892658,0.5999994277954102
2018-10-08,89.68560028076172,112.54000091552734,255.9830780029297,15.6899995803833,-0.003367618467026403,-0.011133826368821452,0.0,0.869999885559082
2018-10-09,90.59310150146484,112.5999984741211,255.60960388183594,15.949999809265137,0.010067843590955592,0.0005329800140063239,-0.0014600450736057397,0.26000022888183594
2018-10-10,90.34632110595703,112.87999725341797,247.51614379882812,22.959999084472656,-0.0027277698245124476,0.0024835810584159217,-0.03217548831855833,7.0099992752075195
2018-10-11,91.44493865966797,115.77999877929688,242.06419372558594,24.979999542236328,0.012086729909458614,0.025366544894876334,-0.022272853042081178,2.020000457763672
2018-10-12,91.12649536132812,115.2300033569336,245.42611694335938,21.309999465942383,-0.003488427671927946,-0.0047616679491750925,0.013792998316566744,-3.6700000762939453
2018-10-15,91.08672332763672,116.0,244.0475311279297,21.299999237060547,-0.0004365438974096444,0.006660030947980057,-0.005632946599191332,-0.010000228881835938
2018-10-16,91.29367065429688,115.80000305175781,249.38377380371094,17.6200008392334,0.0022694041937306327,-0.0017255996137757622,0.021629964171157357,-3.6799983978271484
2018-10-17,90.75237274169922,115.79000091552734,249.4282684326172,17.399999618530273,-0.00594684177415516,-8.637796161615032e-05,0.00017840238509384828,-0.220001220703125
2018-10-18,90.72048950195312,115.91999816894531,245.8262939453125,20.059999465942383,-0.00035138300768447185,0.001122068685606197,-0.014546208245931514,2.6599998474121094
2018-10-19,90.52147674560547,116.01000213623047,245.69285583496094,19.889999389648438,-0.002196101051563665,0.0007761304849288288,-0.0005429620135427753,-0.1700000762939453
2018-10-22,90.40209197998047,115.70999908447266,244.59014892578125,19.639999389648438,-0.0013197261561157159,-0.0025893597255193914,-0.00449825410159362,-0.25
2018-10-23,90.68866729736328,116.38999938964844,243.34486389160156,20.709999084472656,0.0031649937053613406,0.005859562733875961,-0.005104318014466473,1.0699996948242188
2018-10-24,91.37327575683594,116.66000366210938,235.9719696044922,25.229999542236328,0.007520645718474663,0.0023171370069294235,-0.03076660509831584,4.520000457763672
2018-10-25,90.99114227294922,116.4000015258789,240.2054443359375,24.219999313354492,-0.004190883806340849,-0.002231204310531111,0.017781550124651827,-1.010000228881836
2018-10-26,91.54045867919922,116.7699966430664,235.98080444335938,24.15999984741211,0.006018881790563216,0.0031736109331066205,-0.017744110620726648,-0.05999946594238281
2018-10-29,91.33341979980469,116.30999755859375,234.67335510253906,24.700000762939453,-0.002264281477194715,-0.003947139978932357,-0.005555895671985718,0.5400009155273438
2018-10-30,90.87972259521484,115.80000305175781,238.15090942382812,23.350000381469727,-0.004979861893934049,-0.004394427867848015,0.01470997700018166,-1.3500003814697266
2018-10-31,90.41799926757812,115.1500015258789,240.6946258544922,21.229999542236328,-0.00509354801755825,-0.005628951974666804,0.010624471446327862,-2.1200008392333984
2018-11-01,90.50177764892578,116.62999725341797,243.25599670410156,19.34000015258789,0.0009261385213249776,0.01277086763550321,0.010585355806637642,-1.8899993896484375
2018-11-02,89.37657928466797,116.6500015258789,241.81517028808594,19.510000228881836,-0.012510821866518394,0.0001715043948444399,-0.0059406979903793445,0.1700000762939453
2018-11-05,89.72771453857422,116.37000274658203,243.14926147460938,19.959999084472656,0.003921019382449414,-0.0024032178261358607,0.00550182431699416,0.4499988555908203
2018-11-06,89.6718521118164,116.04000091552734,244.68783569335938,19.90999984741211,-0.000622771053535138,-0.002839826579174042,0.006307758590129734,-0.049999237060546875
2018-11-07,89.79153442382812,116.02999877929688,249.92640686035156,16.360000610351562,0.0013337799098151373,-8.61993040877103e-05,0.021183243856481324,-3.549999237060547
2018-11-08,89.78360748291016,115.77999877929688,249.4727325439453,16.719999313354492,-8.828550364985287e-05,-0.002156939731312277,-0.0018168811494060815,0.3599987030029297
2018-11-09,90.45387268066406,114.4800033569336,247.03590393066406,17.360000610351562,0.00743761272026495,-0.011291663536045476,-0.009815934710735998,0.6400012969970703
2018-11-12,91.04437255859375,113.66000366210938,242.41995239257812,20.450000762939453,0.006506971576101056,-0.007188596482678694,-0.01886212344910938,3.0900001525878906
2018-11-13,90.98856353759766,113.69999694824219,241.96640014648438,20.020000457763672,-0.0006131749994430614,0.00035180582721631255,-0.0018726885110017402,-0.43000030517578125
2018-11-14,91.04437255859375,114.63999938964844,240.31210327148438,21.25,0.000613174999443155,0.008233404279793029,-0.006860365334583419,1.2299995422363281
2018-11-15,91.00452423095703,114.7699966430664,242.8201446533203,19.979999542236328,-0.00043777610274881067,0.0011333182475063862,0.010382515025371523,-1.2700004577636719
2018-11-16,91.5312271118164,115.62000274658203,243.45159912109375,18.139999389648438,0.005770971864581945,0.0073788789662288,0.002597127350258291,-1.8400001525878906
2018-11-19,91.78658294677734,115.66999816894531,239.33380126953125,20.100000381469727,0.002785937711564803,0.0004323180677422659,-0.017058915644963868,1.960000991821289
2018-11-20,91.81844329833984,115.66999816894531,234.90464782714844,22.479999542236328,0.0003470531557208494,0.0,-0.018679557666643146,2.3799991607666016
2018-11-21,91.78658294677734,115.86000061035156,235.7050323486328,20.799999237060547,-0.00034705315572080685,0.001641277459165227,0.003401482489246146,-1.6800003051757812
2018-11-23,91.88232421875,115.7699966430664,234.13092041015625,21.520000457763672,0.0010425420624742936,-0.0007771357154266267,-0.006700712531564151,0.720001220703125
2018-11-26,91.67485046386719,115.63999938964844,237.91078186035156,18.899999618530273,-0.0022605909422551817,-0.0011235233509469095,0.016015289424210506,-2.6200008392333984
2018-11-27,91.77855682373047,114.94999694824219,238.7112579345703,19.020000457763672,0.0011306017418110327,-0.005984687209490868,0.003358958503824606,0.12000083923339844
2018-11-28,91.3316879272461,115.37999725341797,244.20758056640625,18.489999771118164,-0.0048808823803245145,0.00373378036345705,0.022763907882823845,-0.5300006866455078
2018-11-29,91.69081115722656,115.73999786376953,243.67405700683594,18.790000915527344,0.003924366596141302,0.003115272664463216,-0.002187103310124071,0.3000011444091797
2018-11-30,92.0339584350586,115.54000091552734,245.1592254638672,18.06999969482422,0.0037354536092816908,-0.001729479411524255,0.006076398968642321,-0.720001220703125
2018-12-03,92.68743896484375,116.41000366210938,248.4054718017578,16.440000534057617,0.00707533902522505,0.007501675441848404,0.013154478700345824,-1.6299991607666016
2018-12-04,94.23916625976562,117.12000274658203,240.35658264160156,20.739999771118164,0.016602911482023204,0.006080599945141696,-0.03293879630630889,4.299999237060547
2018-12-06,94.53509521484375,117.13999938964844,239.99195861816406,21.190000534057617,0.00313527061559821,0.00017072178718187972,-0.00151816467481746,0.4500007629394531
2018-12-07,94.7110824584961,118.08999633789062,234.41552734375,23.229999542236328,0.0018598768709242892,0.008077219150826301,-0.023510118580032796,2.039999008178711
2018-12-10,95.10301971435547,117.68000030517578,234.8601837158203,22.639999389648438,0.004129701728112139,-0.003477935715567025,0.0018950757291116716,-0.5900001525878906
2018-12-11,95.08702087402344,117.54000091552734,234.9135284423828,21.760000228881836,-0.00016824056948806424,-0.0011903699128753065,0.00022710818171026615,-0.8799991607666016
2018-12-12,94.6631088256836,117.79000091552734,236.0963897705078,21.459999084472656,-0.0044681155608254685,0.00212467676965701,0.0050226705174439504,-0.3000011444091797
2018-12-13,94.4391098022461,117.52999877929688,236.0164337158203,20.649999618530273,-0.002369079853527915,-0.0022097759847801487,-0.00033871588092653404,-0.8099994659423828
2018-12-14,94.76705932617188,117.05999755859375,231.65841674804688,21.6299991607666,0.0034665873090371623,-0.004007006751401848,-0.018637491887237463,0.9799995422363281
2018-12-17,95.31897735595703,117.87000274658203,227.11358642578125,24.520000457763672,0.00580705022201253,0.0068957425332182515,-0.019813672040054988,2.8900012969970703
2018-12-18,95.88982391357422,118.1500015258789,226.86459350585938,25.579999923706055,0.005970941189084985,0.0023726710074086807,-0.001096937940614491,1.0599994659423828
2018-12-19,97.1565933227539,117.43000030517578,223.4671173095703,25.579999923706055,0.013124176144253106,-0.0061126025718981495,-0.015089058024574558,0.0
2018-12-20,96.80380249023438,119.23999786376953,219.82952880859375,28.3799991607666,-0.0036377655354923404,0.015295836918707156,-0.016411900163517894,2.799999237060547
2018-12-21,96.78778839111328,118.72000122070312,215.32533264160156,30.110000610351562,-0.00016544209471816419,-0.004370461193212718,-0.02070231742524998,1.730001449584961
2018-12-24,97.2688217163086,120.0199966430664,209.6357879638672,36.06999969482422,0.0049576699313127045,0.01089057789030817,-0.026778377534876458,5.959999084472656
2018-12-26,96.22652435302734,119.66000366210938,220.2276611328125,30.40999984741211,-0.010773462678448004,-0.003003949025405859,0.04929015264856951,-5.659999847412109
2018-12-27,96.24256896972656,120.56999969482422,221.91844177246094,29.959999084472656,0.0001667240849882624,0.0075760760319352385,0.007648100345843373,-0.4500007629394531
2018-12-28,97.0523681640625,121.05999755859375,221.63211059570312,28.34000015258789,0.008378946123662618,0.004055775698519239,-0.0012910871827483963,-1.6199989318847656
2018-12-31,97.42115783691406,121.25,223.57334899902344,25.420000076293945,0.003792702508244799,0.0015682595209626012,0.008720695868181987,-2.9200000762939453
2019-01-02,97.93429565429688,121.33000183105469,223.8059539794922,23.219999313354492,0.005253387999638995,0.000659591337713554,0.0010398558890847233,-2.200000762939453
2019-01-03,99.04873657226562,122.43000030517578,218.46533203125,25.450000762939453,0.011315216299443416,0.00902531942317299,-0.02415206106839839,2.230001449584961
2019-01-04,97.90219116210938,121.44000244140625,225.78294372558594,21.3799991607666,-0.011643086687612615,-0.008119106827353268,0.03294677330001711,-4.070001602172852
2019-01-07,97.61358642578125,121.86000061035156,227.5631866455078,21.399999618530273,-0.0029522420083481363,0.0034525160778516237,0.007853831549416556,0.020000457763671875
2019-01-08,97.35704803466797,121.52999877929688,229.70126342773438,20.469999313354492,-0.0026315607975490726,-0.0027117139907279018,0.009351666694184657,-0.9300003051757812
2019-01-09,97.20466613769531,122.30999755859375,230.7747802734375,19.979999542236328,-0.001566412269530912,0.006397649700215412,0.0046626477327848465,-0.48999977111816406
2019-01-10,96.57930755615234,121.58999633789062,231.58885192871094,19.5,-0.006454205066486061,-0.005904086348646452,0.0035213517663482802,-0.4799995422363281
2019-01-11,96.95613861083984,121.80000305175781,231.67828369140625,18.190000534057617,0.0038941861902920816,0.0017256811414607263,0.00038609155249723636,-1.3099994659423828
2019-01-14,96.59537506103516,122.08999633789062,230.26480102539062,19.06999969482422,-0.0037278341124507577,0.002378067354322114,-0.00611974558846245,0.8799991607666016
2019-01-15,96.24256896972656,121.87999725341797,232.90382385253906,18.600000381469727,-0.003659098179304404,-0.0017215161032263467,0.011395639704828523,-0.4699993133544922
2019-01-16,96.33877563476562,122.2699966430664,233.46746826171875,19.040000915527344,0.0009991276490450428,0.0031947551186356582,0.0024171499967510298,0.4400005340576172
2019-01-17,96.36290740966797,122.11000061035156,235.23867797851562,18.059999465942383,0.0002504573353717612,-0.0013094038577051105,0.007557904508991571,-0.9800014495849609
2019-01-18,95.8577651977539,121.0199966430664,238.36972045898438,17.799999237060547,-0.005255869391211946,-0.008966489387798326,0.013222265934920818,-0.26000022888183594
2019-01-22,96.50716400146484,121.44999694824219,235.14918518066406,20.799999237060547,0.006751763675293049,0.0035468368649853345,-0.013602772346503412,3.0
2019-01-23,96.46710205078125,121.27999877929688,235.6412811279297,19.520000457763672,-0.0004152051159846388,-0.0014007184915951448,0.0020905101598108367,-1.279998779296875
2019-01-24,97.10045623779297,121.08999633789062,235.7664794921875,18.889999389648438,0.006544035094111479,-0.0015678713054947328,0.0005311680360829502,-0.6300010681152344
2019-01-25,96.63542938232422,122.86000061035156,237.76138305664062,17.420000076293945,-0.004800636155435772,0.014511460180241248,0.00842575706434881,-1.4699993133544922
2019-01-28,96.53922271728516,123.29000091552734,235.95443725585938,18.8700008392334,-0.0009960589751041007,0.0034938106026215594,-0.007628854629262644,1.4500007629394531
2019-01-29,97.02832794189453,123.9800033569336,235.6412811279297,19.1299991607666,0.005053597711758945,0.005580978043920208,-0.0013280704711692004,0.2599983215332031
2019-01-30,96.95613861083984,124.69000244140625,239.37167358398438,17.65999984741211,-0.0007442795360886735,0.005710387238117351,0.015706810143150906,-1.4699993133544922
2019-01-31,97.78995513916016,124.75,241.47386169433594,16.56999969482422,0.008563166607562355,0.00048105804332541224,0.008743770501788747,-1.0900001525878906
2019-02-01,97.1993637084961,124.5,241.59022521972656,16.139999389648438,-0.006057698341299057,-0.002006018726865743,0.0004817726293199533,-0.43000030517578125
2019-02-04,96.76542663574219,123.95999908447266,243.28988647460938,15.729999542236328,-0.004474397605294043,-0.0043467903708823,0.00701067408355256,-0.4099998474121094
2019-02-05,97.20738983154297,124.27999877929688,244.3097381591797,15.569999694824219,0.00455696801918422,0.0025781491687657575,0.004183158149551845,-0.15999984741210938
2019-02-06,97.2555923461914,123.44000244140625,243.98764038085938,15.380000114440918,0.0004957500404020003,-0.006781846869660092,-0.0013192691142441997,-0.18999958038330078
2019-02-07,97.89846801757812,123.73999786376953,241.66177368164062,16.3700008392334,0.006588415282165136,0.0024273450059934865,-0.009578450686425289,0.9900007247924805
2019-02-08,98.31629180908203,124.20999908447266,241.95697021484375,15.720000267028809,0.0042588480439093,0.003791101346321012,0.0012207821702107835,-0.6500005722045898
2019-02-11,97.93062591552734,123.5999984741211,242.09117126464844,15.970000267028809,-0.003930419845704304,-0.004923141507008373,0.000554494653498835,0.25
2019-02-12,97.68146514892578,123.86000061035156,245.20428466796875,15.430000305175781,-0.0025475000036561386,0.0021013677593768472,0.012777282114725643,-0.5399999618530273
2019-02-13,97.31184387207031,123.37000274658203,246.00048828125,15.649999618530273,-0.003791122079140948,-0.003963908091330168,0.003241842728083129,0.2199993133544922
2019-02-14,97.86631774902344,124.05999755859375,245.4547576904297,16.219999313354492,0.005681735743176812,0.005577307519395154,-0.0022208769551334416,0.5699996948242188
2019-02-15,98.01900482177734,124.80000305175781,248.1295928955078,14.90999984741211,0.0015589437909186896,0.005947180522781207,0.010838517821856682,-1.3099994659423828
2019-02-19,98.26811981201172,126.69999694824219,248.55899047851562,14.880000114440918,0.002538272690575699,0.015109582852092095,0.0017290419162351608,-0.029999732971191406
2019-02-20,97.98681640625,126.4800033569336,249.05996704101562,14.020000457763672,-0.002866716158377185,-0.0017378437981698566,0.0020134953630005646,-0.8599996566772461
2019-02-21,97.11096954345703,125.05000305175781,248.17431640625,14.460000038146973,-0.008978602626473195,-0.011370537714508392,-0.0035623109702140323,0.4399995803833008
2019-02-22,97.68953704833984,125.5,249.71304321289062,13.510000228881836,0.005940120138650865,0.0035920768439101198,0.006181043466435062,-0.9499998092651367
2019-02-25,97.40021514892578,125.37000274658203,250.0528564453125,14.850000381469727,-0.002966041099157156,-0.0010363715360959395,0.0013598898405125762,1.3400001525878906
2019-02-26,97.8823471069336,125.58000183105469,249.87399291992188,15.170000076293945,0.004937798153032356,0.0016736332310033522,-0.0007155588192536319,0.31999969482421875
2019-02-27,96.77345275878906,124.69000244140625,249.7666778564453,14.699999809265137,-0.011393509410335475,-0.00711234367844341,-0.0004295689738788944,-0.4700002670288086
2019-02-28,96.44397735595703,123.98999786376953,249.3014678955078,14.779999732971191,-0.0034104140809475803,-0.005629776625606553,-0.0018643149222821672,0.07999992370605469
2019-03-01,95.55256652832031,121.87999725341797,250.8581085205078,13.569999694824219,-0.009285763324497865,-0.017163968380321165,0.006224596006865837,-1.2100000381469727
2019-03-04,96.30143737792969,121.55999755859375,249.94561767578125,14.630000114440918,0.007806713831060775,-0.0026289836177433583,-0.003644109685224493,1.0600004196166992
2019-03-05,96.50277709960938,121.72000122070312,249.6056365966797,14.739999771118164,0.002088541429577746,0.0013153870929190252,-0.0013611461434021508,0.1099996566772461
2019-03-06,96.85706329345703,121.61000061035156,248.0938262939453,15.739999771118164,0.0036645312656125887,-0.0009041270457165541,-0.006075212313074551,1.0
2019-03-07,97.48519134521484,121.51000213623047,246.01844787597656,16.59000015258789,0.006464165398729984,-0.0008226265106168819,-0.008400481959556325,0.8500003814697266
2019-03-08,97.89588165283203,122.83999633789062,245.52639770507812,16.049999237060547,0.004203998946060013,0.010886084259377201,-0.002002056738774349,-0.5400009155273438
2019-03-11,97.60597229003906,122.23999786376953,249.08676147460938,14.329999923706055,-0.002965798732326071,-0.004896357818091546,0.014396807683138875,-1.7199993133544922
2019-03-12,98.29045104980469,122.9800033569336,250.0260467529297,13.770000457763672,0.006988198494207352,0.006035459879402026,0.0037638240161017534,-0.5599994659423828
2019-03-13,98.10526275634766,123.83999633789062,251.68104553222656,13.40999984741211,-0.0018858695513595143,0.006968612448215201,0.006597494067061042,-0.3600006103515625
2019-03-14,97.3966293334961,122.41000366210938,251.52005004882812,13.5,-0.007249408368678455,-0.011614284265949192,-0.0006398852876339018,0.09000015258789062
2019-03-15,98.04083251953125,122.97000122070312,252.76272583007812,12.880000114440918,0.006592446637749116,0.00456433710702197,0.004928497882861426,-0.619999885559082
2019-03-18,97.98448181152344,123.04000091552734,253.6791229248047,13.100000381469727,-0.0005749329850823791,0.0005690800870331783,0.003618966707211495,0.2200002670288086
2019-03-19,97.76703643798828,123.37999725341797,253.7419891357422,13.5600004196167,-0.002221647779971932,0.0027594883221057557,0.00024778713287605756,0.46000003814697266
2019-03-20,98.78972625732422,124.18000030517578,252.97825622558594,13.90999984741211,0.010406144607136816,0.006463126873942885,-0.0030144186874968876,0.34999942779541016
2019-03-21,99.00715637207031,123.68000030517578,255.835693359375,13.630000114440918,0.0021985200113830224,-0.004034541087699915,0.011231874346430658,-0.2799997329711914
2019-03-22,100.54520416259766,123.97000122070312,250.91177368164062,16.479999542236328,0.015415284926787452,0.0023420233902432335,-0.01943403754308447,2.84999942779541
2019-03-25,100.70626831054688,124.91999816894531,250.72305297851562,16.329999923706055,0.0016006261256842165,0.007633907060241407,-0.0007524226867780177,-0.14999961853027344
2019-03-26,100.63377380371094,124.30000305175781,252.5919647216797,14.680000305175781,-0.0007201201430921231,-0.0049754946888428755,0.007426443745806077,-1.6499996185302734
2019-03-27,101.55982208251953,123.6500015258789,251.2711639404297,15.149999618530273,0.009160079970947217,-0.005243016760484571,-0.005242708709602584,0.4699993133544922
2019-03-28,101.91416931152344,121.9000015258789,252.22364807128906,14.430000305175781,0.0034829767165364097,-0.014253957303041619,0.0037834958548033292,-0.7199993133544922
2019-03-29,101.8175048828125,122.01000213623047,253.81398010253906,13.710000038146973,-0.0009489387091814593,0.0009019770912032663,0.006285450640268397,-0.7200002670288086
2019-04-01,100.37126159667969,121.52999877929688,256.8239440917969,13.399999618530273,-0.014306115789781684,-0.003941890257643701,0.011789170792461265,-0.3100004196166992
2019-04-02,100.5569076538086,121.9800033569336,256.9498291015625,13.359999656677246,0.0018478853477662627,0.003695988550420936,0.0004900406320952243,-0.039999961853027344
2019-04-03,99.68534088134766,121.80000305175781,257.3541564941406,13.739999771118164,-0.00870517868016248,-0.0014767440573913667,0.0015723287674256517,0.38000011444091797
2019-04-04,99.9677963256836,122.11000061035156,258.0369873046875,13.579999923706055,0.002829463505846761,0.0025419025120261784,0.002649759190813697,-0.15999984741210938
2019-04-05,100.096923828125,121.9800033569336,259.2859802246094,12.819999694824219,0.0012908574812459976,-0.001065158454634802,0.004828687010368019,-0.7600002288818359
2019-04-08,99.74183654785156,122.51000213623047,259.48358154296875,13.180000305175781,-0.0035537415595193454,0.004335552354601057,0.0007618077176410044,0.3600006103515625
2019-04-09,100.05655670166016,123.1500015258789,258.15380859375,14.279999732971191,0.003150379830257386,0.005210460213684454,-0.00513786638986284,1.0999994277954102
2019-04-10,100.2987289428711,123.52999877929688,259.03436279296875,13.300000190734863,0.0024174292020201233,0.0030808947099307334,0.0034051631447914086,-0.9799995422363281
2019-04-11,99.70954132080078,121.94999694824219,258.96246337890625,13.020000457763672,-0.005891649636219338,-0.012872932029622242,-0.00027760561799417894,-0.2799997329711914
2019-04-12,98.9993667602539,121.83000183105469,260.7145690917969,12.010000228881836,-0.0071479189446833355,-0.0009844542413608548,0.006743081730790086,-1.010000228881836
2019-04-15,99.24952697753906,121.5999984741211,260.5439147949219,12.319999694824219,0.0025236998335012297,-0.0018896884121835308,-0.0006547780352643344,0.3099994659423828
2019-04-16,98.62812805175781,120.51000213623047,260.7145690917969,12.180000305175781,-0.006280658302367421,-0.009004202217837268,0.0006547780352643991,-0.1399993896484375
2019-04-17,98.66850280761719,120.27999877929688,260.0766906738281,12.600000381469727,0.0004092797352606969,-0.0019104067944000637,-0.0024496522358585992,0.4200000762939453
2019-04-18,99.18496704101562,120.37000274658203,260.5887756347656,12.09000015258789,0.005220685862487495,0.0007480072379889946,0.0019670408705361364,-0.5100002288818359
2019-04-22,98.70883178710938,120.37000274658203,260.8133850097656,12.420000076293945,-0.004812037319976682,0.0,0.0008615591029235212,0.3299999237060547
2019-04-23,98.91864776611328,120.12000274658203,263.1585693359375,12.279999732971191,0.0021233490232206356,-0.0020790892290242957,0.008951624097344776,-0.1400003433227539
2019-04-24,99.72563171386719,120.47000122070312,262.5745544433594,13.140000343322754,0.008124959744927756,0.002909503431152912,-0.002221717089484233,0.8600006103515625
2019-04-25,99.58036804199219,120.56999969482422,262.4127502441406,13.25,-0.001457695180026742,0.0008297251865102907,-0.0006164118747151962,0.1099996566772461
2019-04-26,99.91934967041016,121.37000274658203,263.6348876953125,12.729999542236328,0.0033983201433525176,0.006613259149985578,0.004646498004558982,-0.5200004577636719
2019-04-29,99.28181457519531,120.83000183105469,264.04815673828125,13.109999656677246,-0.00640093921525326,-0.004459139554905491,0.001566353635286538,0.38000011444091797
2019-04-30,99.79025268554688,121.19999694824219,264.182861328125,13.119999885559082,0.005108091987859342,0.003057434262503009,0.000510021517694231,0.010000228881835938
2019-05-01,100.20191955566406,120.4000015258789,262.1971435546875,14.800000190734863,0.004116835643375689,-0.0066225029075604345,-0.00754484279303834,1.6800003051757812
2019-05-02,99.7247543334961,119.94000244140625,261.6311340332031,14.420000076293945,-0.004773411360484766,-0.003827907452540267,-0.002161050733531777,-0.38000011444091797
2019-05-03,100.00778198242188,120.6500015258789,264.1919860839844,12.869999885559082,0.002834068435566358,0.005902166622599615,0.00974043247521601,-1.5500001907348633
2019-05-06,100.28277587890625,120.80999755859375,263.1046447753906,15.4399995803833,0.0027459514039426965,0.0013252386046357174,-0.004124216944272452,2.5699996948242188
2019-05-07,101.05106353759766,121.20999908447266,258.7109069824219,19.31999969482422,0.00763201447069185,0.0033055276063594123,-0.016840592881470762,3.880000114440918
2019-05-08,100.61434936523438,120.91000366210938,258.3515319824219,19.399999618530273,-0.004331083339916267,-0.002478073455137969,-0.0013900644517408475,0.07999992370605469
2019-05-09,101.02677154541016,121.19999694824219,257.5698547363281,19.100000381469727,0.0040906612046085755,0.002395550981643927,-0.003030220744264825,-0.2999992370605469
2019-05-10,100.8893051147461,121.43000030517578,258.8636474609375,16.040000915527344,-0.0013616196805774168,0.0018959191232165698,0.005010501548947964,-3.059999465942383
2019-05-13,101.68187713623047,122.66999816894531,252.35836791992188,20.549999237060547,0.007825161081449358,0.010159840539079522,-0.025451293179853514,4.509998321533203
2019-05-14,101.38265991210938,122.45999908447266,254.64056396484375,18.059999465942383,-0.0029470181748790917,-0.0017133695443152437,0.00900282551252857,-2.489999771118164
2019-05-15,102.0053482055664,122.38999938964844,256.1321105957031,16.440000534057617,0.006123175547770621,-0.0005717761663673002,0.005840370657466272,-1.6199989318847656
2019-05-16,101.66567993164062,121.51000213623047,258.5042724609375,15.289999961853027,-0.003335462995812738,-0.007216080906090217,0.009218853324808955,-1.1500005722045898
2019-05-17,101.89215850830078,120.6500015258789,256.8330078125,15.960000038146973,0.0022252021523422425,-0.007102776783024275,-0.006486123055925602,0.6700000762939453
2019-05-20,101.68187713623047,120.63999938964844,255.1347198486328,16.309999465942383,-0.0020658965294209483,-8.290551782707826e-05,-0.006634379869212808,0.34999942779541016
2019-05-21,101.52010345458984,120.36000061035156,257.4349365234375,14.949999809265137,-0.0015922454628469977,-0.0023236423674714048,0.00897529569895536,-1.359999656677246
2019-05-22,102.10240936279297,120.23999786376953,256.64434814453125,14.75,0.005719480498824721,-0.0009975291545631813,-0.003075747363282895,-0.19999980926513672
2019-05-23,103.25082397460938,121.16999816894531,253.50857543945312,16.920000076293945,0.011184889232243691,0.007704775453647589,-0.012293616495141478,2.1700000762939453
2019-05-24,103.33976745605469,121.30000305175781,254.08346557617188,15.850000381469727,0.0008610603834838174,0.0010723379767872785,0.0022651670478560366,-1.0699996948242188
2019-05-28,104.08380889892578,120.83000183105469,251.72047424316406,17.5,0.0071741568356857195,-0.0038822269155751525,-0.009343575002836663,1.6499996185302734
2019-05-29,104.39923095703125,120.87000274658203,250.0311737060547,17.899999618530273,0.0030258796973511998,0.0003309964016131658,-0.006733637754909204,0.39999961853027344
2019-05-30,105.29691314697266,121.69000244140625,250.71405029296875,17.299999237060547,0.008561794757231133,0.006761236816409685,0.0027274429290963967,-0.6000003814697266
2019-05-31,106.6150894165039,123.33000183105469,247.33560180664062,18.709999084472656,0.012440949597131233,0.013386857013473643,-0.013566921659635285,1.4099998474121094
2019-06-03,107.32829284667969,125.11000061035156,246.70664978027344,18.860000610351562,0.006667241254006238,0.014329650783140814,-0.0025461480840207637,0.15000152587890625
2019-06-04,106.10457611083984,125.1500015258789,252.06187438964844,16.969999313354492,-0.011467119859814093,0.00031967486235552026,0.021474612567161322,-1.8900012969970703
2019-06-05,105.5049057006836,125.47000122070312,254.24533081054688,16.09000015258789,-0.005667723490402967,0.002553665830468566,0.008625079534437622,-0.8799991607666016
2019-06-06,105.84526062011719,125.87999725341797,255.8985137939453,15.930000305175781,0.003220770719770593,0.0032623544765036684,0.0064812651880691305,-0.15999984741210938
2019-06-07,106.76103210449219,126.58999633789062,258.4593505859375,16.299999237060547,0.008614769922759072,0.005624438342681366,0.009957495077180113,0.3699989318847656
2019-06-10,105.75609588623047,125.33000183105469,259.6454162597656,15.9399995803833,-0.009457531430873202,-0.010003215486538885,0.004578486134996713,-0.3599996566772461
2019-06-11,105.8209228515625,125.18000030517578,259.58251953125,15.989999771118164,0.0006127978146911769,-0.0011975692988471266,-0.00024227020346062454,0.05000019073486328
2019-06-12,105.90198516845703,125.83000183105469,259.12420654296875,15.90999984741211,0.000765739726641441,0.005179100221238763,-0.001767137708112369,-0.07999992370605469
2019-06-13,106.26664733886719,126.5999984741211,260.1933898925781,15.819999694824219,0.0034374782471766788,0.0061006935016299476,0.004117653118710089,-0.09000015258789062
2019-06-14,106.53408813476562,126.55999755859375,259.90594482421875,15.279999732971191,0.002513533950975075,-0.0003160129284807664,-0.0011053469152479856,-0.5399999618530273
2019-06-17,106.72047424316406,126.4800033569336,260.00482177734375,15.350000381469727,0.0017480156464610424,-0.0006322652864021801,0.0003803612491558416,0.07000064849853516
2019-06-18,107.25534057617188,127.12000274658203,262.7272644042969,15.149999618530273,0.004999326185190575,0.005047324392238259,0.01041630048791825,-0.20000076293945312
2019-06-19,107.40930938720703,127.88999938964844,263.3202819824219,14.329999923706055,0.0014345057508500165,0.006038970838080658,0.0022546168436877326,-0.8199996948242188
2019-06-20,107.69300842285156,131.11000061035156,265.836181640625,14.75,0.002637807003026284,0.024866155493817887,0.009509167096420933,0.4200000762939453
2019-06-21,106.50978088378906,131.97999572753906,265.44970703125,15.399999618530273,-0.011047844687350605,0.00661369341666817,-0.00145486520829625,0.6499996185302734
2019-06-24,107.303955078125,133.94000244140625,265.12469482421875,15.260000228881836,0.0074286887415894445,0.014741593126273352,-0.0012251335403553416,-0.1399993896484375
2019-06-25,107.63621520996094,134.1999969482422,262.5243225097656,16.280000686645508,0.003091654724613422,0.0019392450876947497,-0.00985652690109034,1.0200004577636719
2019-06-26,106.94742584228516,132.97000122070312,262.26251220703125,16.209999084472656,-0.006419797240199316,-0.009207653748305768,-0.0009977777914201148,-0.07000160217285156
2019-06-27,107.70109558105469,132.83999633789062,263.1925048828125,15.819999694824219,0.007022390193725937,-0.0009781791081800058,0.003539765028771029,-0.3899993896484375
2019-06-28,107.62813568115234,133.1999969482422,264.5468444824219,15.079999923706055,-0.0006776590643707006,0.0027063662544696662,0.005132619253952462,-0.7399997711181641
2019-07-01,107.37641906738281,130.6199951171875,266.9485168457031,14.0600004196167,-0.002341501360932979,-0.019559428102497136,0.00903747759468851,-1.0199995040893555
2019-07-02,108.20462036132812,133.41000366210938,267.6436767578125,12.930000305175781,0.007683471334880227,0.02113481354805423,0.0026007125141311893,-1.130000114440918
2019-07-03,108.9760513305664,133.6300048828125,269.78363037109375,12.569999694824219,0.007104077978970184,0.0016477026920105947,0.007963737215194692,-0.3600006103515625
2019-07-05,107.53064727783203,132.13999938964844,269.47662353515625,13.279999732971191,-0.013352247631601574,-0.011212861349998495,-0.0011386222770254479,0.7100000381469727
2019-07-08,107.67681121826172,131.2899932861328,267.9958801269531,13.960000038146973,0.0013583540637980816,-0.006453396174434407,-0.005510038725545473,0.6800003051757812
2019-07-09,107.63622283935547,131.75,268.32989501953125,14.09000015258789,-0.0003770173929755294,0.0034976216131429347,0.0012455673444765562,0.13000011444091797
2019-07-10,107.04345703125,133.8300018310547,269.6120300292969,13.029999732971191,-0.005522342076254512,0.015664164068756106,0.004766824736469528,-1.0600004196166992
2019-07-11,105.61441802978516,132.6999969482422,270.2441101074219,12.930000305175781,-0.013439996163000522,-0.008479433149487648,0.0023416622316936196,-0.09999942779541016
2019-07-12,105.73622131347656,133.52999877929688,271.45391845703125,12.390000343322754,0.0011526182040880039,0.006235244213343071,0.0044667334835734596,-0.5399999618530273
2019-07-15,106.34516906738281,133.52999877929688,271.54425048828125,12.680000305175781,0.00574260123695654,0.0,0.00033271578892712147,0.28999996185302734
2019-07-16,106.02850341796875,132.39999389648438,270.6684265136719,12.859999656677246,-0.0029821576317891375,-0.008498565150237166,-0.0032305579469800883,0.17999935150146484
2019-07-17,107.17340087890625,134.5800018310547,268.8265380859375,13.970000267028809,0.010740133584301703,0.01633123396202252,-0.0068282215962477055,1.1100006103515625
2019-07-18,107.1814956665039,136.47999572753906,269.81072998046875,13.529999732971191,7.552696702488852e-05,0.01401922107283276,0.0036543813366158797,-0.4400005340576172
2019-07-19,106.92979431152344,134.47000122070312,268.31182861328125,14.449999809265137,-0.002351127499652479,-0.01483691752503857,-0.005570869385533426,0.9200000762939453
2019-07-22,107.13282775878906,134.4499969482422,268.970947265625,13.529999732971191,0.0018969543228569302,-0.0001487748968767623,0.0024535273140374454,-0.9200000762939453
2019-07-23,106.54814910888672,133.69000244140625,270.8941650390625,12.609999656677246,-0.005472458219029052,-0.005668654760058427,0.007124838650767983,-0.9200000762939453
2019-07-24,107.01101684570312,134.3699951171875,272.1672058105469,12.069999694824219,0.004334803046648808,0.005073447292028362,0.004688394983385862,-0.5399999618530273
2019-07-25,106.49951171875,133.4199981689453,270.8670654296875,12.739999771118164,-0.004791389998063636,-0.007095118991376651,-0.0047884376142481,0.6700000762939453
2019-07-26,106.75114440917969,133.63999938964844,272.6818542480469,12.15999984741211,0.002359972173469701,0.00164757936404381,0.006677579500639676,-0.5799999237060547
2019-07-29,106.78369140625,134.52999877929688,272.1852722167969,12.829999923706055,0.0003048401652880406,0.006637600502192369,-0.001822764283695276,0.6700000762939453
2019-07-30,107.04345703125,134.97999572753906,271.51715087890625,13.9399995803833,0.0024296798109001076,0.0033393742390960437,-0.002457674072457649,1.109999656677246
2019-07-31,107.90423583984375,133.2100067138672,268.546630859375,16.1200008392334,0.008009236093841668,-0.013199706898717264,-0.011000737604252043,2.1800012588500977
2019-08-01,110.04720306396484,136.41000366210938,266.2081604003906,17.8700008392334,0.019665263928608026,0.0237382025873749,-0.008746009960120649,1.75
2019-08-02,111.06421661376953,135.88999938964844,264.2037658691406,17.610000610351562,0.00919916957086607,-0.003819352910475418,-0.007557914795027138,-0.26000022888183594
2019-08-05,112.98432159423828,137.7899932861328,256.2584228515625,24.59000015258789,0.01714050005097427,0.013885007839557597,-0.03053424626704198,6.979999542236328
2019-08-06,113.88737487792969,138.91000366210938,259.8518371582031,20.170000076293945,0.007960958260714659,0.008095529492025941,0.013925211924378124,-4.420000076293945
2019-08-07,113.92809295654297,141.02000427246094,260.00537109375,19.489999771118164,0.0003574654472229344,0.01507548681526026,0.0005906773536029601,-0.6800003051757812
2019-08-08,114.172119140625,141.72999572753906,265.1067199707031,16.90999984741211,0.002139640949350464,0.005022054446004403,0.019430172933087877,-2.5799999237060547
2019-08-09,113.9443588256836,141.25999450683594,263.30084228515625,17.969999313354492,-0.001996878021747347,-0.003321683939870917,-0.0068351963348210806,1.0599994659423828
2019-08-12,116.32001495361328,142.6300048828125,260.0955505371094,21.09000015258789,0.02063489357303508,0.009651773675578623,-0.012248199884315553,3.1200008392333984
2019-08-13,115.92137145996094,141.77999877929688,264.1405029296875,17.520000457763672,-0.0034330133085131473,-0.005977346952418699,0.015432104071840558,-3.5699996948242188
2019-08-14,118.53300476074219,142.75,256.3305358886719,22.100000381469727,0.02227931395054792,0.00681829671908825,-0.030013402171017847,4.579999923706055
2019-08-15,119.85108947753906,143.6999969482422,257.0076599121094,21.18000030517578,0.011058608198438607,0.006632923311853109,0.002638122086728749,-0.9200000762939453
2019-08-16,118.89102935791016,142.77999877929688,260.7999267578125,18.469999313354492,-0.00804269727879461,-0.00642279632319684,0.014647659659309477,-2.710000991821289
2019-08-19,117.19058990478516,141.11000061035156,263.94195556640625,16.8799991607666,-0.014405770898080268,-0.011765243129746363,0.011975664477788188,-1.5900001525878906
2019-08-20,118.40287780761719,142.2100067138672,261.91943359375,17.5,0.010291444957479735,0.007765153200510364,-0.0076922625893779475,0.6200008392333984
2019-08-21,117.61363983154297,141.75999450683594,264.05029296875,15.800000190734863,-0.006688014261210564,-0.0031694374885161206,0.008102637568043752,-1.6999998092651367
2019-08-22,116.83261108398438,141.39999389648438,263.968994140625,16.68000030517578,-0.006662777790915633,-0.002542737809443374,-0.00030793886038711063,0.880000114440918
2019-08-23,118.75267028808594,144.1699981689453,257.1882629394531,19.8700008392334,0.016300693388467777,0.0194004358255685,-0.02602329247317811,3.190000534057617
2019-08-26,118.272705078125,144.19000244140625,260.0323791503906,19.31999969482422,-0.004049911240455852,0.00013874512727632068,0.01099780111673575,-0.5500011444091797
2019-08-27,120.09516906738281,145.57000732421875,259.0120849609375,20.309999465942383,0.015291485967333584,0.009525229640210546,-0.00393143776364454,0.9899997711181641
2019-08-28,120.24971008300781,145.16000366210938,260.8359680175781,19.350000381469727,0.0012859940055256057,-0.002820513317677276,0.007017014029212442,-0.9599990844726562
2019-08-29,119.7941665649414,144.1199951171875,264.16766357421875,17.8799991607666,-0.0037955066490570704,-0.007190355573252848,0.012692256137694605,-1.470001220703125
2019-08-30,119.82666015625,143.75,264.05029296875,18.979999542236328,0.000271208408320622,-0.0025705723222454796,-0.0004444021864329154,1.1000003814697266
2019-09-03,119.98149871826172,145.75,262.50628662109375,19.65999984741211,0.0012913537575681994,0.013817145553141903,-0.00586455789466087,0.6800003051757812
2019-09-04,120.16082763671875,146.66000366210938,265.48583984375,17.329999923706055,0.0014935222333636682,0.006224182405113975,0.01128647456020071,-2.3299999237060547
2019-09-05,117.98465728759766,143.13999938964844,268.8988037109375,16.270000457763672,-0.0182764827555586,-0.02429383958928248,0.012773609102004733,-1.0599994659423828
2019-09-06,118.82415771484375,141.9199981689453,269.1064453125,15.0,0.0070901409987516855,-0.008559662387184017,0.0007718943718455052,-1.2700004577636719
2019-09-09,116.71320343017578,141.38999938964844,269.24188232421875,15.270000457763672,-0.01792506119860935,-0.0037414803722944866,0.0005031575566348828,0.2700004577636719
2019-09-10,114.66754150390625,140.17999267578125,269.17864990234375,15.199999809265137,-0.01768267475490895,-0.008594766463448816,-0.00023488116957281135,-0.07000064849853516
2019-09-11,114.46369934082031,141.02999877929688,271.0928039550781,14.609999656677246,-0.00177926166777539,0.0060453662250154515,0.00708592707705859,-0.5900001525878906
2019-09-12,113.71387481689453,141.32000732421875,272.0317687988281,14.220000267028809,-0.006572313039668659,0.0020542492696135994,0.0034576442544526657,-0.3899993896484375
2019-09-13,111.28506469726562,140.14999389648438,271.85113525390625,13.739999771118164,-0.02159036368828869,-0.008313640257218174,-0.0006642369165029047,-0.48000049591064453
2019-09-16,112.70320892333984,141.32000732421875,271.01153564453125,14.670000076293945,0.012662834109492864,0.008313640257218249,-0.003093232686020963,0.9300003051757812
2019-09-17,113.3144760131836,141.60000610351562,271.69775390625,14.4399995803833,0.005409033194614054,0.001979350045407386,0.0025288626549666462,-0.23000049591064453
2019-09-18,113.79537200927734,140.7100067138672,271.8601989746094,13.949999809265137,0.004234926129395014,-0.006305141849164153,0.0005977102251366275,-0.48999977111816406
2019-09-19,114.13772583007812,141.27999877929688,271.8420715332031,14.050000190734863,0.003003987411169327,0.004042645700960864,-6.668149977020772e-05,0.10000038146972656
2019-09-20,115.64553833007812,142.9499969482422,270.5577087402344,15.319999694824219,0.013123968339482862,0.011751169204553406,-0.004735861776477264,1.2699995040893555
2019-09-23,115.62109375,143.75,270.4942626953125,14.90999984741211,-0.00021139738101684516,0.005580782257567522,-0.00023452846884324313,-0.4099998474121094
2019-09-24,117.01475524902344,144.50999450683594,268.3717956542969,17.049999237060547,0.011981628607545912,0.00527299162043293,-0.007877571742089402,2.1399993896484375
2019-09-25,115.3031997680664,141.8300018310547,269.9591369628906,15.960000038146973,-0.014734861521253742,-0.018719501081169466,0.005897286642074374,-1.0899991989135742
2019-09-26,116.04484558105469,141.7899932861328,269.3967590332031,16.06999969482422,0.006411537668168074,-0.0002821278180384957,-0.0020853693736044366,0.1099996566772461
2019-09-27,116.33013916015625,141.05999755859375,267.9454345703125,17.219999313354492,0.002455459848763435,-0.005161727926224835,-0.0054018761576325805,1.1499996185302734
2019-09-30,116.61542510986328,138.8699951171875,269.1881408691406,16.239999771118164,0.002449379907543523,-0.015647105922203676,0.004627186133705942,-0.9799995422363281
2019-10-01,116.9665298461914,139.6300048828125,265.9862060546875,18.559999465942383,0.003006268192457147,0.005457893373498284,-0.011966093065393663,2.3199996948242188
2019-10-02,117.25228118896484,141.25999450683594,261.28765869140625,20.559999465942383,0.0024400387252056298,0.011606023170116823,-0.017822509508058488,2.0
2019-10-03,118.3217544555664,141.89999389648438,263.4283142089844,19.1200008392334,0.009079783441894146,0.004520416059329575,0.008159337638888419,-1.4399986267089844
2019-10-04,119.1954345703125,141.89999389648438,266.9930419921875,17.040000915527344,0.0073568069646917445,0.0,0.0134413194756827,-2.0799999237060547
2019-10-07,118.20745849609375,140.69000244140625,265.8410949707031,17.860000610351562,-0.008323249688129537,-0.00856363541098911,-0.004323855159719074,0.8199996948242188
2019-10-08,118.52590942382812,141.9199981689453,261.7138977050781,20.280000686645508,0.0026903779776799018,0.00870459991703739,-0.015646829336879723,2.4200000762939453
2019-10-09,117.85643005371094,142.0500030517578,264.19927978515625,18.639999389648438,-0.005664392370728148,0.0009156241246349503,0.00945175245341731,-1.6400012969970703
2019-10-10,116.10104370117188,140.80999755859375,265.9862060546875,17.56999969482422,-0.015006310894343717,-0.008767683192965708,0.006740784436668831,-1.0699996948242188
2019-10-11,114.6640625,140.02999877929688,268.7436828613281,15.579999923706055,-0.01245422064603374,-0.005554769940672898,0.010313623033526877,-1.989999771118164
2019-10-14,115.496826171875,140.58999633789062,268.4443359375,14.569999694824219,0.007236392861325954,0.003991150393420187,-0.0011144960212716576,-1.010000228881836
2019-10-15,114.10074615478516,139.61000061035156,271.10198974609375,13.539999961853027,-0.012161254225233035,-0.0069950016712766044,0.009851518493809204,-1.0299997329711914
2019-10-16,114.23947143554688,140.41000366210938,270.6665954589844,13.680000305175781,0.0012150754632154106,0.005713914835703777,-0.001607307594917365,0.1400003433227539
2019-10-17,113.9618911743164,140.61000061035156,271.46478271484375,13.789999961853027,-0.0024327672276574746,0.0014233647353723328,0.002944628791988,0.1099996566772461
2019-10-18,113.9618911743164,140.4600067138672,270.2764892578125,14.25,0.0,-0.001067306413452129,-0.004386947881818796,0.46000003814697266
2019-10-21,113.10460662841797,139.7899932861328,272.10882568359375,14.0,-0.007550991692216903,-0.004781550075213642,0.006756611383409184,-0.25
2019-10-22,113.76597595214844,140.1999969482422,271.2199401855469,14.460000038146973,0.005830383029132263,0.0029287043785159624,-0.003272001583271255,0.46000003814697266
2019-10-23,113.8802261352539,140.52999877929688,272.0091247558594,14.010000228881836,0.0010037522405405969,0.002351027592914482,0.002905533508584031,-0.4499998092651367
2019-10-24,113.65162658691406,141.52999877929688,272.4534912109375,13.710000038146973,-0.0020093856971813715,0.007090719694468963,0.0016323124516267162,-0.3000001907348633
2019-10-25,113.09648895263672,141.86000061035156,273.56915283203125,12.649999618530273,-0.004896523546564327,0.0023289599557340403,0.0040865088137011195,-1.0600004196166992
2019-10-28,112.06771850585938,140.63999938964844,275.1112060546875,13.109999656677246,-0.009138020800026656,-0.008637230479381003,0.005620967682955872,0.46000003814697266
2019-10-29,112.14118957519531,140.25,275.02960205078125,13.199999809265137,0.0006553804895136243,-0.002776885194246242,-0.00029666588372445884,0.09000015258789062
2019-10-30,113.78230285644531,141.02000427246094,275.8731689453125,12.329999923706055,0.014528300085177281,0.005475210184932403,0.003062491598339568,-0.869999885559082
2019-10-31,115.3172378540039,142.42999267578125,275.1384582519531,13.220000267028809,0.01339992179998109,0.009948844935468628,-0.002666771779444577,0.8900003433227539
2019-11-01,114.96229553222656,142.55999755859375,277.6872253417969,12.300000190734863,-0.0030827108049577097,0.0009123470738276627,0.009220936091343742,-0.9200000762939453
2019-11-04,113.44918823242188,142.14999389648438,278.8030090332031,12.829999923706055,-0.013249153755740891,-0.0028801514371747305,0.004010080025494474,0.5299997329711914
2019-11-05,112.17329406738281,139.85000610351562,278.4945373535156,13.100000381469727,-0.011310111943551922,-0.016312331868591004,-0.0011070269847422876,0.2700004577636719
2019-11-06,112.8520736694336,140.4499969482422,278.55816650390625,12.619999885559082,0.006032934576504356,0.004281068530555171,0.00022844930193039934,-0.48000049591064453
2019-11-07,110.80741882324219,138.27000427246094,279.53759765625,12.729999542236328,-0.018284149583703373,-0.015643205521891117,0.003509907154811342,0.1099996566772461
2019-11-08,110.34122467041016,137.38999938964844,280.22698974609375,12.069999694824219,-0.0042161221162718395,-0.0063847338065501705,0.0024631513100698927,-0.6599998474121094
2019-11-11,110.41477966308594,137.05999755859375,279.6918029785156,12.6899995803833,0.000666391798672729,-0.0024048241483873045,-0.001911659110271542,0.619999885559082
2019-11-12,110.92186737060547,137.42999267578125,280.281494140625,12.680000305175781,0.004582057255477858,0.002695874927586959,0.002106141071811465,-0.009999275207519531
2019-11-13,111.64163970947266,137.97999572753906,280.3721618652344,13.0,0.006468040135127495,0.003994072881030811,0.00032343577689547456,0.31999969482421875
2019-11-14,112.7948226928711,138.55999755859375,280.78033447265625,13.050000190734863,0.010276343864618565,0.004194711040663475,0.0014547656192272667,0.05000019073486328
2019-11-15,112.67218780517578,138.2100067138672,282.81219482421875,12.050000190734863,-0.001087830095569213,-0.0025291110010524226,0.007210419049198388,-1.0
2019-11-18,112.87664031982422,138.6199951171875,283.0207824707031,12.460000038146973,0.001812934009424053,0.002962025072169786,0.0007372764200847893,0.4099998474121094
2019-11-19,113.81722259521484,138.69000244140625,282.93914794921875,12.859999656677246,0.008298307336717428,0.0005049030061831341,-0.00028848163151746814,0.39999961853027344
2019-11-20,114.99493408203125,138.75999450683594,281.8869934082031,12.779999732971191,0.010294224784022787,0.0005045382424530197,-0.00372559157931922,-0.07999992370605469
2019-11-21,114.27527618408203,138.0,281.43353271484375,13.130000114440918,-0.006277834880174316,-0.005492097356825017,-0.0016099565709995606,0.35000038146972656
2019-11-22,114.4225082397461,137.74000549316406,282.05926513671875,12.34000015258789,0.0012875688881334778,-0.0018857951599790925,0.0022209074595421186,-0.7899999618530273
2019-11-25,114.75778198242188,137.0800018310547,284.2453308105469,11.869999885559082,0.002925853541157088,-0.004803179633254922,0.007720497230743088,-0.4700002670288086
2019-11-26,115.42842102050781,137.74000549316406,284.8892822265625,11.539999961853027,0.005826942943303648,0.004803179633255016,0.002262915226237836,-0.3299999237060547
2019-11-27,115.0931625366211,137.00999450683594,286.1591796875,11.75,-0.002908697008627891,-0.005314014225370608,0.004447606950984239,0.21000003814697266
2019-11-29,114.8477783203125,137.86000061035156,285.09796142578125,12.619999885559082,-0.0021343246534944503,0.006184806112979683,-0.0037153828148606765,0.869999885559082
2019-12-02,113.31649780273438,137.7899932861328,282.6760559082031,14.90999984741211,-0.013422815654426486,-0.0005079436043828876,-0.0085312822814615,2.2899999618530273
2019-12-03,115.69244384765625,139.11000061035156,280.78033447265625,15.960000038146973,0.020750554814015006,0.009534253178573626,-0.006728927458632408,1.0500001907348633
2019-12-04,114.53730773925781,138.9199981689453,282.5128173828125,14.800000190734863,-0.010034722215686541,-0.0013667767637935283,0.00615128505396473,-1.1599998474121094
2019-12-05,113.98017120361328,139.0,283.0207824707031,14.520000457763672,-0.004876105251233342,0.0005757184354598549,0.0017964104153185365,-0.2799997329711914
2019-12-06,113.34927368164062,137.6199951171875,285.60589599609375,13.619999885559082,-0.005550527271406261,-0.009977704836757457,0.009092543257203335,-0.9000005722045898
2019-12-09,113.59503936767578,137.5800018310547,284.70794677734375,15.859999656677246,0.002165868611612849,-0.0002906488870483782,-0.0031489677907461334,2.239999771118164
2019-12-10,113.60325622558594,137.97000122070312,284.39044189453125,15.680000305175781,7.233203833933328e-05,0.002830699660654389,-0.0011158173070771491,-0.17999935150146484
2019-12-11,114.49629211425781,138.9199981689453,285.1977844238281,14.989999771118164,0.007830269354483197,0.006861935627691577,0.002834830611522284,-0.6900005340576172
2019-12-12,112.61190032958984,138.42999267578125,287.6559143066406,13.9399995803833,-0.0165950423035406,-0.0035334849047766476,0.008582103861866381,-1.0500001907348633
2019-12-13,113.91458892822266,139.0500030517578,287.8281555175781,12.630000114440918,0.01150155077629551,0.004468872836715887,0.000598595947697392,-1.3099994659423828
2019-12-16,112.89046478271484,139.0399932861328,289.80560302734375,12.140000343322754,-0.009030937266932946,-7.198939739749056e-05,0.006846743997870231,-0.48999977111816406
2019-12-17,112.73483276367188,139.00999450683594,289.8690490722656,12.289999961853027,-0.0013795620031844995,-0.00021577975709612248,0.0002189022581734412,0.14999961853027344
2019-12-18,111.80901336669922,139.02000427246094,289.8871765136719,12.579999923706055,-0.008246270466164905,7.200493236905694e-05,6.253470204241591e-05,0.28999996185302734
2019-12-19,111.98788452148438,139.3800048828125,291.0755310058594,12.5,0.001598513603730505,0.0025862126377012157,0.0040909894359261265,-0.07999992370605469
2019-12-20,112.13557434082031,139.52000427246094,292.3516845703125,12.510000228881836,0.0013179329059358534,0.0010039397404910592,0.00437468656114001,0.010000228881835938
2019-12-23,111.97148895263672,139.9499969482422,292.7982177734375,12.609999656677246,-0.0014643484689248376,0.003077203372165587,0.001526218454498151,0.09999942779541016
2019-12-24,112.29149627685547,141.27000427246094,292.8073425292969,12.670000076293945,0.0028538596423594684,0.009387789011397068,3.116348777625062e-05,0.06000041961669922
2019-12-26,112.56230926513672,142.3800048828125,294.3661193847656,12.649999618530273,0.002408792847182839,0.00782659080315549,0.005309437903509402,-0.020000457763671875
2019-12-27,112.68535614013672,142.3300018310547,294.29302978515625,13.430000305175781,0.0010925475033740017,-0.0003512560225688557,-0.0002483257079687618,0.7800006866455078
2019-12-30,112.27513122558594,142.6300048828125,292.6705627441406,14.819999694824219,-0.0036470881981379467,0.0021055808220621446,-0.00552835369658674,1.3899993896484375
2019-12-31,111.17549896240234,142.89999389648438,293.38153076171875,13.779999732971191,-0.009842363292682666,0.001891143454574884,0.0024262975057704373,-1.0399999618530273
2020-01-02,112.43103790283203,143.9499969482422,296.1252136230469,12.470000267028809,0.011230012798419647,0.007320953634035891,0.009308469151749573,-1.3099994659423828
2020-01-03,114.16252136230469,145.86000061035156,293.8830261230469,14.020000457763672,0.015283021873603746,0.013181265882528811,-0.007600566036020158,1.5500001907348633
2020-01-06,113.5141830444336,147.38999938964844,295.004150390625,13.850000381469727,-0.005695269281264358,0.010434868967011986,0.0038076075241046956,-0.1700000762939453
2020-01-07,112.9561767578125,147.97000122070312,294.1746826171875,13.789999961853027,-0.004927862668816581,0.003927428056507489,-0.002815675903381484,-0.06000041961669922
2020-01-08,112.20945739746094,146.86000061035156,295.74249267578125,13.449999809265137,-0.00663264712330198,-0.007529802584635164,0.005315369057057504,-0.3400001525878906
2020-01-09,112.6033935546875,146.02999877929688,297.747802734375,12.539999961853027,0.003504573326238464,-0.0056676844863565315,0.006757710127399702,-0.9099998474121094
2020-01-10,113.60446166992188,146.91000366210938,296.8909606933594,12.5600004196167,0.008850927386652583,0.006008107616788398,-0.0028818929633997363,0.020000457763671875
2020-01-13,113.25984954833984,145.82000732421875,298.9328308105469,12.319999694824219,-0.0030380484686028655,-0.007447144703816297,0.006853966356105685,-0.24000072479248047
2020-01-14,113.84246826171875,145.69000244140625,298.4770202636719,12.390000343322754,0.005130903085208311,-0.0008919411826434922,-0.0015259562074621026,0.07000064849853516
2020-01-15,114.59740447998047,146.5399932861328,299.15155029296875,12.420000076293945,0.006609520111607615,0.005817289492435278,0.00225735632116708,0.029999732971191406
2020-01-16,114.236328125,146.30999755859375,301.6399841308594,12.319999694824219,-0.003155799195646321,-0.0015707412123407796,0.008283898575808161,-0.10000038146972656
2020-01-17,113.25984954833984,146.5800018310547,302.5788879394531,12.100000381469727,-0.008584624001169548,0.0018437252860089575,0.0031078293237839488,-0.2199993133544922
2020-01-21,114.44969940185547,146.74000549316406,301.9864196777344,12.850000381469727,0.010450687626303622,0.0010909837309721073,-0.001959981639433334,0.75
2020-01-22,114.85177612304688,146.7899932861328,302.0228271484375,12.90999984741211,0.003506973798241245,0.0003405975107135845,0.00012055269331892366,0.05999946594238281
2020-01-23,115.656005859375,147.1199951171875,302.3691711425781,12.979999542236328,0.006977924933095907,0.002245598875511729,0.001146090725988583,0.06999969482421875
2020-01-24,116.59146118164062,147.97999572753906,299.6802062988281,14.5600004196167,0.00805572084823796,0.0058285535187767275,-0.00893276473597449,1.580000877380371
2020-01-27,118.40501403808594,148.99000549316406,294.8764953613281,18.229999542236328,0.015435030331415448,0.006802125843070944,-0.016159318207359084,3.669999122619629
2020-01-28,117.47775268554688,147.66000366210938,297.9665832519531,16.280000686645508,-0.007862093036944523,-0.00896686803661793,0.010424734593965082,-1.9499988555908203
2020-01-29,118.6265869140625,148.4600067138672,297.7204284667969,16.389999389648438,0.00973165759816435,0.005403248480831511,-0.0008264568282492696,0.10999870300292969
2020-01-30,118.64300537109375,148.47000122070312,298.6866760253906,15.489999771118164,0.0001383949531781988,6.731894098032181e-05,0.003240231032493333,-0.8999996185302734
2020-01-31,119.72620391845703,149.3300018310547,293.2631530761719,18.84000015258789,0.00908847251394725,0.005775708477189364,-0.018324778381043072,3.3500003814697266
2020-02-03,119.62921142578125,148.36000061035156,295.4416198730469,17.969999313354492,-0.0008104474916116818,-0.006516877595597702,0.007400914144041553,-0.8700008392333984
2020-02-04,118.01814270019531,146.42999267578125,299.94451904296875,16.049999237060547,-0.013558690040965486,-0.013094308186782415,0.015126267583455668,-1.9200000762939453
2020-02-05,116.72767639160156,146.61000061035156,303.4083557128906,15.149999618530273,-0.010994694714595556,0.0012285555646719122,0.011482085758739996,-0.8999996185302734
2020-02-06,117.25369262695312,147.39999389648438,304.42926025390625,14.960000038146973,0.004496230821485549,0.005373934234125879,0.003359138935047279,-0.18999958038330078
2020-02-07,118.71684265136719,147.7899932861328,302.8067321777344,15.470000267028809,0.012401283697145634,0.002642363450658169,-0.005343991323873957,0.5100002288818359
2020-02-10,119.04558563232422,148.1699981689453,305.0673522949219,15.039999961853027,0.002765308150825851,0.0025679490647931946,0.0074378250253310085,-0.43000030517578125
2020-02-11,118.44556427001953,147.66000366210938,305.5959777832031,15.180000305175781,-0.005053010516325281,-0.0034478924308700464,0.0017313160764308947,0.1400003433227539
2020-02-12,117.84550476074219,147.5399932861328,307.5649108886719,13.739999771118164,-0.005078996863288585,-0.000813078481224605,0.006422261789036387,-1.4400005340576172
2020-02-13,118.2975845336914,148.3800048828125,307.2366943359375,14.149999618530273,0.003828867714056029,0.005677303718111386,-0.0010677154422701252,0.4099998474121094
2020-02-14,118.8154296875,149.0,307.7289123535156,13.680000305175781,0.004367925386381894,0.0041697222765956264,0.0016007988652869498,-0.4699993133544922
2020-02-18,119.62921142578125,150.91000366210938,306.9360046386719,14.829999923706055,0.0068257763652798025,0.012737350951843347,-0.0025799688016651828,1.1499996185302734
2020-02-19,119.6210708618164,151.7899932861328,308.4034423828125,14.380000114440918,-6.80506111855287e-05,0.005814285510176441,0.004769531786296103,-0.4499998092651367
2020-02-20,120.55806732177734,152.41000366210938,307.1364440917969,15.5600004196167,0.0078025195750473,0.0040763395182913265,-0.004116711550970676,1.1800003051757812
2020-02-21,121.68413543701172,154.6999969482422,303.9735412597656,17.079999923706055,0.009297110193774138,0.014913455926308593,-0.01035142985857542,1.5199995040893555
2020-02-24,123.50067901611328,156.08999633789062,293.8921203613281,25.030000686645508,0.014818020616841695,0.008945002656717951,-0.03372789983458528,7.950000762939453
2020-02-25,124.15827941894531,153.3000030517578,284.9865417480469,27.850000381469727,0.005310544407121285,-0.01803593472393269,-0.03077080523714187,2.8199996948242188
2020-02-26,123.50067901611328,153.97000122070312,283.9382629394531,27.559999465942383,-0.005310544407121214,0.004360980385151266,-0.0036851267031162067,-0.29000091552734375
2020-02-27,124.84053802490234,154.0,271.1861572265625,39.15999984741211,0.010790572949848962,0.00019481624361363943,-0.04595131842526409,11.600000381469727
2020-02-28,127.65985107421875,148.3800048828125,270.0466613769531,40.11000061035156,0.02233208613688627,-0.03717601874476565,-0.004210748107227009,0.9500007629394531
2020-03-02,126.72058868408203,149.1999969482422,281.7414245605469,33.41999816894531,-0.0073847396406180035,0.005511083646655957,0.0423949521329802,-6.69000244140625
2020-03-03,128.68801879882812,153.88999938964844,273.6745910644531,36.81999969482422,0.01540644263714882,0.030950390194086085,-0.029049939362712243,3.4000015258789062
2020-03-04,127.3215103149414,154.16000366210938,285.1778869628906,31.989999771118164,-0.010675551544592201,0.001752990351755443,0.041173373589259085,-4.829999923706055
2020-03-05,130.4907684326172,157.49000549316406,275.6981506347656,39.619998931884766,0.02458701958284127,0.021370951204574475,-0.03380654022350858,7.629999160766602
2020-03-06,137.28201293945312,157.5500030517578,271.1404724121094,41.939998626708984,0.05073481437203024,0.0003808885074389379,-0.016669575149642433,2.3199996948242188
2020-03-09,141.0028076171875,157.80999755859375,249.9659881591797,54.459999084472656,0.02674250370591527,0.0016488747161249012,-0.08131217372406759,12.520000457763672
2020-03-10,133.77523803710938,154.47999572753906,262.9004211425781,47.29999923706055,-0.052618738778662515,-0.02132715182628954,0.05045047240253953,-7.159999847412109
2020-03-11,128.85256958007812,153.92999267578125,250.08445739746094,53.900001525878906,-0.03749218426610333,-0.0035667044227174947,-0.04997664324569967,6.600002288818359
2020-03-12,129.65115356445312,147.7899932861328,226.15704345703125,75.47000122070312,0.006178530158896627,-0.04070560424243849,-0.10056904989409714,21.56999969482422
2020-03-13,126.72058868408203,143.27999877929688,245.4904022216797,57.83000183105469,-0.02286283586747402,-0.03099155256530076,0.08202821114388503,-17.639999389648438
2020-03-16,134.92771911621094,141.63999938964844,218.62791442871094,82.69000244140625,0.06275464749398782,-0.011512126298224866,-0.115886587680165,24.860000610351562
2020-03-17,125.9302749633789,143.55999755859375,230.43209838867188,75.91000366210938,-0.06901084062175808,0.01346442633870517,0.0525849710710834,-6.779998779296875
2020-03-18,118.82623291015625,140.6999969482422,218.7646026611328,76.44999694824219,-0.05806618218305174,-0.02012310684271081,-0.05195995700920137,0.5399932861328125
2020-03-19,122.06135559082031,138.0399932861328,219.22950744628906,72.0,0.0268616346985152,-0.019086492837834465,0.002122882244413435,-4.4499969482421875
2020-03-20,131.2398681640625,140.11000061035156,209.7820281982422,66.04000091552734,0.07250287055866604,0.014884383146683595,-0.04405012957424612,-5.959999084472656
2020-03-23,136.64813232421875,146.3000030517578,204.4182586669922,61.59000015258789,0.040382541141971054,0.043231496146295734,-0.025900848245764288,-4.450000762939453
2020-03-24,134.1045379638672,153.39999389648438,222.93919372558594,61.66999816894531,-0.018789614830325183,0.047389520259250466,0.08673087794511103,0.07999801635742188
2020-03-25,133.79989624023438,151.3000030517578,226.2766571044922,63.95000076293945,-0.0022742576534405747,-0.013784208180364264,0.014859336694410084,2.2800025939941406
2020-03-26,134.45846557617188,153.24000549316406,239.48890686035156,61.0,0.004909973016568548,0.012740714714697083,0.056748700771460964,-2.950000762939453
2020-03-27,138.04757690429688,152.25,232.35556030273438,65.54000091552734,0.026343040690787512,-0.006481449089244015,-0.03023831190300873,4.540000915527344
2020-03-30,136.91162109375,152.9199981689453,239.9014892578125,57.08000183105469,-0.008262769761991931,0.004390990264267052,0.03195959168945648,-8.459999084472656
2020-03-31,135.80029296875,148.0500030517578,236.32566833496094,53.540000915527344,-0.008150243678309183,-0.032364821693651916,-0.015017573313148269,-3.5400009155273438
2020-04-01,137.7029571533203,149.4499969482422,225.6898193359375,57.060001373291016,0.013913508359938037,0.009411793149400162,-0.0460492285973257,3.520000457763672
2020-04-02,138.5767059326172,151.89999389648438,230.89773559570312,50.90999984741211,0.006325124929978806,0.01626050111056189,0.022813333707577176,-6.150001525878906
2020-04-03,138.90647888183594,152.64999389648438,227.56028747558594,46.79999923706055,0.0023768871234208584,0.004925309776577716,-0.014559706273542774,-4.1100006103515625
2020-04-06,138.54379272460938,156.8800048828125,242.8446044921875,45.2400016784668,-0.0026144242837683514,0.02733353381543522,0.0650065479171923,-1.55999755859375
2020-04-07,137.0928497314453,156.0399932861328,243.09225463867188,46.70000076293945,-0.010528037071085463,-0.005368871400719198,0.0010192689164095841,1.4599990844726562
2020-04-08,136.09542846679688,154.64999389648438,251.25242614746094,43.349998474121094,-0.007302111958592894,-0.008947881947437637,0.03301709562394315,-3.3500022888183594
2020-04-09,136.3427276611328,158.69000244140625,255.07574462890625,41.66999816894531,0.001815452473859198,0.025788169295063085,0.015102423176895441,-1.6800003051757812
2020-04-13,135.09799194335938,161.41000366210938,252.7469024658203,41.16999816894531,-0.009171390678540177,0.01699510551392902,-0.009171936314487185,-0.5
2020-04-14,135.06495666503906,162.67999267578125,260.201171875,37.7599983215332,-0.0002445581724297902,0.007837301543346824,0.02906646731800661,-3.4099998474121094
2020-04-15,138.6427764892578,161.85000610351562,254.67236328125,40.84000015258789,0.0261448486175484,-0.005115017933585634,-0.02147720066171814,3.0800018310546875
2020-04-16,140.21725463867188,161.7100067138672,255.9010009765625,40.11000061035156,0.011292366813148474,-0.0008653689753940822,0.004812785597093596,-0.7299995422363281
2020-04-17,138.33767700195312,158.57000732421875,262.81427001953125,38.150001525878906,-0.013495407546573674,-0.019608466717140425,0.026656930307624803,-1.9599990844726562
2020-04-20,139.45057678222656,159.6999969482422,258.1841125488281,43.83000183105469,0.008012619103304669,0.007100853720992193,-0.01777464010820059,5.680000305175781
2020-04-21,141.2064666748047,158.61000061035156,250.34469604492188,45.40999984741211,0.012512871803607264,-0.006848673348053854,-0.030834192558345314,1.5799980163574219
2020-04-22,139.76382446289062,161.72999572753906,255.9010009765625,41.97999954223633,-0.010269092036597604,0.019479888950845802,0.021951902358921024,-3.4300003051757812
2020-04-23,140.50579833984375,163.33999633789062,255.8826904296875,41.380001068115234,0.005294727290924963,0.009905643795524405,-7.155580449426477e-05,-0.5999984741210938
2020-04-24,140.8355712890625,162.63999938964844,259.4493713378906,35.93000030517578,0.0023442915677958378,-0.004294729942651925,0.013842483807664075,-5.450000762939453
2020-04-27,138.21401977539062,161.55999755859375,263.1902160644531,33.290000915527344,-0.018789697071700962,-0.00666258998355511,0.014315442998905978,-2.6399993896484375
2020-04-28,139.80503845214844,160.83999633789062,261.9799499511719,33.56999969482422,0.011445517839443902,-0.004466516323334757,-0.00460905182399199,0.279998779296875
2020-04-29,139.07955932617188,161.72999572753906,268.83819580078125,31.229999542236328,-0.005202730937592482,0.005518192454017435,0.025841722098409462,-2.3400001525878906
2020-04-30,137.45555114746094,158.8000030517578,266.3351745605469,34.150001525878906,-0.011745538179592875,-0.018282683683788697,-0.009354125709375462,2.920001983642578
2020-05-01,138.6326446533203,159.77999877929688,259.28436279296875,37.189998626708984,0.008526989968542256,0.0061522933833428935,-0.026830185056536098,3.039997100830078
2020-05-04,137.98057556152344,160.33999633789062,259.9994812011719,35.970001220703125,-0.004714671982390846,0.003498676361159418,0.0027542503720909325,-1.2199974060058594
2020-05-05,137.09732055664062,161.02000427246094,262.4017333984375,33.61000061035156,-0.006421875787433737,0.004232069630406605,0.00919702735385348,-2.3600006103515625
2020-05-06,134.8852081298828,158.9499969482422,260.6229248046875,34.119998931884766,-0.01626693609137283,-0.012938939248234135,-0.006802032846012076,0.5099983215332031
2020-05-07,137.13865661621094,161.38999938964844,263.7678527832031,31.440000534057617,0.01656839952669238,0.015234124108560072,0.011994740635805462,-2.6799983978271484
2020-05-08,135.3556671142578,160.4199981689453,268.1322326660156,27.979999542236328,-0.013086620841491195,-0.006028427741239837,0.016410893519534557,-3.460000991821289
2020-05-11,134.29910278320312,159.4199981689453,268.187255859375,27.56999969482422,-0.007836462439967473,-0.006253147010599243,0.00020518811913289534,-0.4099998474121094
2020-05-12,135.6776123046875,160.0399932861328,262.84185791015625,33.040000915527344,0.01021215108262154,0.0038815245238018456,-0.02013290181359881,5.470001220703125
2020-05-13,136.62689208984375,161.5800018310547,258.1932678222656,35.279998779296875,0.006972221284300616,0.009576645345897673,-0.017844146029654857,2.2399978637695312
2020-05-14,137.96409606933594,163.00999450683594,261.2830810546875,32.61000061035156,0.009739682712791211,0.008811127536123346,0.011896016736780937,-2.6699981689453125
2020-05-15,137.60910034179688,163.92999267578125,262.4842834472656,31.889999389648438,-0.0025764183783620943,0.005627947839551041,0.004586786348128224,-0.720001220703125
2020-05-18,134.58807373046875,162.69000244140625,270.4794616699219,29.299999237060547,-0.022198251503717563,-0.007592898231851983,0.030004960463417118,-2.5900001525878906
2020-05-19,135.0914764404297,164.25999450683594,267.7012634277344,30.530000686645508,0.0037333442178921865,0.009603940342589153,-0.010324498039959103,1.230001449584961
2020-05-20,135.4960174560547,164.64999389648438,272.24896240234375,27.989999771118164,0.002990096188152269,0.0023714668825757603,0.016845280530621003,-2.5400009155273438
2020-05-21,135.83448791503906,162.25,270.3693542480469,29.530000686645508,0.002494895545113791,-0.014683616168536867,-0.006927947747035003,1.5400009155273438
2020-05-22,136.65158081054688,163.2100067138672,270.8828125,28.15999984741211,0.005997336659674795,0.005899400714775776,0.001897298292825097,-1.3700008392333984
2020-05-26,134.8192596435547,160.88999938964844,274.2202453613281,28.010000228881836,-0.013499416657902797,-0.014316858429627,0.012245297531719334,-0.14999961853027344
2020-05-27,134.57154846191406,161.17999267578125,278.30035400390625,27.6200008392334,-0.001839047539876645,0.001800809585778032,0.014769341864708794,-0.3899993896484375
2020-05-28,134.07623291015625,161.72000122070312,277.7869567871094,28.59000015258789,-0.003687475924658689,0.0033447448656947374,-0.0018464631459848022,0.9699993133544922
2020-05-29,135.0337677001953,162.91000366210938,279.02471923828125,27.510000228881836,0.0071163377714789,0.007331471236597383,0.004445899909320464,-1.0799999237060547
2020-06-01,134.12466430664062,163.66000366210938,280.1524353027344,28.229999542236328,-0.00675518016527099,0.004593203918142176,0.0040334895093592565,0.7199993133544922
2020-06-02,133.6370086669922,162.60000610351562,282.4721984863281,26.84000015258789,-0.0036424643855769915,-0.006497892824854574,0.00824626647950627,-1.3899993896484375
2020-06-03,131.85997009277344,159.60000610351562,286.2314453125,25.65999984741211,-0.013386706847894975,-0.01862251139241922,0.013220599592657836,-1.1800003051757812
2020-06-04,129.95077514648438,161.27999877929688,285.4795227050781,25.809999465942383,-0.014584800845484542,0.010471254055873179,-0.0026304307002735167,0.14999961853027344
2020-06-05,129.0250701904297,158.00999450683594,292.7962341308594,24.520000457763672,-0.007148997988115248,-0.02048368991541374,0.025306618231230066,-1.289999008178711
2020-06-08,129.52101135253906,159.72000122070312,296.33544921875,25.809999465942383,0.003836389763995968,0.010764002439043798,0.01201516661154549,1.289999008178711
2020-06-09,130.99215698242188,161.25999450683594,294.1257629394531,27.56999969482422,0.011294333240588627,0.009595645355064148,-0.007484646067602587,1.760000228881836
2020-06-10,132.93441772460938,163.57000732421875,292.4844665527344,27.56999969482422,0.014718455747434807,0.014223142854853236,-0.0055958815143241,0.0
2020-06-11,135.44708251953125,162.38999938964844,275.6231689453125,40.790000915527344,0.018725122336835567,-0.007240232329265166,-0.0593769565623998,13.220001220703125
2020-06-12,134.1411895751953,162.6199951171875,278.92388916015625,36.09000015258789,-0.009688130336071929,0.0014153150353447643,0.011904342999181139,-4.700000762939453
2020-06-15,134.2154998779297,162.3300018310547,281.52783203125,34.400001525878906,0.0005538174195332875,-0.0017848491512042477,0.009292367244962884,-1.6899986267089844
2020-06-16,132.1576385498047,162.25,286.9465637207031,33.66999816894531,-0.015451274716243149,-0.0004929560183834836,0.01906469615692935,-0.7300033569335938
2020-06-17,132.70301818847656,162.55999755859375,285.7546081542969,33.470001220703125,0.004118244032074564,0.0019087937874243815,-0.004162580228691362,-0.1999969482421875
2020-06-18,134.1081085205078,162.24000549316406,285.86474609375,32.939998626708984,0.010532569153429528,-0.0019703951105462295,0.00038535413469662947,-0.5300025939941406
2020-06-19,134.2154998779297,164.02999877929688,284.2309265136719,35.119998931884766,0.000800461530739119,0.010972576221366465,-0.005731753919804727,2.1800003051757812
2020-06-22,134.23207092285156,165.08999633789062,286.0542907714844,31.770000457763672,0.00012345833410592878,0.006441427074830093,0.006394591393140368,-3.3499984741210938
2020-06-23,133.3146209716797,166.47999572753906,287.37127685546875,31.3700008392334,-0.006858268668985659,0.008384398864595731,0.004593406621426795,-0.39999961853027344
2020-06-24,134.7445526123047,165.89999389648438,280.040771484375,33.84000015258789,0.010668877210737391,-0.0034899960158010397,-0.025839822285588517,2.469999313354492
2020-06-25,135.13291931152344,165.8000030517578,283.04302978515625,32.220001220703125,0.0028780984536051165,-0.0006028992986150158,0.01066372978282032,-1.6199989318847656
2020-06-26,136.5792999267578,166.5399932861328,276.3202819824219,34.72999954223633,0.010646516239348317,0.0044532193863769335,-0.02403829990569353,2.509998321533203
2020-06-29,136.1495361328125,166.6300048828125,280.3814697265625,31.780000686645508,-0.0031515856986254844,0.0005403343600226875,0.014590432945958656,-2.9499988555908203
2020-06-30,135.48834228515625,167.3699951171875,283.9729919433594,30.43000030517578,-0.004868210260919963,0.004431086497931087,0.012728067011972533,-1.3500003814697266
2020-07-01,135.2252655029297,166.6199951171875,285.9622497558594,28.6200008392334,-0.0019435806510842534,-0.004491160110102202,0.006980673399223523,-1.8099994659423828
2020-07-02,135.36585998535156,166.97999572753906,287.5370178222656,27.68000030517578,0.0010391656032331762,0.0021582779375089872,0.0054918013442495665,-0.9400005340576172
2020-07-06,134.81150817871094,167.97999572753906,291.97576904296875,27.940000534057617,-0.004103619694970517,0.005970880083946397,0.015319206503951016,0.26000022888183594
2020-07-07,136.70645141601562,169.0399932861328,288.96441650390625,29.43000030517578,0.01395836950878552,0.0062904343270385864,-0.010367261847757934,1.489999771118164
2020-07-08,136.16021728515625,170.08999633789062,291.1745910644531,28.079999923706055,-0.004003675957277158,0.006192353605402356,0.007619502307818154,-1.3500003814697266
2020-07-09,138.3282470703125,169.6300048828125,289.5169677734375,29.260000228881836,0.01579720208886489,-0.002708063902871328,-0.005709150643646434,1.1800003051757812
2020-07-10,137.63319396972656,169.19000244140625,292.47314453125,27.290000915527344,-0.005037331068401309,-0.0025972650920347735,0.010158942976532253,-1.9699993133544922
2020-07-13,138.0883026123047,169.39999389648438,289.9405517578125,32.189998626708984,0.003301222875525073,0.0012403879870823364,-0.008696940860598598,4.899997711181641
2020-07-14,138.28689575195312,170.19000244140625,293.6979675292969,29.520000457763672,0.001437127318253774,0.004652728164010819,0.012876009925703548,-2.6699981689453125
2020-07-15,137.64141845703125,170.33999633789062,296.3962097167969,27.760000228881836,-0.004678595411202811,0.0008809438623464781,0.009145187656546728,-1.760000228881836
2020-07-16,138.2951202392578,168.72999572753906,295.4200744628906,28.0,0.004738067732840442,-0.009496639325154646,-0.0032987809399245473,0.23999977111816406
2020-07-17,138.0055389404297,170.1199951171875,296.27655029296875,25.68000030517578,-0.0020961325660052285,0.008204262794308569,0.0028949850055473925,-2.3199996948242188
2020-07-20,138.34474182128906,170.94000244140625,298.6708679199219,24.459999084472656,0.0024548775580958662,0.004808590336846309,0.008048881228366708,-1.220001220703125
2020-07-21,138.42750549316406,173.0,299.3063049316406,24.84000015258789,0.0005980633907118381,0.011978962477666387,0.002125289324573771,0.3800010681152344
2020-07-22,138.8412628173828,175.6300048828125,301.0099792480469,24.31999969482422,0.0029845238889643086,0.015087942737564556,0.005675937618675506,-0.5200004577636719
2020-07-23,140.463134765625,177.17999267578125,297.4184265136719,26.079999923706055,0.011613781895792808,0.008786586410813348,-0.012003427053075897,1.760000228881836
2020-07-24,140.45484924316406,178.6999969482422,295.5029602050781,25.84000015258789,-5.8988907332336005e-05,0.008542281441677423,-0.006461136383771466,-0.23999977111816406
2020-07-27,139.9335174560547,182.22999572753906,297.6579284667969,24.739999771118164,-0.0037186449210311386,0.019561196964697856,0.007266081712391342,-1.1000003814697266
2020-07-28,140.9016876220703,183.75,295.7700500488281,25.440000534057617,0.006894961771982207,0.008306536040413818,-0.006362641652436828,0.7000007629394531
2020-07-29,140.6616973876953,185.1300048828125,299.4076232910156,24.100000381469727,-0.001704698162257331,0.007482169283186,0.012223639084810223,-1.3400001525878906
2020-07-30,141.5884246826172,183.75999450683594,298.3393249511719,24.760000228881836,0.006566733210354497,-0.007427778888433271,-0.003574420514934109,0.6599998474121094
2020-07-31,141.4974822998047,185.42999267578125,300.69683837890625,24.459999084472656,-0.0006425073357444287,0.00904688435302792,0.007871062695086698,-0.3000011444091797
2020-08-03,140.7849884033203,185.63999938964844,302.7873229980469,24.280000686645508,-0.005048102404440704,0.0011318982444248418,0.0069280790269716655,-0.17999839782714844
2020-08-04,142.1269989013672,189.58999633789062,303.9568176269531,23.760000228881836,0.009487194775051432,0.021054515412853636,0.0038549892744484462,-0.5200004577636719
2020-08-05,140.88441467285156,191.35000610351562,305.84478759765625,22.989999771118164,-0.008781216258571162,0.009240417270834574,0.0061920991578796455,-0.7700004577636719
2020-08-06,141.6714324951172,193.88999938964844,307.8891296386719,22.649999618530273,0.005570720729666972,0.013186741026147062,0.00666200626900562,-0.3400001525878906
2020-08-07,140.72698974609375,190.80999755859375,308.1102294921875,22.209999084472656,-0.006688750331351198,-0.016012829047696152,0.0007178574449244417,-0.4400005340576172
2020-08-10,140.09744262695312,190.14999389648438,309.03118896484375,22.1299991607666,-0.004483571236578796,-0.0034649534714480275,0.002984600056839991,-0.07999992370605469
2020-08-11,138.4324188232422,179.94000244140625,306.4803161621094,24.030000686645508,-0.011955943458550842,-0.0551897267189793,-0.008288674982254706,1.9000015258789062
2020-08-12,137.17318725585938,179.10000610351562,310.7532653808594,22.280000686645508,-0.009137987777056874,-0.004679132411383586,0.013845706416332329,-1.75
2020-08-13,135.70700073242188,183.3300018310547,310.1914367675781,22.1299991607666,-0.010746112744141978,0.023343474417206588,-0.0018095935584999513,-0.15000152587890625
2020-08-14,135.17681884765625,182.5399932861328,310.2006530761719,22.049999237060547,-0.003914464603953714,-0.004318527254207777,2.9711238248517137e-05,-0.07999992370605469
2020-08-17,135.5164337158203,186.5,311.1860656738281,21.350000381469727,0.002509224320431435,0.02146194877539166,0.00317165911011133,-0.6999988555908203
2020-08-18,136.4856719970703,188.17999267578125,311.8583984375,21.510000228881836,0.007126727059899225,0.008967673573403242,0.002158218436633707,0.15999984741210938
2020-08-19,135.6324005126953,182.24000549316406,310.55987548828125,22.540000915527344,-0.00627135326287973,-0.03207438281593019,-0.004172515131844283,1.0300006866455078
2020-08-20,136.85848999023438,183.5,311.52679443359375,22.719999313354492,0.008999183421267076,0.006890137653281628,0.0031086334773698762,0.17999839782714844
2020-08-21,137.6785125732422,182.02999877929688,312.6319885253906,22.540000915527344,0.0059738761190048315,-0.008043165542872153,0.003541391315904486,-0.17999839782714844
2020-08-24,137.45486450195312,181.0,315.79986572265625,22.3700008392334,-0.0016257432880430627,-0.005674470685927035,0.010081933336593301,-0.1700000762939453
2020-08-25,136.40284729003906,181.22000122070312,316.9049072265625,22.030000686645508,-0.007682985298611992,0.0012147382641175607,0.003493075047810559,-0.3400001525878906
2020-08-26,135.88095092773438,183.36000061035156,320.0821533203125,23.270000457763672,-0.0038334781933432897,0.011739667325137685,0.009975940298619548,1.239999771118164
2020-08-27,133.56973266601562,181.24000549316406,320.7818908691406,24.469999313354492,-0.017155458023845375,-0.011629286747359606,0.002183732519374713,1.1999988555908203
2020-08-28,133.47032165527344,184.38999938964844,322.85406494140625,22.959999084472656,-0.0007445401071920917,0.01723092629924,0.006438985308408925,-1.510000228881836
2020-08-31,134.356689453125,184.8300018310547,321.6844787597656,26.40999984741211,0.006618981634674273,0.00238341719432408,-0.003629224277786869,3.450000762939453
2020-09-01,135.8934326171875,185.0500030517578,324.71435546875,26.1200008392334,0.011372869814539001,0.001189581722410416,0.009374704094716003,-0.28999900817871094
2020-09-02,137.18719482421875,182.6199951171875,329.4110412597656,26.56999969482422,0.009475383874343605,-0.013218610873058246,0.014360446873722848,0.4499988555908203
2020-09-03,137.576904296875,181.13999938964844,318.0745544433594,33.599998474121094,0.00283668598065451,-0.008137254873336977,-0.03502053325225458,7.029998779296875
2020-09-04,134.96453857421875,181.63999938964844,315.47760009765625,30.75,-0.019170998027011034,0.0027564932922231992,-0.008198121881549234,-2.8499984741210938
2020-09-08,135.79393005371094,181.2899932861328,306.85772705078125,31.459999084472656,0.006126449731005172,-0.0019287808618004912,-0.02770347098669467,0.7099990844726562
2020-09-09,135.4290313720703,183.0500030517578,312.9175109863281,28.809999465942383,-0.0026907670345079045,0.009661434230238847,0.019555402263474644,-2.6499996185302734
2020-09-10,136.11732482910156,182.4600067138672,307.4840393066406,29.709999084472656,0.005069447005028509,-0.0032283485242562797,-0.017516431426251818,0.8999996185302734
2020-09-11,136.40762329101562,182.4499969482422,307.64056396484375,26.8700008392334,0.002130436671696546,-5.4861557792618405e-05,0.0005089201789328281,-2.839998245239258
2020-09-14,136.3993377685547,183.88999938964844,311.6925964355469,25.850000381469727,-6.0742749608030144e-05,0.00786160327773618,0.013085332894732234,-1.0200004577636719
2020-09-15,136.06764221191406,183.4499969482422,313.2674255371094,25.59000015258789,-0.0024347590340922346,-0.0023956152677241513,0.0050397861607389734,-0.26000022888183594
2020-09-16,135.66119384765625,183.97000122070312,312.0241394042969,26.040000915527344,-0.0029915755227044646,0.0028305733071044763,-0.003976665737875619,0.4500007629394531
2020-09-17,136.075927734375,182.9600067138672,309.27984619140625,26.459999084472656,0.003052466341952018,-0.005505121062685115,-0.008834036554057723,0.4199981689453125
2020-09-18,135.65298461914062,183.1999969482422,305.71917724609375,25.829999923706055,-0.0031129808979146177,0.001310849171618332,-0.01157955897782666,-0.6299991607666016
2020-09-21,136.34127807617188,179.52000427246094,302.3166198730469,27.780000686645508,0.005061098858584646,-0.020291789448272826,-0.011192080817873252,1.9500007629394531
2020-09-22,136.23345947265625,178.64999389648438,305.3955993652344,26.860000610351562,-0.0007911122660043081,-0.004858095828927072,0.010133104915203072,-0.9200000762939453
2020-09-23,136.41598510742188,174.7899932861328,298.3131408691406,28.579999923706055,0.001338903604326053,-0.021843335368817322,-0.023464240189052583,1.7199993133544922
2020-09-24,136.93841552734375,175.44000244140625,299.10821533203125,28.510000228881836,0.0038223716522614065,0.0037119030895910897,0.002661689020774774,-0.06999969482421875
2020-09-25,136.93841552734375,174.94000244140625,303.9439392089844,26.3799991607666,0.0,-0.0028540460781505306,0.016037841804431838,-2.1300010681152344
2020-09-28,136.54861450195312,176.6999969482422,308.9923095703125,26.190000534057617,-0.0028506016486910426,0.010010290107421884,0.016473114562311618,-0.18999862670898438
2020-09-29,136.70616149902344,178.19000244140625,307.3094787597656,26.270000457763672,0.001153114443839842,0.008397048385655496,-0.005461074508340449,0.07999992370605469
2020-09-30,135.3958282470703,177.1199951171875,309.6395263671875,26.3700008392334,-0.009631266439304134,-0.006022969047958764,0.007553488753498309,0.10000038146972656
2020-10-01,135.61917114257812,178.6999969482422,311.62738037109375,26.700000762939453,0.001648196199996172,0.008880963695329078,0.0063993776788368595,0.3299999237060547
2020-10-02,135.11276245117188,178.5399932861328,308.6686706542969,27.6299991607666,-0.003741038416108673,-0.0008957769408936138,-0.009539742032535617,0.9299983978271484
2020-10-05,132.4727325439453,179.41000366210938,314.142333984375,27.959999084472656,-0.019732875077463997,0.004861081696310086,0.017577737788388444,0.3299999237060547
2020-10-06,133.186767578125,177.3000030517578,309.676513671875,29.479999542236328,0.005375578537920811,-0.011830479550692698,-0.014317927780644744,1.5200004577636719
2020-10-07,132.21533203125,177.22000122070312,315.06689453125,28.059999465942383,-0.00732051394140469,-0.00045132478533539146,0.017256731505679607,-1.4200000762939453
2020-10-08,132.9293670654297,177.85000610351562,317.8591613769531,26.360000610351562,0.0053860157321006415,0.0035486272055745486,0.008823416053319329,-1.6999988555908203
2020-10-09,132.9044647216797,181.0800018310547,320.6977844238281,25.0,-0.0001873527056765213,0.017998399966815504,0.008890802187922963,-1.3600006103515625
2020-10-12,133.32786560058594,180.55999755859375,325.8570251464844,25.06999969482422,0.0031806898534705295,-0.002875813691634357,0.01595951388288332,0.06999969482421875
2020-10-13,134.28265380859375,177.72000122070312,323.7303771972656,26.06999969482422,0.007135685558538611,-0.01585383405158326,-0.006547711791941585,1.0
2020-10-14,134.58975219726562,178.27000427246094,321.6961975097656,26.399999618530273,0.002284343914470615,0.0030899939936110464,-0.006303386016301902,0.3299999237060547
2020-10-15,134.35726928710938,178.9199981689453,321.2987060546875,26.969999313354492,-0.0017288383918770613,0.003639489400711449,-0.001236375291652248,0.5699996948242188
2020-10-16,133.9836883544922,178.3000030517578,321.1045227050781,27.40999984741211,-0.002784376840995523,-0.0034712263457632483,-0.0006045528628444366,0.4400005340576172
2020-10-19,133.47732543945312,178.38999938964844,316.22265625,29.18000030517578,-0.003786447324347996,0.0005046193567768562,-0.015320112179288782,1.7700004577636719
2020-10-20,132.20712280273438,179.25,317.4893493652344,29.350000381469727,-0.009561811561100144,0.004809318137998378,0.003997698610697526,0.1700000762939453
2020-10-21,131.7505645751953,180.60000610351562,316.88824462890625,28.649999618530273,-0.0034593323450907427,0.00750319529892231,-0.0018951013463276904,-0.7000007629394531
2020-10-22,130.3806915283203,178.8300018310547,318.6265563964844,28.110000610351562,-0.010451905185907065,-0.009849030639627157,0.005470576295015004,-0.5399990081787109
2020-10-23,131.1776885986328,178.63999938964844,319.7083740234375,27.549999237060547,0.006094238208791146,-0.0010630400237792174,0.003389501689861876,-0.5600013732910156
2020-10-26,132.39810180664062,178.5500030517578,313.80029296875,32.459999084472656,0.009260500956386943,-0.0005039129828936211,-0.018652475187637466,4.909999847412109
2020-10-27,133.2863311767578,179.02000427246094,312.7183837890625,33.349998474121094,0.006686373524838727,0.002628864176270774,-0.0034537206798706103,0.8899993896484375
2020-10-28,133.41087341308594,176.1300048828125,302.03009033203125,40.279998779296875,0.0009339598858760641,-0.01627516884164325,-0.03477640396230459,6.930000305175781
2020-10-29,132.1157684326172,175.39999389648438,305.0997314453125,37.59000015258789,-0.00975506820542598,-0.004153341326592121,0.010112062231182828,-2.6899986267089844
2020-10-30,130.8124237060547,176.1999969482422,301.91900634765625,38.02000045776367,-0.00991415482283188,0.004550651041840146,-0.01047992100020278,0.43000030517578125
2020-11-02,131.79225158691406,177.91000366210938,305.3031921386719,37.130001068115234,0.007462414191872473,0.00965812884851217,0.0111465649268072,-0.8899993896484375
2020-11-03,131.0276641845703,178.9199981689453,310.6935729980469,35.54999923706055,-0.0058183532787300166,0.0056609432999779495,0.01750177519974052,-1.5800018310546875
2020-11-04,133.8699951171875,178.82000732421875,317.6372375488281,29.56999969482422,0.0214606654356367,-0.0005590140649358909,0.02210283856038392,-5.979999542236328
2020-11-05,134.1026611328125,182.92999267578125,323.8320617675781,27.579999923706055,0.0017364911580609963,0.022723771699055755,0.01931508434576329,-1.989999771118164
2020-11-06,132.4820556640625,183.19000244140625,323.7580871582031,24.860000610351562,-0.012158427177105038,0.0014203529597109255,-0.00022846119515390688,-2.719999313354492
2020-11-09,129.69790649414062,175.0800018310547,327.8263854980469,25.75,-0.0212392572523588,-0.045280856143465276,0.01248756340187315,0.8899993896484375
2020-11-10,128.94993591308594,175.66000366210938,327.3455505371094,24.799999237060547,-0.005783714715303074,0.0033073065556014952,-0.001467813319893562,-0.9500007629394531
2020-11-11,129.41537475585938,174.89999389648438,329.7773132324219,23.450000762939453,0.0036029554050259712,-0.00433598220930235,0.007401275865287538,-1.3499984741210938
2020-11-12,131.61773681640625,175.9600067138672,326.5781555175781,25.350000381469727,0.016874597307773916,0.006042387508780373,-0.009748324503227879,1.8999996185302734
2020-11-13,131.4431610107422,177.16000366210938,331.0995178222656,23.100000381469727,-0.0013272655323102228,0.006796565090032186,0.013749694476753501,-2.25
2020-11-16,131.1273651123047,177.14999389648438,335.23248291015625,22.450000762939453,-0.002405418882062986,-5.650286865533134e-05,0.012405281707599749,-0.6499996185302734
2020-11-17,131.9833984375,176.5,333.429443359375,22.709999084472656,0.006507041628614587,-0.0036759204841880807,-0.005392991136367724,0.2599983215332031
2020-11-18,132.3656463623047,175.49000549316406,329.4166259765625,23.84000015258789,0.0028919960086068127,-0.005738783845972931,-0.012107988846038545,1.1300010681152344
2020-11-19,133.04718017578125,175.16000366210938,330.8035583496094,23.110000610351562,0.005135662208353183,-0.0018822296869570197,0.004201429905209009,-0.7299995422363281
2020-11-20,134.22726440429688,175.69000244140625,328.538330078125,23.700000762939453,0.008830562898195784,0.003021229432643738,-0.006871206649168574,0.5900001525878906
2020-11-23,133.61233520507812,172.22999572753906,330.50775146484375,22.65999984741211,-0.004591780159234226,-0.019890324232127853,0.0059765995250985245,-1.0400009155273438
2020-11-24,132.2825469970703,169.58999633789062,335.83343505859375,21.639999389648438,-0.010002443702270351,-0.015447030279527764,0.015985195288559295,-1.0200004577636719
2020-11-25,131.8753662109375,169.50999450683594,335.3156433105469,21.25,-0.0030828613360559904,-0.0004718480371509017,-0.001543001003703062,-0.3899993896484375
2020-11-27,133.1551971435547,167.7899932861328,336.2494812011719,20.84000015258789,0.009658062562749838,-0.010198732236165305,0.0027810809657348645,-0.4099998474121094
2020-11-30,132.9889678955078,166.6699981689453,334.7608947753906,20.56999969482422,-0.0012491671169125368,-0.006697358920117144,-0.004436857971395447,-0.2700004577636719
2020-12-01,131.02816772460938,170.17999267578125,338.42230224609375,20.770000457763672,-0.014853855741251094,0.02084085881536413,0.010878000495656901,0.20000076293945312
2020-12-02,129.98826599121094,171.4600067138672,339.13421630859375,21.170000076293945,-0.007968136110348925,0.007493385024315116,0.002101416796934188,0.39999961853027344
2020-12-03,131.0364532470703,172.80999755859375,339.0417175292969,21.280000686645508,0.0080313687774139,0.007842668530553789,-0.0002727869723922999,0.1100006103515625
2020-12-04,129.11473083496094,172.32000732421875,341.9635009765625,20.790000915527344,-0.014774158143567126,-0.00283945502654119,0.008580848709104538,-0.48999977111816406
2020-12-07,130.27938842773438,174.88999938964844,341.2607421875,21.299999237060547,0.008979890696216943,0.014803945459514797,-0.002057184135176336,0.5099983215332031
2020-12-08,130.8950653076172,175.5,342.2593994140625,20.68000030517578,0.00471468791476465,0.003481841534737405,0.0029221024411184974,-0.6199989318847656
2020-12-09,130.46238708496094,172.5,339.18975830078125,22.270000457763672,-0.003311010372769446,-0.017241806434506103,-0.009009217609390822,1.5900001525878906
2020-12-10,131.6188201904297,172.1699981689453,339.0787353515625,22.520000457763672,0.00882505558400806,-0.0019148863181888906,-0.00032737168613700406,0.25
2020-12-11,132.08468627929688,172.49000549316406,338.68121337890625,23.309999465942383,0.003533260363178629,0.001856945469586849,-0.0011730466486981593,0.7899990081787109
2020-12-14,131.71868896484375,171.5399932861328,337.16473388671875,24.719999313354492,-0.0027747753336642435,-0.005522859199322822,-0.004487655932127391,1.4099998474121094
2020-12-15,131.27777099609375,173.94000244140625,341.72320556640625,22.889999389648438,-0.0033530366295688625,0.013893989774039692,0.013429433414484935,-1.8299999237060547
2020-12-16,130.92831420898438,174.89999389648438,342.2593994140625,22.5,-0.0026655139886822073,0.005503920929853093,0.0015678584618682016,-0.3899993896484375
2020-12-17,130.5818634033203,176.74000549316406,344.1732482910156,21.93000030517578,-0.0026496177817223066,0.01046541004295572,0.005576231965389037,-0.5699996948242188
2020-12-18,130.1904754638672,176.44000244140625,342.79913330078125,21.56999969482422,-0.0030017618819476095,-0.0016988680965652808,-0.004000500921629846,-0.3600006103515625
2020-12-21,130.70675659179688,175.8800048828125,341.5733642578125,25.15999984741211,0.00395774073774708,-0.0031789169989821435,-0.0035821730361557235,3.5900001525878906
2020-12-22,131.38131713867188,174.49000549316406,340.9977111816406,24.229999542236328,0.005147598109306106,-0.007934507183398202,-0.001686720206478779,-0.9300003051757812
2020-12-23,130.4735870361328,175.64999389648438,341.30413818359375,23.309999465942383,-0.006933104739485444,0.006625879072275585,0.0008982154242733132,-0.9200000762939453
2020-12-24,130.98992919921875,176.35000610351562,342.6318664550781,21.530000686645508,0.003949635817255475,0.003977347328631379,0.003882614544062027,-1.779998779296875
2020-12-28,131.0482177734375,175.7100067138672,345.5754089355469,21.700000762939453,0.0004448861805317797,-0.003635744312567208,0.00855428454587383,0.1700000762939453
2020-12-29,130.8816375732422,176.35000610351562,344.91607666015625,23.079999923706055,-0.0012719452880485646,0.003635744312567162,-0.0019097483156116464,1.3799991607666016
2020-12-30,131.1648406982422,177.6999969482422,345.4082946777344,22.770000457763672,0.002161473316700989,0.007626026694655132,0.0014260487429680734,-0.3099994659423828
2020-12-31,131.3563995361328,178.36000061035156,347.1632995605469,22.75,0.001459378080934283,0.0037072651943418997,0.00506809304319145,-0.020000457763671875
2021-01-04,131.19815063476562,182.3300018310547,342.4369812011719,26.969999313354492,-0.001205455555252065,0.02201425891234798,-0.013707628888527609,4.219999313354492
2021-01-05,130.2238006591797,182.8699951171875,344.79547119140625,25.34000015258789,-0.007454266808844643,0.0029572490918935946,0.006863759827669173,-1.6299991607666016
2021-01-06,127.550537109375,179.89999389648438,346.8568115234375,25.06999969482422,-0.020741858280052195,-0.016374384156319522,0.0059606437705866915,-0.2700004577636719
2021-01-07,126.42625427246094,179.47999572753906,352.01025390625,22.3700008392334,-0.008853487553926419,-0.0023373497260989994,0.01474825771112218,-2.6999988555908203
2021-01-08,126.01819610595703,173.33999633789062,354.01580810546875,21.559999465942383,-0.0032328579320275684,-0.03480879472366203,0.005681262212608167,-0.8100013732910156
2021-01-11,125.80998229980469,173.0,351.6295166015625,24.079999923706055,-0.0016536183910505291,-0.001963368081678198,-0.00676345613570289,2.520000457763672
2021-01-12,125.70999908447266,174.1199951171875,351.7038269042969,23.329999923706055,-0.0007950320292501037,0.006453094143516468,0.00021130891545812603,-0.75
2021-01-13,127.12577819824219,173.3699951171875,352.65093994140625,22.209999084472656,0.011199316226195908,-0.004316677807613859,0.002689308435219884,-1.1200008392333984
2021-01-14,125.9349136352539,173.27999877929688,351.41595458984375,23.25,-0.009411760831250266,-0.0005192346256867747,-0.0035081513638780437,1.0400009155273438
2021-01-15,126.43463897705078,171.1300048828125,348.8531799316406,24.34000015258789,0.003960271671084487,-0.012485246085867416,-0.007319431839500459,1.0900001525878906
2021-01-19,126.8426742553711,172.5800018310547,351.59228515625,23.239999771118164,0.003222046429007774,0.008437377567923208,0.007821077652834687,-1.1000003814697266
2021-01-20,126.96759033203125,175.38999938964844,356.4579162597656,21.579999923706055,0.000984326516101549,0.016151154600027997,0.01374396246274394,-1.6599998474121094
2021-01-21,126.0764389038086,175.27999877929688,356.7829895019531,21.31999969482422,-0.007043478679368708,-0.0006273739671711188,0.0009115384775892055,-0.26000022888183594
2021-01-22,126.48451232910156,173.89999389648438,355.5201110839844,21.90999984741211,0.0032314875154699782,-0.007904302060517928,-0.0035459055005022696,0.5900001525878906
2021-01-25,127.97520446777344,174.0500030517578,356.9222412109375,23.190000534057617,0.011716661567776166,0.0008622455288576803,0.0039361274149817575,1.2800006866455078
2021-01-26,127.73365783691406,173.6199951171875,356.3650817871094,23.020000457763672,-0.001889232156651224,-0.002473656951145883,-0.0015622303079817531,-0.1700000762939453
2021-01-27,128.0584716796875,172.52000427246094,347.6554260253906,37.209999084472656,0.002539671708999608,-0.006355778295441206,-0.024743881865531805,14.189998626708984
2021-01-28,127.3506088256836,172.67999267578125,350.64520263671875,30.209999084472656,-0.005542987469428248,0.000926931727635592,0.008563059397671028,-7.0
2021-01-29,126.58450317382812,172.61000061035156,343.6254577636719,33.09000015258789,-0.00603388771386112,-0.0004054103376829626,-0.020222614900226348,2.8800010681152344
2021-02-01,126.731201171875,174.22999572753906,349.3453063964844,30.239999771118164,0.0011582228178483194,0.00934152297824149,0.016508571016193276,-2.8500003814697266
2021-02-02,125.91407775878906,172.11000061035156,354.28509521484375,25.559999465942383,-0.006468565458564957,-0.012242430084677477,0.014041093063456599,-4.680000305175781
2021-02-03,124.79688262939453,171.85000610351562,354.5638122558594,22.90999984741211,-0.00891227509503188,-0.0015117720158050482,0.0007863934117460112,-2.6499996185302734
2021-02-04,124.4633560180664,168.14999389648438,358.59356689453125,21.770000457763672,-0.0026761332829420116,-0.021765636924135134,0.011301285371497122,-1.1399993896484375
2021-02-05,123.42115020751953,169.80999755859375,360.0049133300781,20.8700008392334,-0.008408851101671413,0.009823748692690917,0.0039280579881527024,-0.8999996185302734
2021-02-08,123.96308898925781,171.52000427246094,362.60491943359375,21.239999771118164,0.004381359543623916,0.01001975221091292,0.00719618584123421,0.3699989318847656
2021-02-09,124.05480194091797,172.0800018310547,362.36346435546875,21.6299991607666,0.00073956725860767,0.0032595928083516256,-0.0006661120469583977,0.3899993896484375
2021-02-10,124.88019561767578,172.7100067138672,362.2055358886719,21.989999771118164,0.006631423541310213,0.003654430629279855,-0.0004359238919814999,0.3600006103515625
2021-02-11,124.1966323852539,171.2100067138672,362.7905578613281,21.25,-0.005488787969820043,-0.008723013798522866,0.001613862763334387,-0.7399997711181641
2021-02-12,122.65408325195312,170.69000244140625,364.582763671875,19.969999313354492,-0.012497992627579066,-0.003041852351548402,0.004927894340738531,-1.2800006866455078
2021-02-16,120.78652954101562,168.24000549316406,364.2669677734375,21.459999084472656,-0.015343293192835197,-0.014457496034195686,-0.0008665597435918663,1.489999771118164
2021-02-17,121.55355834960938,166.3300018310547,364.3504943847656,21.5,0.006330206253550923,-0.011417786234196115,0.00022927425166725563,0.04000091552734375
2021-02-18,121.0616455078125,166.32000732421875,362.7998962402344,22.489999771118164,-0.004055092245257968,-6.0090224343136566e-05,-0.004264868766777504,0.9899997711181641
2021-02-19,119.4525146484375,167.00999450683594,362.1591796875,22.049999237060547,-0.01338095742748981,0.004139970385631239,-0.001767594174154142,-0.4400005340576172
2021-02-22,118.54364013671875,169.50999450683594,359.3735046386719,23.450000762939453,-0.007637761465780416,0.014858231751961605,-0.0077215875321144335,1.4000015258789062
2021-02-23,118.20182037353516,169.1199951171875,359.8099060058594,23.110000610351562,-0.0028876583311955146,-0.0023033964742125187,0.0012136025783979164,-0.3400001525878906
2021-02-24,117.42646026611328,169.0,363.77471923828125,21.34000015258789,-0.006581238074589192,-0.0007097783269727351,0.0109589197296458,-1.7700004577636719
2021-02-25,115.5088119506836,165.82000732421875,355.0093688964844,28.889999389648438,-0.016465446573221573,-0.018995808065307287,-0.02439059246069169,7.549999237060547
2021-02-26,119.32740783691406,161.80999755859375,353.18017578125,27.950000762939453,0.03252422050488783,-0.024480114534154506,-0.005165840689929584,-0.9399986267089844
2021-03-01,117.75142669677734,161.52999877929688,361.74127197265625,23.350000381469727,-0.013295192357861732,-0.0017319159550744983,0.023950898290353174,-4.600000381469727
2021-03-02,117.75975799560547,162.41000366210938,358.91851806640625,24.100000381469727,7.075077001108807e-05,0.005433148366520264,-0.007833844432776892,0.75
2021-03-03,116.4825668334961,160.6199951171875,354.16448974609375,26.670000076293945,-0.010904979019722842,-0.011082728374520621,-0.013333928040214826,2.5699996948242188
2021-03-04,115.73131561279297,159.0399932861328,349.7817077636719,28.56999969482422,-0.0064703611493913005,-0.00988559566723337,-0.01245219770947076,1.8999996185302734
2021-03-05,115.95663452148438,159.13999938964844,356.2165222167969,24.65999984741211,0.001945021133767224,0.0006286134207733884,0.01822948663953003,-3.9099998474121094
2021-03-08,115.05516052246094,157.49000549316406,354.4430847167969,25.469999313354492,-0.007804610796825673,-0.010422315048141234,-0.004990972229257013,0.8099994659423828
2021-03-09,116.64950561523438,160.83999633789062,359.5035400390625,24.030000686645508,0.013762090187506525,0.02104806019448947,0.0141762420179031,-1.4399986267089844
2021-03-10,116.88323211669922,161.66000366210938,361.74127197265625,22.559999465942383,0.0020016600822053,0.005085327698430273,0.006205213754286255,-1.470001220703125
2021-03-11,116.04013061523438,161.52000427246094,365.4090881347656,21.90999984741211,-0.007239335493672309,-0.0008663865026826478,0.010088277391964598,-0.6499996185302734
2021-03-12,113.57759094238281,161.49000549316406,365.90118408203125,20.690000534057617,-0.02144986086078735,-0.00018574519969141986,0.0013457927236434671,-1.2199993133544922
2021-03-15,114.24542236328125,162.1999969482422,368.083251953125,20.030000686645508,0.005862738132397001,0.004386867610048303,0.005945832615790384,-0.6599998474121094
2021-03-16,113.78630065917969,162.35000610351562,367.6189880371094,19.790000915527344,-0.004026828534358743,0.0009244132771239594,-0.001262097496532173,-0.23999977111816406
2021-03-17,112.934814453125,163.50999450683594,368.8725891113281,19.229999542236328,-0.007511344579039812,0.0071195808075622735,0.003404254233923244,-0.5600013732910156
2021-03-18,111.79117584228516,162.55999755859375,363.5054626464844,21.579999923706055,-0.010178159475453719,-0.0058269675795917875,-0.014656972680132755,2.3500003814697266
2021-03-19,112.48406219482422,163.24000549316406,362.8329772949219,20.950000762939453,0.006178912688492976,0.004174394816826358,-0.001851714040553171,-0.6299991607666016
2021-03-22,113.74452209472656,163.0,365.7301940917969,18.8799991607666,0.011143357033377219,-0.0014713433816878438,0.007953276208574974,-2.0700016021728516
2021-03-23,114.77132415771484,161.80999755859375,362.8515930175781,20.299999237060547,0.008986763853454817,-0.007327408483150656,-0.007901970935121749,1.4200000762939453
2021-03-24,115.38899230957031,162.3699951171875,361.0069885253906,21.200000762939453,0.005367299143010577,0.003454859203276189,-0.005096599065257956,0.9000015258789062
2021-03-25,114.47915649414062,161.77999877929688,363.0379333496094,19.809999465942383,-0.007916195188286046,-0.0036402714825327686,0.005610011449252395,-1.3900012969970703
2021-03-26,114.07843780517578,162.24000549316406,368.88824462890625,18.860000610351562,-0.0035065043520610367,0.002839374216722469,0.015986409694034878,-0.9499988555908203
2021-03-29,113.11015319824219,160.30999755859375,368.7019348144531,20.739999771118164,-0.00852411175800686,-0.011967328788777756,-0.0005051851925579989,1.8799991607666016
2021-03-30,113.7027816772461,157.57000732421875,367.7237854003906,19.610000610351562,0.0052257145559893355,-0.01723957501602924,-0.0026564797030745003,-1.1299991607666016
2021-03-31,113.0683822631836,159.9600067138672,369.21429443359375,19.399999618530273,-0.005595077063782278,0.015053975494509144,0.004045146007374919,-0.21000099182128906
2021-04-01,114.94501495361328,161.97999572753906,373.201416015625,17.329999923706055,0.016461094731331654,0.012549018493591777,0.010741044023449562,-2.0699996948242188
2021-04-05,114.44347381591797,161.9199981689453,378.5580139160156,17.90999984741211,-0.004372860552745366,-0.00037046965366193687,0.014251071138218867,0.5799999237060547
2021-04-06,115.22083282470703,163.22000122070312,378.3344421386719,18.1200008392334,0.006769549773006581,0.007996616729269289,-0.0005907623521875835,0.21000099182128906
2021-04-07,114.41836547851562,162.75999450683594,378.7723693847656,17.15999984741211,-0.006988968943808386,-0.0028223021365765604,0.00115684415532326,-0.9600009918212891
2021-04-08,115.36289978027344,164.50999450683594,380.5702209472656,16.950000762939453,0.008221206551706887,0.010694635856861524,0.004735293251886332,-0.20999908447265625
2021-04-09,114.94501495361328,163.27000427246094,383.3371276855469,16.690000534057617,-0.0036289268281596613,-0.007566026934120144,0.007244121537002965,-0.26000022888183594
2021-04-12,114.89488220214844,162.27999877929688,383.476806640625,16.90999984741211,-0.00043624064298910837,-0.006082067490100263,0.0003643099071895843,0.2199993133544922
2021-04-13,115.75581359863281,163.42999267578125,384.6133117675781,16.649999618530273,0.0074652746381179,0.007061488473290135,0.0029593036783709735,-0.26000022888183594
2021-04-14,115.38801574707031,162.72000122070312,383.2998352050781,16.989999771118164,-0.0031824181767549707,-0.0043537794872208335,-0.0034209020866459716,0.3400001525878906
2021-04-15,117.31900024414062,165.35000610351562,387.41748046875,16.56999969482422,0.016596223455565783,0.0160335365383925,0.010685330037290773,-0.4200000762939453
2021-04-16,116.4078369140625,166.35000610351562,388.7123107910156,16.25,-0.007796861986700436,0.0060295628147861114,0.0033366365732670515,-0.31999969482421875
2021-04-19,116.07350158691406,165.88999938964844,386.8025207519531,17.290000915527344,-0.0028762356565309546,-0.0027691247303623773,-0.004925228563023394,1.0400009155273438
2021-04-20,116.60839080810547,166.47999572753906,383.9705505371094,18.68000030517578,0.004597608846077999,0.003550241996940974,-0.007348422159582476,1.3899993896484375
2021-04-21,116.84251403808594,168.1300048828125,387.60382080078125,17.5,0.0020057605570301825,0.009862362310853667,0.009417879217993499,-1.1800003051757812
2021-04-22,117.35242462158203,167.0399932861328,384.0637512207031,18.709999084472656,0.004354589319281479,-0.00650425423162094,-0.009175179943135731,1.2099990844726562
2021-04-23,117.07650756835938,166.39999389648438,388.2278747558594,17.329999923706055,-0.0023539516053062972,-0.0038387727937765547,0.010783915686316802,-1.3799991607666016
2021-04-26,116.90936279296875,166.83999633789062,389.03839111328125,17.639999389648438,-0.0014286743345877418,0.002640755671589698,0.0020855572582897317,0.3099994659423828
2021-04-27,115.88957214355469,166.4199981689453,388.9544372558594,17.559999465942383,-0.008761184176416071,-0.0025205449092440876,-0.0002158216751785613,-0.07999992370605469
2021-04-28,115.96479034423828,166.91000366210938,388.8427429199219,17.280000686645508,0.000648840095268046,0.002940064461277065,-0.00028720684402599306,-0.279998779296875
2021-04-29,115.6220932006836,166.22000122070312,391.3207702636719,17.610000610351562,-0.002959557885566029,-0.004142547462168167,0.006352605922715095,0.3299999237060547
2021-04-30,115.88957214355469,165.66000366210938,388.7495422363281,18.610000610351562,0.0023107177902979537,-0.003374702192485256,-0.006592321994541393,1.0
2021-05-03,115.95906829833984,167.80999755859375,389.5879821777344,18.309999465942383,0.000599495918838055,0.01289485518814097,0.002154438760604315,-0.3000011444091797
2021-05-04,116.7459716796875,166.5800018310547,387.1845397949219,19.479999542236328,0.006763122799763253,-0.007356686965198023,-0.006188298336549547,1.1700000762939453
2021-05-05,116.93848419189453,167.27000427246094,387.3056335449219,19.149999618530273,0.001647628251864743,0.00413361336698124,0.0003127057131391486,-0.3299999237060547
2021-05-06,117.13105773925781,170.05999755859375,390.39849853515625,18.389999389648438,0.001645439122265954,0.016542002735280385,0.007953876463451318,-0.7600002288818359
2021-05-07,116.55342864990234,171.58999633789062,393.23980712890625,16.690000534057617,-0.004943676618977625,0.00895658735382193,0.0072516134657174,-1.6999988555908203
2021-05-10,115.37303924560547,172.11000061035156,389.3457946777344,19.65999984741211,-0.010179084837014732,0.0030259218728549953,-0.009951740946387084,2.969999313354492
2021-05-11,114.72008514404297,172.13999938964844,385.8710021972656,21.84000015258789,-0.005675579016546403,0.0001742848474817966,-0.008964758673881811,2.1800003051757812
2021-05-12,113.51463317871094,170.42999267578125,377.6730041503906,27.59000015258789,-0.010563363745284065,-0.009983483413452903,-0.02147436956492145,5.75
2021-05-13,113.69047546386719,171.1300048828125,382.2098388671875,23.1299991607666,0.0015478729445419137,0.004098917859921596,0.01194102134700443,-4.460000991821289
2021-05-14,114.75359344482422,172.69000244140625,388.0787658691406,18.809999465942383,0.009307535633295175,0.009074563611959028,0.015238549644159369,-4.319999694824219
2021-05-17,114.51085662841797,174.6999969482422,387.0914001464844,19.719999313354492,-0.002117527658821995,0.011572105937362132,-0.0025474826042498305,0.9099998474121094
2021-05-18,114.21784210205078,175.0399932861328,383.75634765625,21.34000015258789,-0.0025621156267938284,0.0019442812059788442,-0.008653001345324138,1.6200008392333984
2021-05-19,113.94157409667969,175.16000366210938,382.7501525878906,22.18000030517578,-0.002421711494468532,0.0006853819629941132,-0.0026254066886423613,0.8400001525878906
2021-05-20,114.87911987304688,175.9600067138672,386.8677978515625,20.670000076293945,0.008194634904784727,0.004556871795741219,0.010700593850166019,-1.510000228881836
2021-05-21,115.24752044677734,176.0399932861328,386.551025390625,20.149999618530273,0.003201723085389427,0.00045446916842239933,-0.000819148614259354,-0.5200004577636719
2021-05-24,115.67445373535156,176.35000610351562,390.4916687011719,18.399999618530273,0.003697645289290508,0.001759487487714246,0.010142755664315755,-1.75
2021-05-25,116.7459716796875,177.9499969482422,389.6253662109375,18.84000015258789,0.009220579766474746,0.009031903514378268,-0.002220956106743448,0.4400005340576172
2021-05-26,116.5450668334961,177.63999938964844,390.39849853515625,17.360000610351562,-0.0017223541644567882,-0.0017435678186662285,0.001982330573046409,-1.4799995422363281
2021-05-27,116.07624053955078,177.7100067138672,390.6033935546875,16.739999771118164,-0.004030816729646596,0.0003940189892895408,0.0005246978946075753,-0.6200008392333984
2021-05-28,115.8920669555664,178.3800048828125,391.3021240234375,16.760000228881836,-0.0015879205627053483,0.0037630876338542248,0.0017872508609697655,0.020000457763671875
2021-06-01,115.8660888671875,177.89999389648438,390.95733642578125,17.899999618530273,-0.00022418273389762715,-0.0026945732480542135,-0.0008815172904022138,1.1399993896484375
2021-06-02,116.13436126708984,178.77000427246094,391.57232666015625,17.479999542236328,0.0023126896462404146,0.004878526963101577,0.0015718007636000473,-0.4200000762939453
2021-06-03,115.69842529296875,175.27000427246094,390.1189880371094,18.040000915527344,-0.0037607837475815897,-0.019772420864664846,-0.003718450673086191,0.5600013732910156
2021-06-04,117.28288269042969,177.16000366210938,393.68701171875,16.420000076293945,0.013601793545689776,0.010725633264657355,0.00910441698318973,-1.6200008392333984
2021-06-07,116.92241668701172,177.8699951171875,393.3049621582031,16.420000076293945,-0.0030782077861172914,0.003999619209610979,-0.0009709110213079688,0.0
2021-06-08,117.74398803710938,177.32000732421875,393.3888244628906,17.06999969482422,0.007002064976365205,-0.003096867753862795,0.00021320189998030878,0.6499996185302734
2021-06-09,118.78352355957031,176.97999572753906,392.802001953125,17.889999389648438,0.008790032150723015,-0.0019193434836643904,-0.001492824894484824,0.8199996948242188
2021-06-10,119.49609375,177.74000549316406,394.62786865234375,16.100000381469727,0.0059809758186630665,0.004285131517665339,0.0046375430746453915,-1.789999008178711
2021-06-11,119.30328369140625,175.74000549316406,395.2798767089844,15.649999618530273,-0.0016148291721561573,-0.011316177890912231,0.0016508464654147491,-0.4500007629394531
2021-06-14,118.3895034790039,174.7100067138672,396.16497802734375,16.389999389648438,-0.007688787909578811,-0.005878166410042197,0.002236673046907514,0.7399997711181641
2021-06-15,118.2469482421875,174.0500030517578,395.4383544921875,17.020000457763672,-0.0012048461090807647,-0.0037848631237422004,-0.0018358278935476722,0.6300010681152344
2021-06-16,118.14631652832031,171.11000061035156,393.23046875,18.149999618530273,-0.0008513924459194246,-0.01703600368035545,-0.005599033320621148,1.1299991607666016
2021-06-17,119.91524505615234,165.85000610351562,393.10009765625,17.75,0.014861375126143004,-0.03122282591641038,-0.00033159360837366615,-0.39999961853027344
2021-06-18,122.17032623291016,164.92999267578125,387.7969665527344,20.700000762939453,0.018630985689532805,-0.005562705142465907,-0.013582360270913953,2.950000762939453
2021-06-21,120.12486267089844,166.9499969482422,393.34869384765625,17.889999389648438,-0.016884463660237846,0.012173251058176099,0.014214559601300735,-2.8100013732910156
2021-06-22,120.4182357788086,166.25,395.4516296386719,16.65999984741211,0.002439257291225529,-0.00420166857422807,0.0053319977455363226,-1.2299995422363281
2021-06-23,120.10809326171875,166.13999938964844,394.9749755859375,16.31999969482422,-0.002578866855965174,-0.0006618767987564016,-0.001206067982434193,-0.3400001525878906
2021-06-24,120.30085754394531,166.0399932861328,397.3114929199219,15.970000267028809,0.0016036368270880184,-0.0006021199876096117,0.005898180015754302,-0.34999942779541016
2021-06-25,119.05176544189453,166.58999633789062,398.7227783203125,15.619999885559082,-0.01043734909558138,0.003306999189259349,0.0035457942704537927,-0.35000038146972656
2021-06-28,120.27574157714844,166.5800018310547,399.5267028808594,15.760000228881836,0.010228551008154004,-5.999643961855651e-05,0.0020142194922219557,0.1400003433227539
2021-06-29,120.4769515991211,164.8300018310547,399.7415771484375,16.020000457763672,0.0016715083529532505,-0.010561034647227364,0.0005376774685637089,0.26000022888183594
2021-06-30,121.01349639892578,165.6300048828125,400.0780334472656,15.829999923706055,0.004443618264203294,0.004841763592293601,0.0008413305055721488,-0.1900005340576172
2021-07-01,121.02012634277344,166.1999969482422,402.2931213378906,15.479999542236328,5.478531267021767e-05,0.0034354496150826534,0.005521368769933327,-0.35000038146972656
2021-07-02,121.75048828125,167.2899932861328,405.3680419921875,15.069999694824219,0.006016907302047283,0.0065369291506959725,0.007614419637162305,-0.4099998474121094
2021-07-06,123.17752075195312,168.1199951171875,404.62969970703125,16.440000534057617,0.011652800544084846,0.004949187883217545,-0.0018230729584584706,1.3700008392333984
2021-07-07,124.2686996459961,168.75999450683594,406.0596923828125,16.200000762939453,0.008819580799350557,0.0037995736126820853,0.0035278472195136297,-0.23999977111816406
2021-07-08,124.75564575195312,168.64999389648438,402.7511291503906,19.0,0.0039108363145581625,-0.0006520293887520076,-0.008181348713590247,2.799999237060547
2021-07-09,123.00118255615234,169.2100067138672,407.0503234863281,16.18000030517578,-0.014163020532402608,0.0033150614410246745,0.010617997074371978,-2.8199996948242188
2021-07-12,122.84171295166016,169.0,408.5083923339844,16.170000076293945,-0.001297329552918286,-0.0012418718351821449,0.0035756356295226295,-0.010000228881835938
2021-07-13,121.90154266357422,169.22000122070312,407.1158447265625,17.1200008392334,-0.0076829484873193405,0.0013009357869861221,-0.0034146826375317857,0.9500007629394531
2021-07-14,123.28665161132812,171.0399932861328,407.7232666015625,16.329999923706055,0.011298453308470242,0.010697757313475486,0.001490900422106539,-0.7900009155273438
2021-07-15,124.64653015136719,171.07000732421875,406.3307189941406,17.010000228881836,0.010969827978111447,0.00017546425482688882,-0.0034212693270617546,0.6800003051757812
2021-07-16,124.41140747070312,169.41000366210938,403.1435852050781,18.450000762939453,-0.0018880968240418117,-0.009751038308664079,-0.007874617494143163,1.4400005340576172
2021-07-19,127.1396255493164,169.61000061035156,397.1900634765625,22.5,0.02169202029384129,0.001179853512608669,-0.014877873887093364,4.049999237060547
2021-07-20,125.91398620605469,169.38999938964844,402.88189697265625,19.729999542236328,-0.009686871637855157,-0.0012979424872485647,0.014228543940577383,-2.770000457763672
2021-07-21,124.31914520263672,168.75999450683594,406.1437683105469,17.90999984741211,-0.012747013869618186,-0.003726190289074976,0.008063746684046191,-1.8199996948242188
2021-07-22,125.49433135986328,169.08999633789062,406.99432373046875,17.690000534057617,0.009408578291876775,0.0019535411866020086,0.0020920326779888376,-0.2199993133544922
2021-07-23,124.65486145019531,168.55999755859375,411.1815490722656,17.200000762939453,-0.006711779091540494,-0.003139340880551927,0.010235603463863397,-0.48999977111816406
2021-07-26,124.2855224609375,168.16000366210938,412.1907958984375,17.579999923706055,-0.002967290838487666,-0.0023758261058627853,0.0024514967931267974,0.37999916076660156
2021-07-27,125.61185455322266,168.44000244140625,410.3122863769531,19.360000610351562,0.010615113791416785,0.0016636888817755746,-0.0045677951321620395,1.7800006866455078
2021-07-28,125.62025451660156,169.2899932861328,410.1440124511719,18.309999465942383,6.687014182333338e-05,0.0050335632022407,-0.0004101959565209498,-1.0500011444091797
2021-07-29,124.92352294921875,171.1699981689453,411.8450012207031,17.700000762939453,-0.0055617694476004734,0.011044023020098688,0.004138720029729625,-0.6099987030029297
2021-07-30,125.51105499267578,169.82000732421875,409.844970703125,18.239999771118164,0.004692108623376213,-0.007918108309762988,-0.004868099978601512,0.5399990081787109
2021-08-02,126.63056182861328,169.61000061035156,408.9850769042969,19.459999084472656,0.008880042942659375,-0.0012374082182159806,-0.00210029936600822,1.2199993133544922
2021-08-03,126.69786071777344,169.49000549316406,412.31231689453125,18.040000915527344,0.000531317331603546,-0.0007077270423842932,0.00810244429850218,-1.4199981689453125
2021-08-04,126.95832061767578,169.52999877929688,410.2843017578125,17.969999313354492,0.0020536459239512777,0.00023593466942563418,-0.004930774573056584,-0.07000160217285156
2021-08-05,126.31121063232422,168.86000061035156,412.88250732421875,17.280000686645508,-0.005110061129797714,-0.003959922253451811,0.006312728273439926,-0.6899986267089844
2021-08-06,124.20166778564453,164.63999938964844,413.5647277832031,16.149999618530273,-0.016842189716791307,-0.025308704477345147,0.001650971979734133,-1.1300010681152344
2021-08-09,123.7562026977539,161.72000122070312,413.2282409667969,16.719999313354492,-0.0035930746321957393,-0.017894816057729707,-0.0008139566921875761,0.5699996948242188
2021-08-10,123.18473815917969,161.77000427246094,413.74237060546875,16.790000915527344,-0.004628358155078491,0.00030914743149373187,0.001243405020001501,0.07000160217285156
2021-08-11,123.10906982421875,164.0,414.7704162597656,16.170000076293945,-0.0006144558644104133,0.01369082807188368,0.0024816664225607156,-0.6200008392333984
2021-08-12,122.90735626220703,164.0399932861328,416.0134582519531,15.59000015258789,-0.0016398385296653882,0.00024383177142714218,0.002992457985580963,-0.5799999237060547
2021-08-13,124.84879302978516,166.38999938964844,416.7705383300781,15.449999809265137,0.015672478862827337,0.014224167163591615,0.001818191247181543,-0.1400003433227539
2021-08-16,125.1513900756836,167.22000122070312,417.7519226074219,16.1200008392334,0.0024207757763352812,0.004975891262677384,0.0023519672044270447,0.6700010299682617
2021-08-17,125.1009750366211,166.97000122070312,415.013427734375,17.90999984741211,-0.00040291359262007435,-0.001496155150116038,-0.006576894063065828,1.789999008178711
2021-08-18,125.52115631103516,167.10000610351562,410.4710998535156,21.56999969482422,0.003353109047802997,0.0007783092556947036,-0.011005351585262873,3.6599998474121094
2021-08-19,126.4456787109375,166.61000061035156,411.1066589355469,21.670000076293945,0.007338478088701552,-0.0029367165231408677,0.0015471675127807654,0.10000038146972656
2021-08-20,126.52973175048828,166.6999969482422,414.3778991699219,18.559999465942383,0.0006645155154842639,0.0005400158455303154,0.007925665782932422,-3.1100006103515625
2021-08-23,126.4456787109375,168.72999572753906,418.02301025390625,17.149999618530273,-0.0006645155154841983,0.012104007439095057,0.008758122059815965,-1.4099998474121094
2021-08-24,125.4623031616211,168.64999389648438,418.6864929199219,17.219999313354492,-0.007807458400124453,-0.0004742535717267673,0.0015859334752719237,0.06999969482421875
2021-08-25,124.42013549804688,167.47999572753906,419.5650634765625,16.790000915527344,-0.008341312112804658,-0.006961609676564189,0.0020961986211496426,-0.42999839782714844
2021-08-26,124.76478576660156,167.6699981689453,417.0883483886719,18.84000015258789,0.0027662226636919695,0.001133835388463418,-0.005920545562653088,2.049999237060547
2021-08-27,125.6136703491211,170.19000244140625,420.8174133300781,16.389999389648438,0.00678083768317866,0.014917723322635659,0.008900976057402869,-2.450000762939453
2021-08-30,125.9414291381836,169.35000610351562,422.6680603027344,16.190000534057617,0.002605862295787162,-0.004947859047149437,0.004388101514704445,-0.1999988555908203
2021-08-31,125.08417510986328,169.69000244140625,422.04180908203125,16.479999542236328,-0.006830039217874824,0.00200564206756742,-0.0014827607871986744,0.28999900817871094
2021-09-01,125.29368591308594,169.6999969482422,422.2661437988281,16.110000610351562,0.0016735573286424004,5.88968847449306e-05,0.0005314049721091141,-0.3699989318847656
2021-09-02,125.84062194824219,169.25,423.5653381347656,16.40999984741211,0.004355732233783396,-0.002655242464544409,0.003071995747173074,0.2999992370605469
2021-09-03,124.69622802734375,171.05999755859375,423.46258544921875,16.40999984741211,-0.009135597259854878,0.010637446088029513,-0.0002426193592677838,0.0
2021-09-07,123.64432525634766,167.7100067138672,421.94842529296875,18.139999389648438,-0.008471504536961813,-0.019778020504279115,-0.0035820725210731585,1.7299995422363281
2021-09-08,124.4858169555664,167.2899932861328,421.434326171875,17.959999084472656,0.00678269006558904,-0.002507544166051433,-0.0012191361131727247,-0.18000030517578125
2021-09-09,125.99209594726562,168.02999877929688,419.6304931640625,18.799999237060547,0.012027385026805193,0.004413734414974538,-0.004289409643761161,0.8400001525878906
2021-09-10,124.88135528564453,167.17999267578125,416.32196044921875,20.950000762939453,-0.008855045554537738,-0.005071495164425335,-0.00791564155558843,2.1500015258789062
2021-09-13,125.6386947631836,167.74000549316406,417.38739013671875,19.3700008392334,0.006046157060079605,0.0033441618437189445,0.0025558793762985327,-1.5799999237060547
2021-09-14,127.16190338134766,168.82000732421875,415.1349792480469,19.459999084472656,0.012050818415341903,0.006417907636002404,-0.0054110651372553074,0.08999824523925781
2021-09-15,126.7158432006836,167.8300018310547,418.60235595703125,18.18000030517578,-0.003513979824283516,-0.005881528710091136,0.008317719630065086,-1.279998779296875
2021-09-16,126.13526153564453,164.02999877929688,417.93878173828125,18.690000534057617,-0.004592289094198617,-0.022902242747818987,-0.0015864715505967035,0.5100002288818359
2021-09-17,125.52935028076172,163.77000427246094,413.86767578125,20.809999465942383,-0.004815237400733401,-0.0015862999324902439,-0.009788667609594506,2.1199989318847656
2021-09-20,127.08610534667969,164.94000244140625,406.9667663574219,25.709999084472656,0.012325253571413834,0.007118755657039398,-0.016814772050817196,4.899999618530273
2021-09-21,126.97675323486328,166.0399932861328,406.5823059082031,24.360000610351562,-0.0008608272706969589,0.00664689654260444,-0.0009451439155792742,-1.3499984741210938
2021-09-22,127.73406982421875,165.4199981689453,410.5484313964844,20.8700008392334,0.005946498950236295,-0.0037409995549623856,0.009707520359060622,-3.489999771118164
2021-09-23,124.84772491455078,163.50999450683594,415.5365905761719,18.6299991607666,-0.022855729250102402,-0.011613566243419594,0.012076770969361371,-2.240001678466797
2021-09-24,123.62745666503906,163.3000030517578,416.2210998535156,17.75,-0.00982213235232537,-0.0012850982867509395,0.0016459347229453465,-0.8799991607666016
2021-09-27,123.17308044433594,163.63999938964844,415.0303649902344,18.760000228881836,-0.003682137319467555,0.0020798706668898187,-0.002864922897780616,1.010000228881836
2021-09-28,121.2544174194336,162.0500030517578,406.6667175292969,23.25,-0.015699562858125016,-0.009763940911599527,-0.020357712073944007,4.489999771118164
2021-09-29,121.46478271484375,161.32000732421875,407.3511657714844,22.559999465942383,0.0017334050867617808,-0.0045149330127863515,0.0016816544636871357,-0.6900005340576172
2021-09-30,121.44790649414062,164.22000122070312,402.3724060058594,23.139999389648438,-0.00013894886088682392,0.01781698430701417,-0.01229758570474388,0.5799999237060547
2021-10-01,122.47001647949219,164.58999633789062,407.1542663574219,21.100000381469727,0.008380818887555179,0.0022505110921036547,0.011814103556851066,-2.039999008178711
2021-10-04,122.15823364257812,165.36000061035156,401.9035949707031,22.959999084472656,-0.002549035163174884,0.004667408258473528,-0.012979900093569897,1.8599987030029297
2021-10-05,120.97862243652344,164.58999633789062,406.0854187011719,21.299999237060547,-0.009703345519713302,-0.004667408258473519,0.010351282008808605,-1.6599998474121094
2021-10-06,121.66112518310547,165.02999877929688,407.77313232421875,21.0,0.005625661527163231,0.002669757352534067,0.0041474431648022905,-0.2999992370605469
2021-10-07,120.38883209228516,164.16000366210938,411.29864501953125,19.540000915527344,-0.01051274557292607,-0.005285683868044846,0.00860860931908936,-1.4599990844726562
2021-10-08,119.54622650146484,164.22999572753906,410.5484313964844,18.770000457763672,-0.007023642644608707,0.00042627404378714777,-0.0018256774355064275,-0.7700004577636719
2021-10-11,119.24291229248047,163.9199981689453,407.5761413574219,20.0,-0.0025404369197380328,-0.0018893655741350408,-0.007266138227142316,1.2299995422363281
2021-10-12,121.28205108642578,164.66000366210938,406.57293701171875,19.850000381469727,0.016956141443743068,0.004504271350483098,-0.002464425447610888,-0.14999961853027344
2021-10-13,122.4615707397461,167.58999633789062,408.03564453125,18.639999389648438,0.009678438777733042,0.01763773443447277,0.0035911948994359843,-1.210000991821289
2021-10-14,122.9166030883789,168.0,414.8990173339844,16.860000610351562,0.003708829217613745,0.0024434808580754102,0.016680624260064773,-1.779998779296875
2021-10-15,122.20040130615234,165.3300018310547,418.0588073730469,16.299999237060547,-0.005843770995529972,-0.0160204917648545,0.007586951229134539,-0.5600013732910156
2021-10-18,122.77330017089844,164.9199981689453,419.2964782714844,16.309999465942383,0.004677236011144934,-0.002482990902389477,0.0029561449505801575,0.010000228881835938
2021-10-19,121.07975769042969,165.4499969482422,422.5313720703125,15.699999809265137,-0.013890083838100363,0.003208519186409284,0.007685442386331446,-0.6099996566772461
2021-10-20,120.26244354248047,166.89999389648438,424.19097900390625,15.489999771118164,-0.006773098681343316,0.008725778175468667,0.003920078539924809,-0.21000003814697266
2021-10-21,120.1191635131836,166.75,425.2972717285156,15.010000228881836,-0.0011921049036983668,-0.0008991093021597419,0.002604611303522218,-0.4799995422363281
2021-10-22,121.44207000732422,167.77000427246094,424.8566589355469,15.430000305175781,0.01095307968573138,0.006098334452755203,-0.0010365483626602317,0.4200000762939453
2021-10-25,121.25675964355469,168.92999267578125,427.1351013183594,15.239999771118164,-0.001527081115699758,0.006890365329616705,0.00534852077368891,-0.1900005340576172
2021-10-26,122.25941467285156,167.67999267578125,427.51953125,15.979999542236328,0.008234859127401293,-0.007427027125168416,0.0008996147517790595,0.7399997711181641
2021-10-27,124.48380279541016,168.1199951171875,425.6254577636719,16.979999542236328,0.018030472383840736,0.0026206236403640355,-0.00444022205513279,1.0
2021-10-28,124.06248474121094,168.0800018310547,429.7322692871094,16.530000686645508,-0.0033902615237017524,-0.00023791366260843256,0.00960263279590364,-0.4499988555908203
2021-10-29,124.44164276123047,166.64999389648438,430.6042175292969,16.260000228881836,0.0030515252849171995,-0.008544299301700552,0.002026994214699036,-0.2700004577636719
2021-11-01,123.54570770263672,167.52000427246094,431.3450012207031,16.40999984741211,-0.007225682721439185,0.005207004497418708,0.0017188573472248472,0.14999961853027344
2021-11-02,124.09407806396484,167.16000366210938,433.0889587402344,16.030000686645508,0.004428781554195669,-0.0021513131388870075,0.004034917567699035,-0.37999916076660156
2021-11-03,122.81169128417969,165.77000427246094,435.73309326171875,15.100000381469727,-0.010387754927940402,-0.0083501482773226,0.00608673013944292,-0.9300003051757812
2021-11-04,124.10253143310547,167.64999389648438,437.7864685058594,15.4399995803833,0.010455873256881503,0.011277125295739413,0.004701392198121918,0.3399991989135742
2021-11-05,125.95858764648438,169.83999633789062,439.30548095703125,16.479999542236328,0.014845093120124558,0.012978359326946427,0.0034637507978645494,1.0399999618530273
2021-11-08,125.72235107421875,170.4499969482422,439.6805114746094,17.219999313354492,-0.0018772708242752742,0.003585184846901929,0.0008533254080593445,0.7399997711181641
2021-11-09,127.35906982421875,171.2899932861328,438.2271728515625,17.780000686645508,0.012934505922323978,0.004916006634195484,-0.003310917484013414,0.5600013732910156
2021-11-10,125.03054809570312,173.14999389648438,434.7017517089844,18.729999542236328,-0.018452326342698125,0.010800248284572371,-0.008077267714628208,0.9499988555908203
2021-11-11,124.84492492675781,174.1199951171875,434.8422546386719,17.65999984741211,-0.001485725676434919,0.005586453042738802,0.0003231646239514852,-1.0699996948242188
2021-11-12,124.29653930664062,174.4499969482422,438.1239929199219,16.290000915527344,-0.004402209864359525,0.0018934614978916627,0.00751862686573993,-1.3699989318847656
2021-11-15,122.73575592041016,174.17999267578125,438.2740173339844,16.489999771118164,-0.012636438110318534,-0.00154894492430588,0.0003423659428081721,0.1999988555908203
2021-11-16,122.42363739013672,172.9199981689453,440.00872802734375,16.3700008392334,-0.0025462511934866913,-0.007260156004477963,0.003950238025915656,-0.11999893188476562
2021-11-17,123.39379119873047,174.5,438.939697265625,17.110000610351562,0.00789332840431663,0.009095692432078762,-0.002432523361080571,0.7399997711181641
2021-11-18,123.85781860351562,173.94000244140625,440.4306335449219,17.59000015258789,0.003753487792862305,-0.0032143154449525086,0.003390921107221825,0.4799995422363281
2021-11-19,125.16558837890625,172.61000061035156,439.6429748535156,17.90999984741211,0.010503284119896806,-0.007675708262916443,-0.0017899841426839997,0.31999969482421875
2021-11-22,123.69758605957031,168.74000549316406,438.40533447265625,19.170000076293945,-0.011797802949243888,-0.02267561664312034,-0.002819073136088111,1.260000228881836
2021-11-23,121.9090347290039,167.27999877929688,438.98663330078125,19.3799991607666,-0.014564615086775102,-0.008690053468478977,0.0013250609409002293,0.20999908447265625
2021-11-24,123.8663101196289,167.1199951171875,440.15869140625,18.579999923706055,0.015927690145669898,-0.0009569597921073518,0.0026663596266118766,-0.7999992370605469
2021-11-26,126.99626159667969,166.85000610351562,430.34173583984375,28.6200008392334,0.02495480998575956,-0.0016168462526691021,-0.02255569661160969,10.040000915527344
2021-11-29,125.97541809082031,166.6199951171875,435.6205749511719,22.959999084472656,-0.008070856377951862,-0.0013795005365548109,0.012191995967263303,-5.660001754760742
2021-11-30,127.89051818847656,165.5,427.14453125,27.190000534057617,0.015087777865766224,-0.006744546424564762,-0.01964918689576384,4.230001449584961
2021-12-01,128.6794891357422,166.16000366210938,422.4001159667969,31.1200008392334,0.006150161060213998,0.003980006790395922,-0.011169429701499315,3.9300003051757812
2021-12-02,128.8399200439453,165.24000549316406,428.8697509765625,27.950000762939453,0.0012459715519632015,-0.005552205835401061,0.01520025511707012,-3.1700000762939453
2021-12-03,130.3773193359375,166.6300048828125,425.137939453125,30.670000076293945,0.011861999013136474,0.008376819081740972,-0.008739582367468482,2.719999313354492
2021-12-06,128.58657836914062,166.22000122070312,430.1730041503906,27.18000030517578,-0.013830263804484356,-0.0024635953850727986,0.011773783321735464,-3.489999771118164
2021-12-07,127.54764556884766,166.80999755859375,439.071044921875,21.889999389648438,-0.00811245355781603,0.0035432060613326127,0.020473770510602896,-5.290000915527344
2021-12-08,125.34300994873047,166.89999389648438,440.2336730957031,19.899999618530273,-0.017435926750329612,0.0005393685677794685,0.002644427642718896,-1.989999771118164
2021-12-09,126.0440673828125,165.8800048828125,437.261474609375,21.579999923706055,0.005577528160518568,-0.006130129283900702,-0.006774304930515214,1.6800003051757812
2021-12-10,125.73995971679688,166.5800018310547,441.3775329589844,18.690000534057617,-0.002415624353913176,0.004211020685246302,0.009369236794561598,-2.8899993896484375
2021-12-13,127.59831237792969,167.0,437.46771240234375,20.309999465942383,0.014671182359109384,0.002518126917516811,-0.008897690172241186,1.6199989318847656
2021-12-14,127.29424285888672,165.44000244140625,434.4578857421875,21.889999389648438,-0.002385865393359324,-0.009385206339641532,-0.00690388863798133,1.5799999237060547
2021-12-15,126.06940460205078,166.14999389648438,441.246337890625,19.290000915527344,-0.009668694076343324,0.004282351988516796,0.015504294601946288,-2.5999984741210938
2021-12-16,126.11848449707031,168.16000366210938,437.35516357421875,20.56999969482422,0.00038923277255302794,0.012024970840539904,-0.00885771251558054,1.279998779296875
2021-12-17,127.5476303100586,167.8000030517578,432.7004699707031,21.56999969482422,0.01126804764968562,-0.002143116686188639,-0.010699862934014754,1.0
2021-12-20,126.59199523925781,167.08999633789062,428.0993957519531,22.8700008392334,-0.0075205869442523336,-0.004240244730917084,-0.010690331680270298,1.3000011444091797
2021-12-21,126.10999298095703,167.02000427246094,435.70196533203125,21.010000228881836,-0.003814792643534684,-0.00041897618344674124,0.01760304217403707,-1.8600006103515625
2021-12-22,126.6935043334961,168.58999633789062,440.05841064453125,18.6299991607666,0.0046163316170975965,0.00935611880010715,0.009949025707233732,-2.3800010681152344
2021-12-23,125.59415435791016,168.97000122070312,442.7965393066406,17.959999084472656,-0.008715106712165377,0.002251481491211197,0.006202915760161512,-0.6700000762939453
2021-12-27,125.8985824584961,169.3699951171875,449.0630187988281,17.68000030517578,0.0024209705069805107,0.002364450476828884,0.014052846239206036,-0.279998779296875
2021-12-28,125.39965057373047,168.63999938964844,448.6960754394531,17.540000915527344,-0.003970840020033945,-0.004319380340024978,-0.000817465135500474,-0.1399993896484375
2021-12-29,124.02976989746094,168.58999633789062,449.2700500488281,16.950000762939453,-0.01098422509283811,-0.0002965516280151311,0.0012783882849307555,-0.5900001525878906
2021-12-30,125.06989288330078,169.8000030517578,448.028076171875,17.329999923706055,0.008351107497746393,0.007151581744182501,-0.0027682542374446186,0.37999916076660156
2021-12-31,125.31510162353516,170.9600067138672,446.8988342285156,17.219999313354492,0.001958654264478457,0.006808358432551388,-0.00252365311527572,-0.1100006103515625
2022-01-03,122.02555847167969,168.3300018310547,449.4864501953125,16.600000381469727,-0.02660085990933855,-0.015503300973700684,0.005773461924191939,-0.6199989318847656
2022-01-04,121.5181655883789,169.57000732421875,449.3359375,16.90999984741211,-0.004166755841199292,0.007339514803169255,-0.00033491087623054597,0.3099994659423828
2022-01-05,120.85859680175781,169.05999755859375,440.7076721191406,19.729999542236328,-0.005442521867270822,-0.003012197052209778,-0.019389017775713856,2.8199996948242188
2022-01-06,121.17143249511719,166.99000549316406,440.2935791015625,19.610000610351562,0.0025850996133399144,-0.012319703780209438,-0.0009400509874389618,-0.11999893188476562
2022-01-07,120.30046844482422,167.75,438.5529479980469,18.760000228881836,-0.007213823421488123,0.004540812572282988,-0.003961177124449072,-0.8500003814697266
2022-01-10,120.5964584350586,168.25999450683594,438.0072937011719,19.399999618530273,0.0024574007067714836,0.0030355936239956378,-0.0012449899993127276,0.6399993896484375
2022-01-11,121.39978790283203,170.2899932861328,441.9967346191406,18.40999984741211,0.006639213878469497,0.01199245713664559,0.009066931787328845,-0.9899997711181641
2022-01-12,120.93468475341797,170.74000549316406,443.191650390625,17.6200008392334,-0.0038385271017885823,0.0026391371424113854,0.002699801573369504,-0.7899990081787109
2022-01-13,122.0086441040039,170.16000366210938,437.0851745605469,20.309999465942383,0.008841291106344174,-0.003402771341298051,-0.013874212319472999,2.6899986267089844
2022-01-14,120.16516876220703,169.6699981689453,437.2639465332031,19.190000534057617,-0.015224692779936133,-0.002883829150556528,0.00040892584171363144,-1.1199989318847656
2022-01-18,118.473876953125,169.38999938964844,429.5201110839844,22.790000915527344,-0.01417471413477372,-0.0016516182679313014,-0.017868444668693965,3.6000003814697266
2022-01-19,119.29415130615234,172.0800018310547,425.0602111816406,23.850000381469727,0.006899814186905727,0.015755750605134237,-0.010437732479564971,1.0599994659423828
2022-01-20,120.02982330322266,171.64999389648438,420.3556213378906,25.59000015258789,0.006147936624068959,-0.0025020112544038944,-0.011129761772697505,1.739999771118164
2022-01-21,121.45902252197266,171.08999633789062,412.1037902832031,28.850000381469727,0.011836703269889176,-0.003267771913809988,-0.01982583469897309,3.260000228881836
2022-01-24,120.46111297607422,172.02999877929688,413.85382080078125,29.899999618530273,-0.008249955745064893,0.005479160681096094,0.004237585834640881,1.0499992370605469
2022-01-25,120.26663970947266,172.5800018310547,408.8011169433594,31.15999984741211,-0.001615711580725158,0.003192034576976311,-0.012284050486545172,1.260000228881836
2022-01-26,118.8121566772461,169.7899932861328,407.7754821777344,31.959999084472656,-0.012167544748806396,-0.01629856790431354,-0.0025120369750247316,0.7999992370605469
2022-01-27,120.99390411376953,167.60000610351562,405.7619323730469,30.489999771118164,0.01819643447627574,-0.01298211532059733,-0.004950120007483726,-1.4699993133544922
2022-01-28,121.03617095947266,167.10000610351562,415.8392028808594,27.65999984741211,0.0003492693717506417,-0.002987752337666492,0.024532039850121663,-2.8299999237060547
2022-01-31,120.410400390625,168.08999633789062,423.3288879394531,24.829999923706055,-0.005183523348423448,0.005907056331230696,0.017850735796668817,-2.8299999237060547
2022-02-01,120.01069641113281,168.22999572753906,426.1893310546875,21.959999084472656,-0.0033250355569061463,0.0008325368758188378,0.006734296832112868,-2.8700008392333984
2022-02-02,120.41720581054688,168.83999633789062,430.32928466796875,22.09000015258789,0.0033815524988882015,0.00361943388995412,0.009667007295532472,0.13000106811523438
2022-02-03,119.47721862792969,168.60000610351562,420.2144775390625,24.350000381469727,-0.00783671396712921,-0.0014224174555621005,-0.023785452184763963,2.260000228881836
2022-02-04,117.7158432006836,168.86000061035156,422.19036865234375,23.219999313354492,-0.014852102260403332,0.0015408910869810946,0.0046910811249673634,-1.1300010681152344
2022-02-07,117.79205322265625,170.11000061035156,420.8355407714844,22.860000610351562,0.0006471971920278875,0.007375317353577323,-0.003214205001580279,-0.3599987030029297
2022-02-08,117.00450897216797,170.6300048828125,424.2980651855469,21.440000534057617,-0.006708336753589169,0.0030522079460774463,0.008194074317438512,-1.4200000762939453
2022-02-09,117.22467803955078,171.2100067138672,430.50811767578125,19.959999084472656,0.0018799461760947054,0.003393414275398407,0.014529987897068412,-1.480001449584961
2022-02-10,115.36174011230469,170.55999755859375,422.7738037109375,23.90999984741211,-0.016019660840788583,-0.0038037857675304026,-0.018128887059640084,3.950000762939453
2022-02-11,117.0722885131836,173.80999755859375,414.437255859375,27.360000610351562,0.014718836932582918,0.018875607865561438,-0.019915702980315687,3.450000762939453
2022-02-14,115.61576843261719,174.74000549316406,413.0822448730469,28.329999923706055,-0.012519242484334813,0.005336451777182292,-0.0032748767760738947,0.9699993133544922
2022-02-15,114.30317687988281,173.0800018310547,419.7440185546875,25.700000762939453,-0.011417987423180849,-0.009545260370239185,0.01599833257379316,-2.6299991607666016
2022-02-16,114.98062133789062,174.86000061035156,420.2144775390625,24.290000915527344,0.005909239419319057,0.01023173130733765,0.001120195904342254,-1.4099998474121094
2022-02-17,115.83590698242188,177.25,411.23809814453125,28.110000610351562,0.00741099058466294,0.013575508168976262,-0.021592880763046617,3.8199996948242188
2022-02-18,117.05531311035156,177.1199951171875,408.5752868652344,27.75,0.010471990064932388,-0.000733724019731723,-0.006496162888356753,-0.3600006103515625
2022-02-22,117.36017608642578,177.49000549316406,404.1906433105469,28.809999465942383,0.0026010495210617266,0.002086858856896338,-0.010789542051532843,1.0599994659423828
2022-02-23,115.74272918701172,178.2899932861328,397.02081298828125,31.020000457763672,-0.013877758034808492,0.004497100140272996,-0.017897951062721115,2.210000991821289
2022-02-24,115.81893157958984,177.13999938964844,402.99566650390625,30.31999969482422,0.0006581607255415187,-0.006471023453826176,0.01493710382063368,-0.7000007629394531
2022-02-25,115.90364074707031,176.5500030517578,411.8873596191406,27.59000015258789,0.0007311257630477751,-0.0033362372759372606,0.02182410418971876,-2.729999542236328
2022-02-28,118.44409942626953,178.3800048828125,410.8335266113281,30.149999618530273,0.021681951790941536,0.010311993951243732,-0.0025618252843810454,2.559999465942383
2022-03-01,119.81353759765625,181.6199951171875,404.5764465332031,33.31999969482422,0.011495566473121171,0.01800043176575384,-0.015347378866679485,3.1700000762939453
2022-03-02,115.71797180175781,179.72999572753906,412.01910400390625,30.739999771118164,-0.03478072776630042,-0.010460864384517259,0.018229008380557972,-2.5799999237060547
2022-03-03,116.89659881591797,180.8000030517578,409.96783447265625,30.479999542236328,0.010133820057248279,0.005935763844875876,-0.004991013100962083,-0.26000022888183594
2022-03-04,118.91471862792969,183.67999267578125,406.6370544433594,31.979999542236328,0.017116812771590332,0.015803608419049087,-0.008157674649726837,1.5
2022-03-07,118.00735473632812,186.41000366210938,394.64959716796875,36.45000076293945,-0.007659635212261131,0.014753495270293054,-0.029922754043834533,4.470001220703125
2022-03-08,116.82032012939453,191.50999450683594,391.6575622558594,35.130001068115234,-0.010109921824280471,0.026991429368426304,-0.007610383085732367,-1.3199996948242188
2022-03-09,115.67558288574219,185.82000732421875,402.158203125,32.45000076293945,-0.009847455197696099,-0.030161495266205762,0.02645765897857739,-2.6800003051757812
2022-03-10,114.01361083984375,186.39999389648438,400.34228515625,30.229999542236328,-0.014471739175687703,0.003116366878477797,-0.004525657229300731,-2.220001220703125
2022-03-11,114.39519500732422,185.08999633789062,395.25189208984375,30.75,0.0033412417797316924,-0.007052696024243029,-0.012796630935859275,0.5200004577636719
2022-03-14,111.72418212890625,182.3000030517578,392.36322021484375,31.770000457763672,-0.02362590198131544,-0.01518847505814139,-0.007335270190294614,1.0200004577636719
2022-03-15,111.5291519165039,178.88999938964844,400.9914855957031,29.829999923706055,-0.0017471655045913578,-0.018882610033681094,0.021752201193818994,-1.9400005340576172
2022-03-16,112.62303161621094,180.00999450683594,409.8831787109375,26.670000076293945,0.009760229556764153,0.006241285995487705,0.02193199497204681,-3.1599998474121094
2022-03-17,111.78357696533203,180.88999938964844,415.0112609863281,25.670000076293945,-0.007481585072968119,0.004876733952655098,0.01243346564459493,-1.0
2022-03-18,113.14873504638672,179.3000030517578,419.5566711425781,23.8700008392334,0.012138539199994232,-0.008828710707897394,0.010892954129574636,-1.7999992370605469
2022-03-21,110.5285873413086,180.6699981689453,419.4340515136719,23.530000686645508,-0.023428996107725933,0.00761175501954624,-0.00029230270721248577,-0.3400001525878906
2022-03-22,109.11254119873047,179.36000061035156,424.34197998046875,22.940000534057617,-0.012894358827834124,-0.007277189924242526,0.011633380505988077,-0.5900001525878906
2022-03-23,111.50370788574219,181.80999755859375,418.87713623046875,23.56999969482422,0.021678007286202835,0.013567209576051467,-0.012962040729718105,0.6299991607666016
2022-03-24,110.63035583496094,183.1300048828125,425.1914978027344,21.670000076293945,-0.007863328444411129,0.007234137513108609,0.014962004539607585,-1.8999996185302734
2022-03-25,109.0955810546875,182.3800048828125,427.2679138183594,20.809999465942383,-0.01397012808815312,-0.004103860537691329,0.0048715987972158025,-0.8600006103515625
2022-03-28,110.02832794189453,179.05999755859375,430.30706787109375,19.6299991607666,0.008513470987256664,-0.018371517706821095,0.007087815854738318,-1.1800003051757812
2022-03-29,110.85932159423828,179.13999938964844,435.6303405761719,18.899999618530273,0.007524165108458145,0.00044668806848975184,0.012294975852352657,-0.7299995422363281
2022-03-30,111.72418212890625,180.5800018310547,432.9404296875,19.329999923706055,0.007771149907007672,0.008006283379257595,-0.0061938982532858955,0.43000030517578125
2022-03-31,111.99555969238281,180.64999389648438,426.27685546875,20.559999465942383,0.0024260505074042886,0.00038752078804877134,-0.015511112113314608,1.2299995422363281
2022-04-01,112.42186737060547,179.5,427.4850158691406,19.6299991607666,0.0037992431923640872,-0.00638621587890147,0.00283020651871295,-0.9300003051757812
2022-04-04,111.64057159423828,180.3699951171875,431.14703369140625,18.56999969482422,-0.0069739394657578205,0.004835061682683925,0.008529940218539768,-1.0599994659423828
2022-04-05,109.11832427978516,179.24000549316406,425.7011413574219,21.030000686645508,-0.02285169132835427,-0.006284549046099261,-0.012711623421159467,2.460000991821289
2022-04-06,108.23512268066406,179.66000366210938,421.44439697265625,22.100000381469727,-0.008126914686800308,0.0023404756196963713,-0.010049702249412491,1.0699996948242188
2022-04-07,107.41985321044922,180.33999633789062,423.5680847167969,21.549999237060547,-0.007560904641658294,0.0037777415804506904,0.005026416204209355,-0.5500011444091797
2022-04-08,106.25640869140625,181.47000122070312,422.43548583984375,21.15999984741211,-0.010889894894143624,0.006246419748615932,-0.0026775290152889777,-0.3899993896484375
2022-04-11,104.57490539550781,182.3699951171875,415.2149963378906,24.3700008392334,-0.01595151041012877,0.004947206140849894,-0.017240289353967216,3.210000991821289
2022-04-12,104.4305419921875,183.77000427246094,413.6766052246094,24.260000228881836,-0.001381432188325497,0.007647435301758943,-0.0037119277762316916,-0.1100006103515625
2022-04-13,104.64285278320312,184.64999389648438,418.4146423339844,21.81999969482422,0.0020309696910280287,0.004777109287769396,0.011388386385777804,-2.440000534057617
2022-04-14,102.54523468017578,184.0399932861328,413.2047119140625,22.700000762939453,-0.02024913499265037,-0.0033090194372706765,-0.012529767505403836,0.8800010681152344
2022-04-18,102.03567504882812,184.61000061035156,413.37457275390625,22.170000076293945,-0.004981507666251282,0.0030924062818564585,0.00041099709461748395,-0.5300006866455078
2022-04-19,101.27135467529297,181.82000732421875,420.0474853515625,21.3700008392334,-0.007518913393337331,-0.015228268112133887,0.01601362750172867,-0.7999992370605469
2022-04-20,103.30955505371094,182.7100067138672,419.736083984375,20.31999969482422,0.019926275826276495,0.0048830061930919995,-0.0007416229438887636,-1.0500011444091797
2022-04-21,102.54523468017578,182.05999755859375,413.45947265625,22.68000030517578,-0.007425854766687767,-0.003563943502360224,-0.015066643147981526,2.3600006103515625
2022-04-22,101.8998031616211,180.2899932861328,402.1145324707031,28.209999084472656,-0.006314006636055938,-0.009769661352400816,-0.027822544471195282,5.529998779296875
2022-04-25,102.91889190673828,177.0500030517578,404.4457702636719,27.020000457763672,0.009951212261229069,-0.018134432520229594,0.005780706729286868,-1.1899986267089844
2022-04-26,103.95494842529297,177.32000732421875,392.7327575683594,33.52000045776367,0.010016396263706213,0.0015238553873300224,-0.02938828704085128,6.5
2022-04-27,102.62165069580078,175.97999572753906,393.8370056152344,31.600000381469727,-0.012908686168015698,-0.007585723242633687,0.0028077579993692463,-1.9200000762939453
2022-04-28,102.77452087402344,176.92999267578125,403.7850646972656,29.989999771118164,0.0014885399789211972,0.0053838047894630165,0.024945585941068233,-1.6100006103515625
2022-04-29,101.44121551513672,176.91000366210938,388.8629150390625,33.400001525878906,-0.01305799766179505,-0.00011298334784093811,-0.037655840302056064,3.410001754760742
2022-05-02,99.68287658691406,173.6300048828125,391.20367431640625,32.34000015258789,-0.017485560380842105,-0.01871452290294498,0.006001452529717634,-1.0600013732910156
2022-05-03,100.35490417480469,174.08999633789062,392.9969787597656,29.25,0.0067190319106254425,0.0026457593569150124,0.004573593664621963,-3.0900001525878906
2022-05-04,100.90787506103516,175.8000030517578,404.96490478515625,25.420000076293945,0.005495027741915412,0.009774616775434711,0.029998484294797487,-3.8299999237060547
2022-05-05,98.1431655883789,175.1300048828125,390.57135009765625,31.200000762939453,-0.027780686506715904,-0.0038184194446891804,-0.03618974119217508,5.780000686645508
2022-05-06,96.69697570800781,175.4199981689453,388.24005126953125,30.190000534057617,-0.01484515900858042,0.0016545049194706565,-0.005986830154914526,-1.010000228881836
2022-05-09,97.54766845703125,172.8800048828125,375.8096618652344,34.75,0.008759038803766857,-0.014585347642546313,-0.03254104037867934,4.559999465942383
2022-05-10,98.43235778808594,171.4199981689453,376.677978515625,32.9900016784668,0.009028423533034444,-0.00848106565352078,0.002307857270197467,-1.7599983215332031
2022-05-11,100.32940673828125,172.82000732421875,370.69403076171875,32.560001373291016,0.019089250503866034,0.008133958004822058,-0.016013646629749405,-0.43000030517578125
2022-05-12,100.14225006103516,170.1699981689453,370.3070373535156,31.770000457763672,-0.0018671640131867682,-0.015452706170676834,-0.0010445152106783944,-0.7900009155273438
2022-05-13,98.66204833984375,168.7899932861328,379.1603088378906,28.8700008392334,-0.014891318608904407,-0.008142627698810948,0.023626601912019287,-2.8999996185302734
2022-05-16,98.5599594116211,170.39999389648438,377.621826171875,27.469999313354492,-0.0010352692227877695,0.009493279652076629,-0.004065859153533726,-1.4000015258789062
2022-05-17,97.3690185546875,169.3300018310547,385.3896789550781,26.100000381469727,-0.012157012576512348,-0.006299094085683991,0.02036174057343997,-1.3699989318847656
2022-05-18,99.44466400146484,169.4199981689453,369.85394287109375,30.959999084472656,0.021093273377454973,0.000531343704844183,-0.041146796828919856,4.85999870300293
2022-05-19,99.68287658691406,171.91000366210938,367.5887451171875,29.350000381469727,0.0023925640660246647,0.014590277160260899,-0.006143405894766317,-1.6099987030029297
2022-05-20,100.81428527832031,172.02999877929688,367.74920654296875,29.43000030517578,0.011286151788847832,0.000697767757192036,0.0004364290676577627,0.07999992370605469
2022-05-23,99.15547943115234,172.8300018310547,374.62982177734375,28.479999542236328,-0.016590947132227765,0.004639589893868967,0.018537194617636,-0.9500007629394531
2022-05-24,101.11199951171875,174.1300048828125,371.7699279785156,29.450000762939453,0.019539691020909498,0.007493711725538028,-0.007663206734173156,0.970001220703125
2022-05-25,101.51183319091797,173.0800018310547,375.0545349121094,28.3700008392334,0.003946566332594324,-0.006048248796558386,0.008796252065619193,-1.0799999237060547
2022-05-26,101.052490234375,172.75999450683594,382.5486755371094,27.5,-0.004535287716228861,-0.001850609639927292,0.019784459647058023,-0.8700008392333984
2022-05-27,101.29918670654297,172.85000610351562,391.93988037109375,25.719999313354492,0.0024382955270827473,0.0005208853826908474,0.024252560152000526,-1.7800006866455078
2022-05-31,99.15547943115234,171.13999938964844,389.74078369140625,26.190000534057617,-0.021389265164357785,-0.009942270255165302,-0.005626600688714415,0.470001220703125
2022-06-01,99.04212951660156,172.22999572753906,386.5882873535156,25.690000534057617,-0.0011438072084773892,0.0063488366174163004,-0.008121591175025335,-0.5
2022-06-02,99.09324645996094,174.35000610351562,393.9503173828125,24.719999313354492,0.0005159799883441483,0.012234040087981134,0.018864533569121853,-0.970001220703125
2022-06-03,98.88018798828125,172.5800018310547,387.4849548339844,24.790000915527344,-0.002152395391112587,-0.010203900438868029,-0.016547781528979833,0.07000160217285156
2022-06-06,97.0564956665039,171.82000732421875,388.664794921875,25.06999969482422,-0.018615656374849385,-0.004413447852864014,0.0030402406160398984,0.279998779296875
2022-06-07,98.10469055175781,172.94000244140625,392.3929138183594,24.020000457763672,0.010741940902817874,0.006497267812168451,0.009546406540473085,-1.0499992370605469
2022-06-08,97.23543548583984,172.77999877929688,388.1267395019531,23.959999084472656,-0.008899971770413366,-0.0009256257836888652,-0.010931734475003209,-0.060001373291015625
2022-06-09,97.55929565429688,172.22999572753906,378.89599609375,26.09000015258789,0.003325146064892751,-0.0031883338247287547,-0.024070183702166112,2.1300010681152344
2022-06-10,96.95423126220703,174.5399932861328,367.9096984863281,27.75,-0.006221329213056891,0.013323135228160962,-0.029424227274913457,1.6599998474121094
2022-06-13,93.911865234375,169.92999267578125,353.9407958984375,34.02000045776367,-0.03188228593804137,-0.02676735882447253,-0.03870786758688124,6.270000457763672
2022-06-14,92.72734069824219,168.57000732421875,352.8742980957031,32.689998626708984,-0.012693372054969978,-0.008035407203286724,-0.003017758452436599,-1.3300018310546875
2022-06-15,94.4572982788086,170.77000427246094,357.9049072265625,29.6200008392334,0.018484495810199265,0.012966509676610984,0.014155431374807112,-3.069997787475586
2022-06-16,95.20724487304688,172.69000244140625,346.0597229003906,32.95000076293945,0.007908178199238607,0.011180446816136464,-0.03365595914357148,3.3299999237060547
2022-06-17,95.51400756835938,171.27000427246094,346.80572509765625,31.1299991607666,0.0032168723298966694,-0.008256810144045654,0.002153383424422441,-1.8200016021728516
2022-06-21,93.89484405517578,170.6300048828125,355.5361022949219,30.190000534057617,-0.017097437023168863,-0.0037437854344901486,0.024862044533758572,-0.9399986267089844
2022-06-22,96.47700500488281,171.30999755859375,354.8915100097656,28.950000762939453,0.02712921402839869,0.003977268335422712,-0.001814660497081752,-1.239999771118164
2022-06-23,97.26953887939453,170.25999450683594,358.3703918457031,29.049999237060547,0.008181186400490896,-0.006148118298448717,0.009754928488341998,0.09999847412109375
2022-06-24,95.92305755615234,170.08999633789062,369.7643127441406,27.229999542236328,-0.013939489927089356,-0.0009989609969459391,0.031298744438340007,-1.8199996948242188
2022-06-27,95.10498046875,169.89999389648438,368.3519592285156,26.950000762939453,-0.008565047278241873,-0.0011176944418580068,-0.003826918042452186,-0.279998779296875
2022-06-28,95.54812622070312,169.6199951171875,360.8255310058594,28.360000610351562,0.0046487209959679915,-0.0016493806069405818,-0.02064434415013873,1.4099998474121094
2022-06-29,97.0394515991211,169.49000549316406,360.5316467285156,28.15999984741211,0.01548755329731687,-0.0007666517068580592,-0.000814809369544941,-0.20000076293945312
2022-06-30,97.89163208007812,168.4600067138672,357.60260009765625,28.709999084472656,0.008743458393890156,-0.006095587698335223,-0.008157424287232375,0.5499992370605469
2022-07-01,98.89665222167969,168.32000732421875,361.384765625,26.700000762939453,0.010214316194217631,-0.0008313996785857856,0.010520909253128267,-2.009998321533203
2022-07-05,99.67369079589844,164.75,362.0672302246094,27.540000915527344,0.007826370531219822,-0.021437799680384485,0.0018866899420177659,0.8400001525878906
2022-07-06,98.00006866455078,162.13999938964844,363.29010009765625,26.729999542236328,-0.016933579123264972,-0.01596901758740465,0.0033717754835604495,-0.8100013732910156
2022-07-07,97.13762664794922,162.22999572753906,368.7310791015625,26.079999923706055,-0.00883937499370745,0.0005548992912700342,0.014865906508330477,-0.6499996185302734
2022-07-08,96.0617904663086,162.3000030517578,368.42779541015625,24.639999389648438,-0.01113716923101324,0.00043143823725389326,-0.000822844895462316,-1.4400005340576172
2022-07-11,97.71829223632812,161.42999267578125,364.2190246582031,26.170000076293945,0.017097135040936424,-0.0053749265251639535,-0.011489347758937214,1.5300006866455078
2022-07-12,98.29895782470703,160.8300018310547,360.9960632324219,27.290000915527344,0.005924654964992119,-0.0037236489059839332,-0.0088883496720908,1.1200008392333984
2022-07-13,99.42606353759766,161.60000610351562,359.1002197265625,26.81999969482422,0.011400862809381525,0.004776265963686179,-0.005265539986956814,-0.470001220703125
2022-07-14,98.61489868164062,159.3300018310547,358.2281799316406,26.399999618530273,-0.008191935477925714,-0.014146649261641277,-0.0024313556382968664,-0.4200000762939453
2022-07-15,99.1698989868164,159.00999450683594,365.0721130371094,24.229999542236328,0.005612178169742927,-0.0020104758163567997,0.018924746557980748,-2.1700000762939453
2022-07-18,98.13668823242188,159.16000366210938,362.05780029296875,25.299999237060547,-0.010473245858132068,0.000942949789432323,-0.00829103563522402,1.0699996948242188
2022-07-19,97.60731506347656,159.5399932861328,371.84027099609375,24.5,-0.005408844721936572,0.002384623832616704,0.026660514623234904,-0.7999992370605469
2022-07-20,97.86345672607422,158.0399932861328,374.2100524902344,23.8799991607666,0.002620768382507174,-0.009446509339211243,0.006352894408735162,-0.6200008392333984
2022-07-21,99.55416107177734,160.27000427246094,378.020751953125,23.110000610351562,0.017128620035235742,0.01401179660226555,0.010131816030019657,-0.7699985504150391
2022-07-22,101.22777557373047,160.6699981689453,374.5133972167969,23.030000686645508,0.016671352937432285,0.0024926409954947677,-0.009321517532546866,-0.07999992370605469
2022-07-25,100.23725128173828,160.22999572753906,374.96844482421875,23.360000610351562,-0.009833292546006617,-0.0027423043036363935,0.0012142993674069376,0.3299999237060547
2022-07-26,100.31410217285156,160.0399932861328,370.53216552734375,24.690000534057617,0.0007663961728615466,-0.001186514317386386,-0.011901617788581445,1.3299999237060547
2022-07-27,99.75054931640625,161.6699981689453,380.1535949707031,23.239999771118164,-0.005633722327174995,0.010133467249785824,0.025635110840191787,-1.4500007629394531
2022-07-28,100.54462432861328,163.63999938964844,384.9216003417969,22.329999923706055,0.007929089434094202,0.01211168004371747,0.012464309729377718,-0.9099998474121094
2022-07-29,100.27142333984375,164.10000610351562,390.5332336425781,21.329999923706055,-0.0027209096134662835,0.0028071459585694595,0.014473392941786595,-1.0
2022-08-01,102.68629455566406,165.02999877929688,389.3768005371094,22.84000015258789,0.02379791426291546,0.005651232868696488,-0.0029655573138221937,1.510000228881836
2022-08-02,100.51348876953125,164.0500030517578,386.80792236328125,23.93000030517578,-0.02138672166460619,-0.005955990148902209,-0.006619268526125204,1.0900001525878906
2022-08-03,102.09602355957031,164.4499969482422,392.8651428222656,21.950000762939453,0.01562184277982097,0.002435276067987767,0.015538159768302216,-1.9799995422363281
2022-08-04,102.06182098388672,167.1699981689453,392.5997009277344,21.440000534057617,-0.0003350601205656253,0.016404693683584038,-0.0006758848769574684,-0.5100002288818359
2022-08-05,99.63243103027344,165.2899932861328,391.9361572265625,21.149999618530273,-0.02409099342041946,-0.011309781450742627,-0.0016915577599044113,-0.29000091552734375
2022-08-08,101.2406234741211,166.69000244140625,391.4811706542969,21.290000915527344,0.016012369691318567,0.008434348290836127,-0.00116154342577888,0.1400012969970703
2022-08-09,100.84712219238281,167.1999969482422,389.9266357421875,21.770000457763672,-0.00389436556643372,0.003054867797077557,-0.003978810936352579,0.4799995422363281
2022-08-10,100.18844604492188,166.77999877929688,398.1165771484375,19.739999771118164,-0.006552855399595976,-0.0025151110588634198,0.020786261857010616,-2.030000686645508
2022-08-11,97.85308837890625,166.33999633789062,398.1165771484375,20.200000762939453,-0.023585617345021532,-0.002641706914863643,0.0,0.46000099182128906
2022-08-12,98.84539794921875,167.8699951171875,404.8563232421875,19.530000686645508,0.010089736907954746,0.009155976822720392,0.016787376934967395,-0.6700000762939453
2022-08-15,98.7598648071289,165.7100067138672,406.5246276855469,19.950000762939453,-0.0008656970592637716,-0.012950528089989187,0.004112265126438826,0.4200000762939453
2022-08-16,99.17044830322266,165.4199981689453,407.3208923339844,19.690000534057617,0.004148774167698682,-0.0017516299628300418,0.0019567961804264366,-0.26000022888183594
2022-08-17,98.1353759765625,164.35000610351562,404.4298095703125,19.899999618530273,-0.010492156792090042,-0.006489345947105167,-0.007123110533883331,0.20999908447265625
2022-08-18,98.28081512451172,163.9199981689453,405.60528564453125,19.559999465942383,0.001480928570243989,-0.0026198444873023344,0.0029022863485172763,-0.3400001525878906
2022-08-19,96.6982650756836,162.72000122070312,400.1546630859375,20.600000381469727,-0.01623338052675429,-0.007347552958114958,-0.01352935377004352,1.0400009155273438
2022-08-22,96.37321472167969,161.63999938964844,391.8224182128906,23.799999237060547,-0.0033671535687810118,-0.00665930336783302,-0.02104240770475432,3.1999988555908203
2022-08-23,95.84281921386719,162.77000427246094,390.8745422363281,24.110000610351562,-0.005518757651235121,0.006966551217581505,-0.0024220777334006825,0.3100013732910156
2022-08-24,95.1413803100586,163.25,392.1257629394531,22.81999969482422,-0.007345550674061551,0.002944580504679446,0.0031959675107993803,-1.2900009155273438
2022-08-25,96.46729278564453,163.75,397.6616516113281,21.780000686645508,0.013840016931797441,0.0030581063588208724,0.014018909983943935,-1.039999008178711
2022-08-26,97.19441986083984,161.75999450683594,384.2012023925781,25.559999465942383,0.007509284949596431,-0.012227153201929956,-0.0344351422163523,3.779998779296875
2022-08-29,96.39030456542969,161.86000061035156,381.6607971191406,26.209999084472656,-0.008307679468265806,0.0006180465249853886,-0.0066341314553969525,0.6499996185302734
2022-08-30,96.62982177734375,160.50999450683594,377.4709167480469,26.209999084472656,0.0024817861161914203,-0.008375556136480044,-0.011038724480649041,0.0
2022-08-31,95.70596313476562,159.27000427246094,374.5987548828125,25.8700008392334,-0.009606800401490386,-0.0077553096129762645,-0.007638057847669299,-0.3399982452392578
2022-09-01,93.95376586914062,157.8699951171875,375.774169921875,25.559999465942383,-0.018477798410825322,-0.00882902347465035,0.0031328848938857153,-0.3100013732910156
2022-09-02,94.48524475097656,159.25999450683594,371.811767578125,25.469999313354492,0.0056408732922840306,0.00876617372318804,-0.010600625963102617,-0.09000015258789062
2022-09-06,92.14496612548828,158.3300018310547,370.408935546875,26.90999984741211,-0.025080626445118073,-0.005856578259356107,-0.003780098549615777,1.4400005340576172
2022-09-07,93.60228729248047,159.94000244140625,377.0633544921875,24.639999389648438,0.015691764408323282,0.010117286090114818,0.017805595852562934,-2.270000457763672
2022-09-08,92.64217376708984,158.97999572753906,379.5279541015625,23.610000610351562,-0.0103103418503927,-0.006020378897494643,0.006515032089321774,-1.029998779296875
2022-09-09,92.84790802001953,159.82000732421875,385.42401123046875,22.790000915527344,0.002218278576532022,0.005269846503477033,0.015415801672931531,-0.8199996948242188
2022-09-12,92.08497619628906,160.6300048828125,389.56640625,23.8700008392334,-0.008250951746208542,0.005055386193321507,0.01069028565048303,1.0799999237060547
2022-09-13,92.29927825927734,158.5399932861328,372.62713623046875,27.270000457763672,0.002324516918402949,-0.013096728906648173,-0.044456056888083746,3.3999996185302734
2022-09-14,92.61646270751953,157.92999267578125,374.0489807128906,26.15999984741211,0.003430586900395613,-0.003855034555311845,0.0038084684075049644,-1.1100006103515625
2022-09-15,92.55643463134766,154.97999572753906,369.8022766113281,26.270000457763672,-0.0006483462659740328,-0.018855801737618274,-0.011418278046993057,0.1100006103515625
2022-09-16,91.7849349975586,155.83999633789062,366.9810791015625,26.299999237060547,-0.008370385224154809,0.005533767627080334,-0.007658184121448498,0.029998779296875
2022-09-19,91.99922943115234,155.9600067138672,369.8269958496094,25.760000228881836,0.00233202388657326,0.0007697907679810017,0.007725026360421139,-0.5399990081787109
2022-09-20,91.08201599121094,155.07000732421875,365.5819091796875,27.15999984741211,-0.010019826024186834,-0.005722932055293624,-0.011544961698778783,1.3999996185302734
2022-09-21,92.60789489746094,155.7899932861328,359.2048034667969,27.989999771118164,0.016614020848370683,0.004632228320962459,-0.01759764678658102,0.8299999237060547
2022-09-22,90.24189758300781,155.6999969482422,356.1875,27.350000381469727,-0.025880580380649137,-0.0005778441890031698,-0.008435431423804946,-0.6399993896484375
2022-09-23,90.61051177978516,153.00999450683594,350.21966552734375,29.920000076293945,0.004076414668947827,-0.017427816406674814,-0.01689670418777218,2.5699996948242188
2022-09-26,88.87885284423828,151.22999572753906,346.75506591796875,32.2599983215332,-0.019295991923019323,-0.01170141432179742,-0.009941904606266396,2.339998245239258
2022-09-27,86.5385971069336,151.5399932861328,345.8698425292969,32.599998474121094,-0.02668371471031544,0.0020477436877313054,-0.0025561421770128414,0.3400001525878906
2022-09-28,89.43611145019531,154.69000244140625,352.6753234863281,30.18000030517578,0.03293400808669032,0.020573557832177892,0.019485343572323906,-2.4199981689453125
2022-09-29,88.97317504882812,154.66000366210938,345.308349609375,31.84000015258789,-0.005189611476367223,-0.0001939471718055397,-0.021110085353319208,1.6599998474121094
2022-09-30,87.82447052001953,154.6699981689453,339.9685363769531,31.6200008392334,-0.01299475102843761,6.462035224685361e-05,-0.015584711582845641,-0.2199993133544922
2022-10-03,89.21998596191406,158.42999267578125,348.94415283203125,30.100000381469727,0.01576490303108718,0.024019005945363412,0.026058815598856474,-1.5200004577636719
2022-10-04,88.97074127197266,160.6999969482422,359.7568664550781,29.06999969482422,-0.0027975064287626143,0.014226444596111972,0.030516543467154704,-1.0300006866455078
2022-10-05,88.12007141113281,159.80999755859375,358.9192199707031,28.549999237060547,-0.009607233610088245,-0.005553659432976476,-0.002331083166692052,-0.5200004577636719
2022-10-06,87.63027954101562,159.6300048828125,355.2166442871094,30.520000457763672,-0.0055737372412044735,-0.0011269264553861384,-0.010369480223063242,1.970001220703125
2022-10-07,86.77958679199219,157.8800048828125,345.308349609375,31.360000610351562,-0.009755176276868857,-0.011023386142689101,-0.028290084093410224,0.8400001525878906
2022-10-10,85.43049621582031,155.47999572753906,342.6717224121094,32.45000076293945,-0.015668283204897035,-0.015318203217156916,-0.0076648734840701,1.0900001525878906
2022-10-11,85.80856323242188,155.16000366210938,340.50164794921875,33.630001068115234,0.004415670491534366,-0.002060212330939929,-0.006352945989120641,1.1800003051757812
2022-10-12,86.2296142578125,155.99000549316406,339.37847900390625,33.56999969482422,0.004894865456273427,0.005335071671709423,-0.0033040235257606717,-0.060001373291015625
2022-10-13,85.40472412109375,154.91000366210938,348.33502197265625,31.940000534057617,-0.0096122547019528,-0.006947611087114204,0.02604878164322221,-1.6299991607666016
2022-10-14,84.70008087158203,152.97999572753906,340.3969421386719,32.02000045776367,-0.008284860383960663,-0.012537160793022467,-0.023052309969959037,0.07999992370605469
2022-10-17,84.2876205444336,153.4199981689453,349.14410400390625,31.3700008392334,-0.004881552240240062,0.0028720806307473926,0.025372328918263222,-0.6499996185302734
2022-10-18,84.48527526855469,153.75,353.2464294433594,30.5,0.002342257784141893,0.002148660090392182,0.011681171344924482,-0.8700008392333984
2022-10-19,82.94713592529297,151.69000244140625,350.7431335449219,30.760000228881836,-0.018373773685371575,-0.013488925988338462,-0.007111771483174469,0.26000022888183594
2022-10-20,81.52930450439453,151.4499969482422,347.80206298828125,29.979999542236328,-0.01724096822624052,-0.0015834633753089122,-0.008420608858731762,-0.7800006866455078
2022-10-21,80.0599365234375,154.14999389648438,356.25421142578125,29.690000534057617,-0.018186959388373784,0.01767059741452654,0.024011019620274077,-0.28999900817871094
2022-10-24,79.3982925415039,153.64999389648438,360.6134338378906,29.850000381469727,-0.00829869719492824,-0.0032488658845126403,0.012162011142412823,0.15999984741210938
2022-10-25,81.70978546142578,154.0,366.3719177246094,28.459999084472656,0.028696904276599815,0.002275353560635257,0.015842421896527594,-1.3900012969970703
2022-10-26,82.88701629638672,154.97999572753906,363.6116638183594,27.280000686645508,0.014304663230395547,0.006343446354353355,-0.007562545600807242,-1.1799983978271484
2022-10-27,83.7548828125,154.74000549316406,361.6700134277344,27.389999389648438,0.010416040230676406,-0.0015497241473593686,-0.005354209516299353,0.10999870300292969
2022-10-28,83.17916107177734,153.16000366210938,370.2743835449219,25.75,-0.006897622676920794,-0.01026317410117862,0.023512076973365884,-1.6399993896484375
2022-10-31,82.58625030517578,151.91000366210938,367.5997619628906,25.8799991607666,-0.007153643093240827,-0.008194886192774814,-0.00724956501673951,0.12999916076660156
2022-11-01,83.3580551147461,153.4600067138672,365.9912109375,25.809999465942383,0.009302041101493885,0.010151726172797497,-0.004385423656436853,-0.06999969482421875
2022-11-02,82.99627685546875,152.38999938964844,356.8061828613281,25.860000610351562,-0.004349496948346281,-0.006996970202892216,-0.02541659007812719,0.05000114440917969
2022-11-03,82.5483627319336,151.80999755859375,353.1322021484375,25.299999237060547,-0.005411413111147008,-0.003813297433937162,-0.010350232045612667,-0.5600013732910156
2022-11-04,81.16148376464844,156.47000122070312,358.2148742675781,24.549999237060547,-0.016943539756263334,0.0302345832528433,0.014290516642263275,-0.75
2022-11-07,80.35175323486328,155.85000610351562,361.6413879394531,24.350000381469727,-0.010026884841171117,-0.003970260739379374,0.009520065965801922,-0.1999988555908203
2022-11-08,81.23040771484375,159.4499969482422,363.5926513671875,25.540000915527344,0.010875744395746616,0.022836328940686813,0.005381071572385234,1.1900005340576172
2022-11-09,81.4974594116211,158.64999389648438,356.101806640625,26.09000015258789,0.0032821905827650415,-0.005029894759161607,-0.020817487658809045,0.5499992370605469
2022-11-10,84.63294219970703,163.47999572753906,375.671142578125,23.530000686645508,0.037751731626464585,0.029990153003992607,0.053497476204133594,-2.559999465942383
2022-11-11,84.32286071777344,164.55999755859375,379.3070373535156,22.520000457763672,-0.0036705673877401018,0.00658459794711783,0.009631862168551162,-1.010000228881836
2022-11-14,84.11610412597656,164.9199981689453,376.0804138183594,23.729999542236328,-0.002454974664923238,0.0021852662272774694,-0.008543014989752415,1.2099990844726562
2022-11-15,85.47711944580078,165.5,379.2879638671875,24.540000915527344,0.01605069483685138,0.0035106980811025834,0.008492728641170021,0.8100013732910156
2022-11-16,87.34636688232422,165.1199951171875,376.3945617675781,24.110000610351562,0.021632711760480698,-0.0022987420952167376,-0.007657756110088571,-0.43000030517578125
2022-11-17,86.42464447021484,163.9199981689453,375.24285888671875,23.93000030517578,-0.010608571007046057,-0.007293959961673216,-0.0030645195423799395,-0.18000030517578125
2022-11-18,85.83028411865234,162.7899932861328,376.94659423828125,23.1200008392334,-0.006900966088050983,-0.006917507382313755,0.004530077517301593,-0.8099994659423828
2022-11-21,86.19208526611328,161.8800048828125,375.5760192871094,22.360000610351562,0.004206449222121963,-0.0056056352070885974,-0.00364261868550733,-0.7600002288818359
2022-11-22,87.41529083251953,162.07000732421875,380.63006591796875,21.290000915527344,0.01409186448072846,0.0011730356909015207,0.013367048965695117,-1.0699996948242188
2022-11-23,88.93995666503906,163.0800018310547,383.0285949707031,20.350000381469727,0.01729127816800802,0.006212503317279542,0.0062816990435219,-0.9400005340576172
2022-11-25,88.63848876953125,163.22000122070312,382.9429626464844,20.5,-0.0033953240708446213,0.000858102340972588,-0.00022359139506931424,0.14999961853027344
2022-11-28,88.8883056640625,161.92999267578125,376.83233642578125,22.209999084472656,0.002814415257447207,-0.007934893665371402,-0.01608569793677292,1.7099990844726562
2022-11-29,87.84599304199219,162.72999572753906,376.18511962890625,21.889999389648438,-0.011795386798371407,0.004928261563008794,-0.0017189958905873006,-0.31999969482421875
2022-11-30,88.49203491210938,164.80999755859375,388.03521728515625,20.579999923706055,0.00732734473792268,0.012700921015012894,0.03101474003394799,-1.3099994659423828
2022-12-01,91.3189926147461,167.83999633789062,387.7496643066406,19.84000015258789,0.03144624325433802,0.01821784239630758,-0.0007361653937512517,-0.7399997711181641
2022-12-02,92.46735382080078,167.25999450683594,387.30230712890625,19.059999465942383,0.012496860331547358,-0.0034616677176241193,-0.0011543928508062856,-0.7800006866455078
2022-12-05,91.17221069335938,164.38999938964844,380.33502197265625,20.75,-0.014105507218397484,-0.01730780530272015,-0.01815304238141158,1.6900005340576172
2022-12-06,92.34650421142578,164.83999633789062,374.85260009765625,22.170000076293945,0.012797708897576846,0.0027336344458788004,-0.014519618783846612,1.4200000762939453
2022-12-07,94.52240753173828,166.3300018310547,374.21490478515625,22.68000030517578,0.023289070894435868,0.008998493556537802,-0.0017026381798662393,0.5100002288818359
2022-12-08,94.26336669921875,166.47000122070312,377.146484375,22.290000915527344,-0.002744285115196143,0.0008413425277820795,0.007803420586338404,-0.3899993896484375
2022-12-09,91.8111801147461,167.05999755859375,374.3290710449219,22.829999923706055,-0.02635856006148965,0.0035378943750204003,-0.007498385039096712,0.5399990081787109
2022-12-12,92.104736328125,165.67999267578125,379.72589111328125,25.0,0.0031922899154373068,-0.008294841833501867,0.01431437359388612,2.1700000762939453
2022-12-13,92.99407196044922,168.50999450683594,382.600341796875,22.549999237060547,0.009609380892174854,0.016936889733695327,0.007541297104225066,-2.450000762939453
2022-12-14,93.39128875732422,168.10000610351562,380.1542053222656,21.139999389648438,0.004262324001323766,-0.0024359858905979824,-0.006413976474683958,-1.4099998474121094
2022-12-15,93.75568389892578,165.35000610351562,370.85498046875,22.829999923706055,0.0038942185057220494,-0.016494600382901816,-0.024765875917789077,1.6900005340576172
2022-12-16,92.7083511352539,166.7899932861328,366.47662353515625,22.6200008392334,-0.011233734994817344,0.008671019495160068,-0.011876361661135789,-0.20999908447265625
2022-12-19,91.15040588378906,166.32000732421875,363.36895751953125,22.420000076293945,-0.016947602236897116,-0.0028218082489996433,-0.008516006337628982,-0.20000076293945312
2022-12-20,89.53180694580078,169.0800018310547,363.8662414550781,21.479999542236328,-0.017917007020348694,0.016458298941440037,0.0013676016060699123,-0.9400005340576172
2022-12-21,89.7568588256836,168.8000030517578,369.306884765625,20.06999969482422,0.0025104988886552053,-0.0016573862871153066,0.01484163285583286,-1.4099998474121094
2022-12-22,89.73957061767578,166.75999450683594,364.038330078125,21.969999313354492,-0.0001926301053997244,-0.012158980168932585,-0.014368799924201349,1.8999996185302734
2022-12-23,88.42391204833984,167.25999450683594,366.13238525390625,20.8700008392334,-0.014769384449182257,0.002993835039254722,0.005735811839417483,-1.0999984741210938
2022-12-27,86.67550659179688,168.6699981689453,364.6885070800781,21.649999618530273,-0.019971095067942587,0.008394677302769623,-0.003951392379828127,0.779998779296875
2022-12-28,86.16487884521484,167.91000366210938,360.15618896484375,22.139999389648438,-0.00590867962828797,-0.004515989032750605,-0.01250578836828965,0.48999977111816406
2022-12-29,87.14290618896484,168.85000610351562,366.6391296386719,21.440000534057617,0.011286714282382182,0.005582639597805041,0.01784027071612997,-0.6999988555908203
2022-12-30,86.17353057861328,169.63999938964844,365.6733703613281,21.670000076293945,-0.01118631027569989,0.004667758029330661,-0.0026375620714413897,0.22999954223632812
2023-01-03,87.81803131103516,171.05999755859375,364.1339416503906,22.899999618530273,0.018903786902810707,0.008335816871946341,-0.00421873272243592,1.2299995422363281
2023-01-04,89.0211410522461,172.6699981689453,366.9450988769531,22.010000228881836,0.013607033873696434,0.009367889939565922,0.0076904710046793645,-0.8899993896484375
2023-01-05,89.39331817626953,170.52000427246094,362.757080078125,22.459999084472656,0.0041720571917481875,-0.01252963086748756,-0.011478833160210509,0.4499988555908203
2023-01-06,91.03787231445312,173.7100067138672,371.07586669921875,21.1299991607666,0.018229660589351524,0.01853466381119925,0.02267312478914521,-1.3299999237060547
2023-01-09,91.52257537841797,174.10000610351562,370.8654479980469,21.969999313354492,0.005310068078969872,0.0022426010679794787,-0.0005672111867747723,0.8400001525878906
2023-01-10,90.00786590576172,174.74000549316406,373.46630859375,20.579999923706055,-0.016688601832841734,0.003669304474491391,0.006988472970268733,-1.3899993896484375
2023-01-11,91.47064971923828,174.6199951171875,378.1898498535156,21.09000015258789,0.01612108726452227,-0.0006870298860052756,0.012568521888932418,0.5100002288818359
2023-01-12,93.27096557617188,176.63999938964844,379.5667724609375,18.829999923706055,0.019490712440440303,0.011501603213231942,0.003634212047374991,-2.260000228881836
2023-01-13,92.39678192138672,178.75999450683594,381.039306640625,18.350000381469727,-0.009416714818549245,0.011930333702592914,0.003872006968879931,-0.4799995422363281
2023-01-17,91.79955291748047,177.58999633789062,380.3412780761719,19.360000610351562,-0.006484722915886377,-0.006566591290624395,-0.001833586970908898,1.010000228881836
2023-01-18,94.02400207519531,177.0800018310547,374.3363952636719,20.34000015258789,0.023942663466829474,-0.0028758838411488395,-0.01591410414408142,0.9799995422363281
2023-01-19,93.43541717529297,179.88999938964844,371.6112976074219,20.520000457763672,-0.006279618665451689,0.015743931377470842,-0.007306436645189748,0.18000030517578125
2023-01-20,91.92073059082031,179.2899932861328,378.53411865234375,19.850000381469727,-0.016343890611123887,-0.0033409804213138158,0.018457801483967983,-0.6700000762939453
2023-01-23,91.4879379272461,179.6300048828125,383.075927734375,19.809999465942383,-0.004719443964950839,0.0018946378029897782,0.011927003705128687,-0.04000091552734375
2023-01-24,92.80355834960938,180.27999877929688,382.664794921875,19.200000762939453,0.01427784568167827,0.0036119840879409123,-0.001073817389728805,-0.6099987030029297
2023-01-25,93.02861022949219,181.11000061035156,382.8082580566406,19.079999923706055,0.002422099377379491,0.004593393795208086,0.00037483523655641835,-0.12000083923339844
2023-01-26,92.59584045410156,179.47000122070312,387.0154113769531,18.729999542236328,-0.00466286157791521,-0.009096515003608066,0.010930282799491532,-0.35000038146972656
2023-01-27,92.36214447021484,179.22000122070312,387.9046630859375,18.510000228881836,-0.0025270183208804544,-0.0013939615756237058,0.0022950808183345166,-0.2199993133544922
2023-01-30,92.02458953857422,178.75999450683594,383.0377197265625,19.940000534057617,-0.003661383890253526,-0.002570014931290955,-0.012626126477605238,1.4300003051757812
2023-01-31,92.76030731201172,179.41000366210938,388.6695861816406,19.399999618530273,0.00796300643175637,0.0036296165072691286,0.014596120573612191,-0.5400009155273438
2023-02-01,93.87539672851562,181.6699981689453,392.8003845214844,17.8700008392334,0.011949510849652184,0.012518134528387544,0.010571965573493916,-1.529998779296875
2023-02-02,93.99689483642578,177.89999389648438,398.5184020996094,18.729999542236328,0.0012934118579817036,-0.0209702840085377,0.014452120177989771,0.8599987030029297
2023-02-03,92.59113311767578,173.4600067138672,394.28240966796875,18.329999923706055,-0.015068365670701207,-0.025274496401227434,-0.010686247238302245,-0.39999961853027344
2023-02-06,91.90557098388672,173.82000732421875,391.8728942871094,19.43000030517578,-0.007431734810259481,0.002073259184240806,-0.006129890401144126,1.1000003814697266
2023-02-07,91.1679458618164,173.97999572753906,396.99798583984375,18.65999984741211,-0.008058283101848899,0.0009200023760844002,0.012993669280320978,-0.7700004577636719
2023-02-08,91.60182189941406,174.41000366210938,392.6568603515625,19.6299991607666,0.004747796727354807,0.002468544755507998,-0.010995105629255882,0.9699993133544922
2023-02-09,90.73403930664062,173.02999877929688,389.2529296875,20.709999084472656,-0.009518578945732988,-0.007943887464013586,-0.008706764414749227,1.0799999237060547
2023-02-10,89.71875762939453,173.36000061035156,390.1612548828125,20.530000686645508,-0.011252719910023917,0.0019053779351280687,0.0023307905463023615,-0.17999839782714844
2023-02-13,90.47372436523438,172.47999572753906,394.7414245605469,20.34000015258789,0.008379607685674816,-0.005089097798950408,0.011670801451955107,-0.1900005340576172
2023-02-14,90.26544952392578,172.61000061035156,394.5597229003906,18.90999984741211,-0.0023047016207627465,0.000753454984742333,-0.00046041150187224237,-1.4300003051757812
2023-02-15,89.4237289428711,170.88999938964844,395.84100341796875,18.229999542236328,-0.009368697045493916,-0.010014646847400324,0.003242106433449608,-0.6800003051757812
2023-02-16,88.15678405761719,170.75,390.3907165527344,20.170000076293945,-0.01426920511359784,-0.0008195726363130796,-0.013864549174559482,1.9400005340576172
2023-02-17,88.84232330322266,171.25999450683594,389.4154968261719,20.020000457763672,0.007746283964940992,0.002982339072148569,-0.0025011861107026344,-0.14999961853027344
2023-02-21,87.11547088623047,170.6199951171875,381.6034851074219,22.8700008392334,-0.019628660028208143,-0.0037440046605545256,-0.020264816410101274,2.8500003814697266
2023-02-22,87.91380310058594,169.66000366210938,381.0775146484375,22.290000915527344,0.00912233402328777,-0.0056423768979153,-0.0013792674592277634,-0.5799999237060547
2023-02-23,88.77290344238281,169.57000732421875,383.1047058105469,21.139999389648438,0.009724637794436901,-0.0005305918526508475,0.005305530181307243,-1.1500015258789062
2023-02-24,87.61875915527344,168.35000610351562,379.01220703125,21.670000076293945,-0.013086341393809894,-0.0072206822499255125,-0.01073992204612252,0.5300006866455078
2023-02-27,87.86173248291016,169.00999450683594,380.3031311035156,20.950000762939453,0.0027692364050495026,0.003912670406128105,0.0034002350570149892,-0.7199993133544922
2023-02-28,88.26089477539062,169.77999877929688,378.8974304199219,20.700000762939453,0.0045327847095054325,0.004545621851780495,-0.003703111828951946,-0.25
2023-03-01,87.3127212524414,170.75999450683594,377.4440002441406,20.579999923706055,-0.010800970695783922,0.005755555600934512,-0.0038433223566014785,-0.12000083923339844
2023-03-02,86.53849792480469,170.66000366210938,380.37957763671875,19.59000015258789,-0.008906793402058187,-0.000585735153896139,0.007747428720021289,-0.9899997711181641
2023-03-03,88.63497161865234,172.49000549316406,386.4799499511719,18.489999771118164,0.023937115619645215,0.010666001055863707,0.015910348066050163,-1.1000003814697266
2023-03-06,87.9477310180664,171.6199951171875,386.7476501464844,18.610000610351562,-0.007783820954043963,-0.0050565936951402655,0.0006924227898082698,0.12000083923339844
2023-03-07,88.4870834350586,168.6199951171875,380.81939697265625,19.59000015258789,0.006113919168912684,-0.017635068390636166,-0.015447174488672524,0.9799995422363281
2023-03-08,88.57408905029297,168.5399932861328,381.4408874511719,19.110000610351562,0.0009827747214811778,-0.0004745630282821619,0.0016306519673885281,-0.4799995422363281
2023-03-09,88.79157257080078,170.1999969482422,374.40338134765625,22.610000610351562,0.002452375815230349,0.00980112770009771,-0.018622115075584592,3.5
2023-03-10,91.85363006591797,173.8699951171875,369.0009460449219,24.799999237060547,0.03390459054339664,0.021333667247723984,-0.01453456809532437,2.1899986267089844
2023-03-13,92.06242370605469,177.86000061035156,368.4750061035156,26.520000457763672,0.002270532947552474,0.022688861946558777,-0.001426324557535666,1.720001220703125
2023-03-14,90.54875946044922,176.8300018310547,374.5660095214844,23.729999542236328,-0.01657838131816106,-0.005807897981361377,0.0163951645426506,-2.7900009155273438
2023-03-15,92.29730987548828,178.2100067138672,372.22332763671875,26.139999389648438,0.019126511454420417,0.007773838437142398,-0.0062740305809596275,2.4099998474121094
2023-03-16,91.57527160644531,178.57000732421875,378.7539978027344,22.989999771118164,-0.007853721033910696,0.0020180543660701534,0.017392894773844696,-3.1499996185302734
2023-03-17,92.94973754882812,183.77000427246094,374.32537841796875,25.510000228881836,0.014897615983976308,0.028704276731304653,-0.011761497065080184,2.520000457763672
2023-03-20,92.13201904296875,183.83999633789062,377.92474365234375,24.149999618530273,-0.008836352556934894,0.0003807952240648717,0.009569669974018062,-1.3600006103515625
2023-03-21,91.34037017822266,180.3699951171875,382.8870544433594,21.3799991607666,-0.00862967753381715,-0.01905552456933767,0.013044963743688678,-2.770000457763672
2023-03-22,92.55824279785156,183.44000244140625,376.3601379394531,22.260000228881836,0.013245237740425958,0.016877382247649345,-0.01719355002741128,0.8800010681152344
2023-03-23,92.55824279785156,185.74000549316406,377.37762451171875,22.610000610351562,0.0,0.012460224063675791,0.0026998440067759507,0.35000038146972656
2023-03-24,92.94973754882812,183.64999389648438,379.85394287109375,21.739999771118164,0.0042207923503259255,-0.011316136891165252,0.006540475314709969,-0.8700008392333984
2023-03-27,90.76625061035156,181.9499969482422,380.5642395019531,20.600000381469727,-0.02377136338946023,-0.009299831745516636,0.001868174259655722,-1.1399993896484375
2023-03-28,90.93153381347656,183.44000244140625,379.7100524902344,19.969999313354492,0.0018193204637990724,0.008155744573006158,-0.0022470505188237283,-0.6300010681152344
2023-03-29,90.74886322021484,182.52999877929688,385.2290954589844,19.1200008392334,-0.002010901096650741,-0.0049731154716589265,0.014430268743935881,-0.8499984741210938
2023-03-30,91.16641235351562,184.17999267578125,387.48468017578125,19.020000457763672,0.0045905970815803745,0.008998964139577773,0.005838102527543852,-0.10000038146972656
2023-03-31,92.53215789794922,183.22000122070312,392.9461364746094,18.700000762939453,0.014869693402823741,-0.0052258772770236855,0.013996232177903524,-0.31999969482421875
2023-04-03,92.96733856201172,184.5399932861328,394.4433898925781,18.549999237060547,0.00469199615886932,0.00717858251921089,0.003803086458361044,-0.15000152587890625
2023-04-04,93.42955780029297,187.97999572753906,392.25506591796875,19.0,0.004959526630879375,0.018469345695108493,-0.005563325064648501,0.4500007629394531
2023-04-05,94.40632629394531,187.8300018310547,391.2279968261719,19.079999923706055,0.010400326890040773,-0.0007982432900847153,-0.0026218044242763998,0.07999992370605469
2023-04-06,94.65052795410156,186.49000549316406,392.7541198730469,18.399999618530273,0.002583368870069995,-0.007159660374899705,0.0038932647621746108,-0.6800003051757812
2023-04-10,93.12432861328125,185.11000061035156,393.15728759765625,18.969999313354492,-0.016255988449833912,-0.007427401530065852,0.001025987805096594,0.5699996948242188
2023-04-11,93.316162109375,186.27999877929688,393.2628479003906,19.100000381469727,0.0020578530237457563,0.00630066529229045,0.00026845778383211965,0.13000106811523438
2023-04-12,93.22026062011719,187.19000244140625,391.6599426269531,19.09000015258789,-0.0010282334817401544,0.0048732452945133,-0.0040842424782615355,-0.010000228881835938
2023-04-13,92.4876708984375,189.72000122070312,396.86224365234375,17.799999237060547,-0.007889738643587833,0.013425150587981827,0.013195257150234027,-1.2900009155273438
2023-04-14,91.6417465209961,186.36000061035156,395.89276123046875,17.06999969482422,-0.009188432146044574,-0.017869017219899228,-0.002445857545416401,-0.7299995422363281
2023-04-17,90.55160522460938,185.52999877929688,397.3133850097656,16.950000762939453,-0.011967004237698156,-0.00446370276447651,0.0035819825778828753,-0.11999893188476562
2023-04-18,90.87425994873047,186.25,397.5724792480469,16.829999923706055,0.003556880536104526,0.0038732698004284223,0.0006519030193069705,-0.12000083923339844
2023-04-19,90.78705596923828,185.36000061035156,397.5052795410156,16.459999084472656,-0.0009600721623070676,-0.004789973842758077,-0.0001690393334448305,-0.37000083923339844
2023-04-20,91.5632553100586,186.08999633789062,395.3360290527344,17.170000076293945,0.008513328257061222,0.003930524556986942,-0.005472106152287576,0.7100009918212891
2023-04-21,91.0486831665039,184.25,395.64324951171875,16.770000457763672,-0.005635704979618839,-0.009936876904451757,0.0007768104241388847,-0.39999961853027344
2023-04-24,91.92953491210938,184.80999755859375,396.0559997558594,16.889999389648438,0.009628015392513798,0.0030347260178608367,0.0010426946392030837,0.11999893188476562
2023-04-25,93.28131103515625,185.75,389.7690734863281,18.760000228881836,0.014597418629643165,0.005073426510561733,-0.016001170295404463,1.8700008392333984
2023-04-26,92.28707885742188,184.74000549316406,388.11822509765625,18.84000015258789,-0.010715636341291152,-0.005452222698837164,-0.004244447415604555,0.07999992370605469
2023-04-27,91.37136840820312,184.75,395.8448181152344,17.030000686645508,-0.009971967541241947,5.4098929279836664e-05,0.01971226393521961,-1.8099994659423828
2023-04-28,92.84525299072266,184.8000030517578,399.2234191894531,15.779999732971191,0.016001987463189187,0.0002706158931134578,0.008498947015169962,-1.2500009536743164
2023-05-01,90.16812896728516,183.97000122070312,398.8202209472656,16.079999923706055,-0.02925813368195419,-0.004501468248394752,-0.0010104667369451328,0.3000001907348633
2023-05-02,92.41507720947266,187.52000427246094,394.337890625,17.780000686645508,0.024614111360324348,0.01911282169964576,-0.011302609087704625,1.7000007629394531
2023-05-03,92.93095397949219,189.11000061035156,391.631103515625,18.34000015258789,0.00556664848831226,0.00844333039400089,-0.006887797943110853,0.5599994659423828
2023-05-04,92.0129165649414,190.44000244140625,388.8572082519531,20.09000015258789,-0.009927822448076351,0.007008337579460111,-0.00710813192515207,1.75
2023-05-05,91.7068862915039,187.4600067138672,396.0559997558594,17.190000534057617,-0.0033314923239387453,-0.015771672012865213,0.018343412453532146,-2.8999996185302734
2023-05-08,90.42163848876953,187.69000244140625,396.1615295410156,16.979999542236328,-0.014113869746311883,0.0012261535425393925,0.0002664161846409306,-0.21000099182128906
2023-05-09,90.09815979003906,189.02000427246094,394.42425537109375,17.709999084472656,-0.003583862247205447,0.007061173494320752,-0.004394910708991329,0.7299995422363281
2023-05-10,90.97246551513672,188.75,396.2671813964844,16.940000534057617,0.009657143652727284,-0.0014294640409972018,0.0046615639855233865,-0.7699985504150391
2023-05-11,91.9342269897461,187.1300048828125,395.5760803222656,16.93000030517578,0.010516513369964649,-0.008619799546280105,-0.0017455506237375959,-0.010000228881835938
2023-05-12,91.16481018066406,186.80999755859375,395.0577392578125,17.030000686645508,-0.008404428006931218,-0.001711544099310757,-0.001311204064080759,0.10000038146972656
2023-05-15,90.2205581665039,187.2100067138672,396.4207458496094,17.1200008392334,-0.010411650649515918,0.0021389727993926496,0.0034442071764151836,0.09000015258789062
2023-05-16,89.94953155517578,184.8699951171875,393.7716064453125,17.989999771118164,-0.00300856614079739,-0.01257816833072297,-0.006705074584946272,0.8699989318847656
2023-05-17,89.68721771240234,184.22999572753906,398.551513671875,16.8700008392334,-0.0029204940557957418,-0.003467895133703326,0.01206569666771482,-1.1199989318847656
2023-05-18,89.02274322509766,181.83999633789062,402.39093017578125,16.049999237060547,-0.007436379549540978,-0.013057794413406836,0.009587320392949501,-0.8200016021728516
2023-05-19,88.39327239990234,183.63999938964844,401.8053894042969,16.809999465942383,-0.00709601626787835,0.009850156652287684,-0.001456213764477135,0.7600002288818359
2023-05-22,88.07848358154297,183.2100067138672,401.9685974121094,17.209999084472656,-0.0035675867844811504,-0.002344243508491738,0.0004061042351020259,0.39999961853027344
2023-05-23,88.33204650878906,183.42999267578125,397.4573059082031,18.530000686645508,0.002874693497419504,0.0012000108481294142,-0.011286447871891231,1.3200016021728516
2023-05-24,87.89488983154297,181.9499969482422,394.57781982421875,20.030000686645508,-0.004961302545732701,-0.008101176111367243,-0.007271139061458633,1.5
2023-05-25,87.67630767822266,180.1999969482422,397.9948425292969,19.139999389648438,-0.0024899558623796424,-0.00966457904681634,0.008622663987181785,-0.8900012969970703
2023-05-26,88.38450622558594,180.9199981689453,403.1491394042969,17.950000762939453,0.008044974362007526,0.003987606250000357,0.012867519718716554,-1.1899986267089844
2023-05-30,89.26754760742188,182.0399932861328,403.302734375,17.459999084472656,0.009941327841170022,0.006171471778321201,0.00038091540872856337,-0.4900016784667969
2023-05-31,90.04570007324219,182.32000732421875,401.0662841796875,17.940000534057617,0.008679306863884633,0.001537018842589403,-0.005560771006123337,0.48000144958496094
2023-06-01,90.39897155761719,183.75999450683594,404.8768615722656,15.649999618530273,0.003915570712464999,0.007867103377943253,0.009456264522061598,-2.2900009155273438
2023-06-02,89.40837860107422,181.0500030517578,410.73187255859375,14.600000381469727,-0.01101849260043929,-0.014857275420164701,0.014357648027288375,-1.0499992370605469
2023-06-05,89.24182891845703,182.13999938964844,409.9447326660156,14.729999542236328,-0.0018645344237806119,0.0060023657211361265,-0.0019182711653801825,0.12999916076660156
2023-06-06,89.76780700683594,182.33999633789062,410.8374328613281,13.960000038146973,0.0058765507156068805,0.0010974372841257363,0.002175243529412819,-0.7699995040893555
2023-06-07,88.43529510498047,180.14999389648438,409.41680908203125,13.9399995803833,-0.014955258598148148,-0.012083252758880945,-0.003463865536034231,-0.020000457763671875
2023-06-08,89.46976470947266,182.52999877929688,411.8931884765625,13.649999618530273,0.011629587878476167,0.013124733073092816,0.006030334237584125,-0.28999996185302734
2023-06-09,89.34700775146484,182.0399932861328,412.6322937011719,13.829999923706055,-0.0013729917568978964,-0.002688130119841765,0.0017928018928481224,0.18000030517578125
2023-06-12,89.61001586914062,181.8800048828125,416.3756103515625,15.010000228881836,0.0029393460140889546,-0.0008792504640156504,0.009030896022152872,1.1800003051757812
2023-06-13,88.724609375,180.5399932861328,419.12078857421875,14.609999656677246,-0.009929802113057249,-0.00739483312084137,0.006571394215419845,-0.40000057220458984
2023-06-14,89.4346923828125,180.63999938964844,419.6198425292969,13.880000114440918,0.007971369003505624,0.0005537743402144653,0.001190007960660873,-0.7299995422363281
2023-06-15,90.29381561279297,181.91000366210938,424.82220458984375,14.5,0.009560306076847502,0.007005982383036308,0.012321574694677798,0.619999885559082
2023-06-16,89.9431381225586,181.6300048828125,423.3751525878906,13.539999961853027,-0.0038912989314253596,-0.0015404017609150433,-0.003412067707152906,-0.9600000381469727
2023-06-20,90.56554412841797,179.75,421.1785583496094,13.880000114440918,0.006896161057126703,-0.010404681043488588,-0.00520179868471472,0.3400001525878906
2023-06-21,90.7846908569336,179.49000549316406,419.02056884765625,13.199999809265137,0.0024168354146846408,-0.0014474699268161662,-0.005136863815736804,-0.6800003051757812
2023-06-22,89.68891143798828,177.7100067138672,420.5331115722656,12.90999984741211,-0.012143525377189504,-0.009966480697039254,0.003603210601884583,-0.28999996185302734
2023-06-23,90.58307647705078,178.1999969482422,417.3539123535156,13.4399995803833,0.009920258631468127,0.0027534519339434175,-0.007588647120232324,0.5299997329711914
2023-06-26,90.67947387695312,178.50999450683594,415.6487121582031,14.25,0.001063621898752791,0.0017380933759117798,-0.004094110935498044,0.8100004196166992
2023-06-27,90.44280242919922,177.69000244140625,420.20556640625,13.739999771118164,-0.0026133901062015317,-0.00460411859047838,0.0109035737713221,-0.5100002288818359
2023-06-28,90.82852172851562,177.27999877929688,420.4175720214844,13.430000305175781,0.0042557186941718115,-0.002310076023493695,0.0005044011044610444,-0.3099994659423828
2023-06-29,89.1892318725586,177.08999633789062,422.07452392578125,13.539999961853027,-0.018213038854631478,-0.0010723394318449203,0.003933458957405087,0.1099996566772461
2023-06-30,90.24116516113281,178.27000427246094,427.0552978515625,13.59000015258789,0.011725386088381466,0.006641221688667137,0.0117316125839405,0.05000019073486328
2023-07-03,89.72962951660156,178.47000122070312,427.54669189453125,13.569999694824219,-0.005684667037094403,0.001121247777740352,0.0011499952095127034,-0.020000457763671875
2023-07-05,88.87696075439453,177.83999633789062,426.9108581542969,14.180000305175781,-0.009548082618471553,-0.003536277643963551,-0.0014882748886947768,0.6100006103515625
2023-07-06,87.61994934082031,177.30999755859375,423.56787109375,15.4399995803833,-0.014244245597710406,-0.002984649764026069,-0.007861464755503964,1.2599992752075195
2023-07-07,87.09257507324219,178.63999938964844,422.4984436035156,14.829999923706055,-0.006037069993451065,0.007473004815488796,-0.0025280005625971185,-0.6099996566772461
2023-07-10,87.20684814453125,178.77999877929688,423.56787109375,15.069999694824219,0.0013112273758810208,0.0007833887164984092,0.0025280005625970036,0.23999977111816406
2023-07-11,87.65512084960938,179.4499969482422,426.2653503417969,14.84000015258789,0.005127171902138818,0.003740607755698653,0.006348276906986402,-0.22999954223632812
2023-07-12,88.630859375,181.8800048828125,429.69500732421875,13.539999961853027,0.011070063411239115,0.013450555215707776,0.00801363125190784,-1.3000001907348633
2023-07-13,89.56260681152344,182.00999450683594,433.10546875,13.609999656677246,0.010457801267449437,0.0007144446386035077,0.007905603399044732,0.06999969482421875
2023-07-14,89.03516387939453,181.42999267578125,432.8357238769531,13.34000015258789,-0.005906506710449736,-0.0031917364290746223,-0.0006230097010479354,-0.26999950408935547
2023-07-17,89.07913970947266,181.55999755859375,434.3386535644531,13.479999542236328,0.0004937933684786591,0.0007163001287566721,0.003466272139515311,0.1399993896484375
2023-07-18,89.48348999023438,183.63999938964844,437.5660095214844,13.300000190734863,0.004528954043648605,0.011391151915954547,0.007403035752056121,-0.17999935150146484
2023-07-19,90.4943618774414,183.6699981689453,438.5390625,13.760000228881836,0.011233410187009492,0.00016334311378929522,0.002221316619883213,0.46000003814697266
2023-07-20,89.39557647705078,182.74000549316406,435.62957763671875,13.989999771118164,-0.012216348235581397,-0.005076251540707524,-0.006656600278341038,0.22999954223632812
2023-07-21,89.42195892333984,182.17999267578125,435.62957763671875,13.600000381469727,0.00029507672635589185,-0.003069238517008006,0.0,-0.3899993896484375
2023-07-24,89.09673309326172,181.39999389648438,437.5756530761719,13.90999984741211,-0.0036436093745631924,-0.0042906650791519445,0.004457322501082012,0.3099994659423828
2023-07-25,88.92972564697266,182.41000366210938,438.7702331542969,13.859999656677246,-0.0018762098225396364,0.0055524167407640206,0.0027262770027138695,-0.05000019073486328
2023-07-26,89.0176010131836,183.3000030517578,438.83770751953125,13.1899995803833,0.0009876560103881645,0.0048672507195615744,0.00015376881233659804,-0.6700000762939453
2023-07-27,87.28595733642578,180.4199981689453,435.9281921386719,14.40999984741211,-0.01964451971834561,-0.015836715414990758,-0.006652125125162427,1.2200002670288086
2023-07-28,87.73426055908203,181.86000061035156,440.1960754394531,13.329999923706055,0.005122884755642175,0.007949707574281263,0.009742720793932505,-1.0799999237060547
2023-07-31,87.9452133178711,182.35000610351562,441.0342712402344,13.630000114440918,0.0024015652543022655,0.002690787072192315,0.0019023313409843759,0.3000001907348633
2023-08-01,86.50407409667969,180.4600067138672,439.7722473144531,13.930000305175781,-0.016522532451779894,-0.010418766955581948,-0.0028656118291875777,0.3000001907348633
2023-08-02,85.57854461669922,179.60000610351562,433.6545715332031,16.09000015258789,-0.01075690748296315,-0.004776993918500052,-0.014008674097938484,2.1599998474121094
2023-08-03,83.60415649414062,179.5399932861328,432.4118347167969,15.920000076293945,-0.023341367045160415,-0.00033420291832367705,-0.0028698438373084205,-0.1700000762939453
2023-08-04,85.08495330810547,180.19000244140625,430.4561462402344,17.100000381469727,0.01755697037146166,0.003613876354074006,-0.004533003584633243,1.1800003051757812
2023-08-07,84.24757385253906,179.77999877929688,434.2134094238281,15.770000457763672,-0.009890436240285095,-0.002277988932518744,0.008690688384218867,-1.3299999237060547
2023-08-08,85.22594451904297,178.63999938964844,432.32513427734375,15.989999771118164,0.01154612879953718,-0.006361270240024672,-0.004358209219964037,0.2199993133544922
2023-08-09,85.66669464111328,177.7899932861328,429.4349060058594,15.960000038146973,0.005158222162154413,-0.00476956334967285,-0.006707758478666694,-0.029999732971191406
2023-08-10,84.25639343261719,177.60000610351562,429.58905029296875,15.850000381469727,-0.016599669983216304,-0.0010691758408616784,0.00035888239817656907,-0.1099996566772461
2023-08-11,84.0625,177.60000610351562,429.3385925292969,14.84000015258789,-0.0023038829976426566,0.0,-0.0005831871237661957,-1.010000228881836
2023-08-14,83.87739562988281,177.05999755859375,431.70855712890625,14.819999694824219,-0.0022044130059924744,-0.003045220530389694,0.005504856697774478,-0.020000457763671875
2023-08-15,83.36616516113281,176.58999633789062,426.6796569824219,16.459999084472656,-0.006113623252938474,-0.0026580037072091345,-0.011717210464343552,1.6399993896484375
2023-08-16,82.71390533447266,175.57000732421875,423.5486145019531,16.780000686645508,-0.007854803749793837,-0.005792775189194925,-0.007365214118241423,0.32000160217285156
2023-08-17,82.361328125,175.3000030517578,420.3211669921875,17.889999389648438,-0.004271721907937817,-0.0015390561619561794,-0.007649197345569418,1.1099987030029297
2023-08-18,82.65218353271484,175.3300018310547,420.5234375,17.299999237060547,0.0035252350671737508,0.0001711135895520659,0.00048111270651791005,-0.5900001525878906
2023-08-21,81.55040740966797,175.80999755859375,423.259521484375,17.1299991607666,-0.013419918065418665,0.00273392964256731,0.006485301806615598,-0.1700000762939453
2023-08-22,82.17621612548828,176.10000610351562,422.11309814453125,16.969999313354492,0.007644593774472003,0.0016481975934526548,-0.002712233673062676,-0.15999984741210938
2023-08-23,84.21231842041016,177.88999938964844,426.8144836425781,15.979999542236328,0.02447529142163743,0.010113328144583607,0.01107617107338165,-0.9899997711181641
2023-08-24,83.65703582763672,177.85000610351562,420.8992004394531,17.200000762939453,-0.006615675869148063,-0.0002248455933195227,-0.013956078154473897,1.220001220703125
2023-08-25,83.93028259277344,177.6199951171875,423.8664245605469,15.680000305175781,0.003260950886377368,-0.0012941233726573686,0.0070249930539571,-1.5200004577636719
2023-08-28,84.01841735839844,178.1300048828125,426.55438232421875,15.079999923706055,0.0010495439826681513,0.002867238875764686,0.006321497999822604,-0.6000003814697266
2023-08-29,84.89103698730469,179.8699951171875,432.72015380859375,14.449999809265137,0.010332487257151501,0.00972069237763269,0.014351355825529773,-0.630000114440918
2023-08-30,84.80290222167969,180.32000732421875,434.50244140625,13.880000114440918,-0.001038749809929917,0.002498750315822613,0.004110340567202369,-0.5699996948242188
2023-08-31,85.18191528320312,180.02000427246094,433.8665771484375,13.569999694824219,0.004459382845802331,-0.001665111347163996,-0.0014645026662035686,-0.3100004196166992
2023-09-01,83.85490417480469,180.11000061035156,434.6758117675781,13.09000015258789,-0.015701175336080245,0.0004997991755412262,0.001863432029643891,-0.4799995422363281
2023-09-05,82.67908477783203,178.63999938964844,432.7972106933594,14.010000228881836,-0.014121308732408355,-0.008195174622491511,-0.004331210221780315,0.9200000762939453
2023-09-06,82.8824234008789,177.8300018310547,429.88775634765625,14.449999809265137,0.002456352657372342,-0.004544556063018457,-0.006745139854717577,0.4399995803833008
2023-09-07,83.11226654052734,178.02000427246094,428.56787109375,14.399999618530273,0.002769284808053659,0.0010678794784509471,-0.003075025084022739,-0.05000019073486328
2023-09-08,83.43054962158203,178.0800018310547,429.21337890625,13.84000015258789,0.00382224194218099,0.0003369702787594387,0.0015050642208636516,-0.5599994659423828
2023-09-11,82.82938385009766,178.41000366210938,432.03607177734375,13.800000190734863,-0.007231668855644597,0.0018513951035425602,0.006554902242719116,-0.039999961853027344
2023-09-12,83.3067855834961,177.49000549316406,429.6661682128906,14.229999542236328,0.005747129587176948,-0.005169992663578624,-0.0055005300665353606,0.42999935150146484
2023-09-13,83.28909301757812,177.0800018310547,430.16705322265625,13.479999542236328,-0.00021240100455126415,-0.002312682045193072,0.0011650749329916675,-0.75
2023-09-14,82.68792724609375,177.1699981689453,433.876220703125,12.819999694824219,-0.007243995577201233,0.0005080950731221542,0.008585658559070381,-0.6599998474121094
2023-09-15,82.18399810791016,178.33999633789062,428.648681640625,13.789999961853027,-0.006112995967823676,0.00658210689497754,-0.012121628156319382,0.9700002670288086
2023-09-18,82.65255737304688,179.38999938964844,428.9001159667969,14.0,0.005685153099600744,0.00587038313631886,0.0005864023926763673,0.21000003814697266
2023-09-19,82.04253387451172,179.22000122070312,428.01055908203125,14.109999656677246,-0.007407947421320154,-0.0009480950413542692,-0.002076195874809942,0.1099996566772461
2023-09-20,82.2989273071289,179.35000610351562,424.0757141113281,15.140000343322754,0.0031202550931944506,0.0007251297423292754,-0.009235855722553482,1.0300006866455078
2023-09-21,80.18597412109375,178.0500030517578,417.06646728515625,17.540000915527344,-0.026009460355401196,-0.0072748111459232075,-0.016666407241202705,2.40000057220459
2023-09-22,80.83135986328125,178.6199951171875,416.1286926269531,17.200000762939453,0.00801639404146991,0.0031961900557462815,-0.0022510333696350183,-0.3400001525878906
2023-09-25,78.84217834472656,177.6999969482422,417.8786315917969,16.899999618530273,-0.024916895502821248,-0.005163898932470834,0.00419646562352403,-0.3000011444091797
2023-09-26,78.5681381225586,176.27999877929688,411.7394104003906,18.940000534057617,-0.0034818619919652852,-0.008023084937964609,-0.014800385110568064,2.0400009155273438
2023-09-27,78.16146087646484,174.10000610351562,411.9037780761719,18.219999313354492,-0.005189551449006646,-0.012443751217319037,0.000399123504602041,-0.720001220703125
2023-09-28,78.40015411376953,173.22999572753906,414.2917785644531,17.34000015258789,0.0030491946861793268,-0.005009715204337903,0.005780731012260776,-0.8799991607666016
2023-09-29,78.40896606445312,171.4499969482422,413.28631591796875,17.520000457763672,0.00011239079312293233,-0.010328505518099336,-0.002429893076937126,0.18000030517578125
2023-10-02,77.09639739990234,169.64999389648438,413.1219177246094,17.610000610351562,-0.016881730737543354,-0.0105542058560987,-0.0003978619496646645,0.09000015258789062
2023-10-03,75.43795013427734,169.16000366210938,407.59185791015625,19.780000686645508,-0.02174608732395409,-0.002892421000056923,-0.013476424237225927,2.1700000762939453
2023-10-04,76.50218200683594,169.13999938964844,410.5599670410156,18.579999923706055,0.014008797567981929,-0.00011826350756014561,0.007255675686661432,-1.2000007629394531
2023-10-05,76.1208267211914,168.8300018310547,410.40521240234375,18.489999771118164,-0.004997360260080787,-0.0018344684108627424,-0.00037700658780626817,-0.09000015258789062
2023-10-06,75.198486328125,169.6999969482422,415.2779541015625,17.450000762939453,-0.012190800992961149,0.005139851922273756,0.011803070393680164,-1.039999008178711
2023-10-09,76.96336364746094,172.82000732421875,417.9366455078125,17.700000762939453,0.023198409702402615,0.018218478536943455,0.00638179031169705,0.25
2023-10-10,76.85693359375,172.52999877929688,420.1119079589844,17.030000686645508,-0.0013838234953897745,-0.0016795054754092334,0.005191268041248034,-0.6700000762939453
2023-10-11,78.46219635009766,173.7899932861328,421.8327941894531,16.09000015258789,0.02067124529094837,0.007276507826110017,0.004087889911372816,-0.9400005340576172
2023-10-12,76.33367156982422,173.25999450683594,419.2611083984375,16.690000534057617,-0.02750278771376808,-0.0030543103873241243,-0.006115116985250018,0.6000003814697266
2023-10-13,77.69947052001953,178.8300018310547,417.1728210449219,19.31999969482422,0.01773429701417549,0.03164231938177581,-0.0049933213347466456,2.6299991607666016
2023-10-16,76.44895935058594,177.9600067138672,421.5621032714844,17.209999084472656,-0.01622512281094469,-0.004876800474351656,0.010466530411664704,-2.1100006103515625
2023-10-17,75.60645294189453,178.2899932861328,421.5427551269531,17.8799991607666,-0.011081684208170213,0.0018525567250013085,-4.589736221284086e-05,0.6700000762939453
2023-10-18,74.9412841796875,180.8699951171875,415.9256591796875,19.219999313354492,-0.008836706593668538,0.014367113783494704,-0.013414667551959036,1.3400001525878906
2023-10-19,73.40695190429688,183.08999633789062,412.2712097167969,21.399999618530273,-0.020686285595321062,0.012199301049654077,-0.008825131604286128,2.1800003051757812
2023-10-20,73.82381439208984,183.58999633789062,407.2051696777344,21.709999084472656,0.005662724065358251,0.0027271753020748097,-0.012364247964592337,0.3099994659423828
2023-10-23,74.71070098876953,182.97000122070312,406.4993896484375,20.3700008392334,0.011941966947293336,-0.0033827788768209456,-0.0017347333210797956,-1.3399982452392578
2023-10-24,75.69509887695312,182.9499969482422,409.5640869140625,18.969999313354492,0.013090079576969147,-0.00010933686369138149,0.007510963941975376,-1.4000015258789062
2023-10-25,74.01007080078125,183.72000122070312,403.6860046386719,20.190000534057617,-0.022512238470780373,0.004199991317574014,-0.01445603191774631,1.220001220703125
2023-10-26,75.14525604248047,184.00999450683594,398.8520202636719,20.68000030517578,0.015221811845565656,0.00157720800379265,-0.012046887965106253,0.48999977111816406
2023-10-27,74.82597351074219,186.14999389648438,397.0440979003906,21.270000457763672,-0.004257923537330215,0.011562693424814757,-0.004543119212760789,0.5900001525878906
2023-10-30,74.48896789550781,185.10000610351562,401.7911682128906,19.75,-0.0045140316743832905,-0.0056565149769635704,0.011885119230741809,-1.5200004577636719
2023-10-31,74.1253662109375,184.08999633789062,404.314453125,18.139999389648438,-0.004893234724026805,-0.005471503988171267,0.006260452939732309,-1.6100006103515625
2023-11-01,75.7325439453125,183.50999450683594,408.6263427734375,16.8700008392334,0.02145017711046517,-0.0031556165767174377,0.010608226592806452,-1.269998550415039
2023-11-02,77.45897674560547,184.1199951171875,416.4573669433594,15.65999984741211,0.02254048903147866,0.0033185604405963163,0.018982944971154703,-1.210000991821289
2023-11-03,77.98406219482422,184.7899932861328,420.2569580078125,14.90999984741211,0.00675601107689015,0.0036323164276059108,0.009082232893997216,-0.75
2023-11-06,77.2276382446289,183.35000610351562,421.22369384765625,14.890000343322754,-0.009747073664467767,-0.00782308105070571,0.0022977028955582634,-0.01999950408935547
2023-11-07,78.36672973632812,182.58999633789062,422.4225158691406,14.8100004196167,0.014642070368587955,-0.004153745714032089,0.002842003708621794,-0.07999992370605469
2023-11-08,79.70161437988281,180.77000427246094,422.73187255859375,14.449999809265137,0.016890369618727672,-0.010017653470627112,0.0007320714593807727,-0.3600006103515625
2023-11-09,77.86837768554688,181.49000549316406,419.4351806640625,15.289999961853027,-0.023269905552546724,0.003975057413790778,-0.00782910877624797,0.8400001525878906
2023-11-10,78.30443572998047,179.50999450683594,425.9803771972656,14.170000076293945,0.005584316093014094,-0.010969699953245399,0.015484284022237857,-1.119999885559082
2023-11-13,78.12643432617188,180.50999450683594,425.5743103027344,14.760000228881836,-0.002275784575896432,0.005555261386915847,-0.0009537072163898663,0.5900001525878906
2023-11-14,79.89740753173828,182.1199951171875,433.8307189941406,14.15999984741211,0.022414938571512926,0.008879636186604733,0.01921483453630879,-0.6000003814697266
2023-11-15,78.7761001586914,181.63999938964844,434.7491760253906,14.180000305175781,-0.01413375245323162,-0.0026390807860946154,0.0021148483377047647,0.020000457763671875
2023-11-16,79.75501251220703,183.69000244140625,435.2808837890625,14.319999694824219,0.012349939126125828,0.011222864579353571,0.001222274618835316,0.1399993896484375
2023-11-17,80.12877655029297,183.6699981689453,435.82232666015625,13.800000190734863,0.0046754548556423295,-0.00010890827769753537,0.001243120067347759,-0.5199995040893555
2023-11-20,80.61823272705078,183.3699951171875,439.1771240234375,13.40999984741211,0.006089789061737029,-0.0016347162383040547,0.007668150646953296,-0.3900003433227539
2023-11-21,80.58264923095703,185.35000610351562,438.219970703125,13.350000381469727,-0.00044148017355105255,0.010740019593542038,-0.002181802756715522,-0.05999946594238281
2023-11-22,80.86742401123047,184.55999755859375,439.911865234375,12.850000381469727,0.003527716895814617,-0.004271361889171939,0.003853400037542759,-0.5
2023-11-24,79.91519927978516,185.52000427246094,440.1825866699219,12.460000038146973,-0.0118450096827626,0.005188115339681599,0.0006152099777466262,-0.3900003433227539
2023-11-27,81.25008392333984,186.77000427246094,439.389892578125,12.6899995803833,0.016565790647635754,0.006715220224108336,-0.0018024536353976395,0.22999954223632812
2023-11-28,81.41027069091797,189.25999450683594,439.8249206542969,12.6899995803833,0.00196958650117278,0.013243765854618068,0.0009895832170376596,0.0
2023-11-29,82.43370056152344,189.5399932861328,439.5154724121094,12.979999542236328,0.012492900086876025,0.0014783465644929395,-0.0007038190384555812,0.28999996185302734
2023-11-30,81.4814682006836,188.75,441.24609375,12.920000076293945,-0.01161873034955206,-0.004176660491012712,0.003929834433359684,-0.05999946594238281
2023-12-01,83.01609802246094,192.00999450683594,443.8564147949219,12.630000114440918,0.018658930717713424,0.0171240372669512,0.005898364511739267,-0.28999996185302734
2023-12-04,82.685791015625,187.86000061035156,441.5263977050781,13.079999923706055,-0.003986767395997303,-0.021850417580745678,-0.005263310820755928,0.4499998092651367
2023-12-05,84.46231079101562,187.14999389648438,441.4394226074219,12.850000381469727,0.02125763504988378,-0.003786606077863042,-0.00019700671517906406,-0.22999954223632812
2023-12-06,85.58720397949219,187.83999633789062,439.6605529785156,12.970000267028809,0.01323037703057759,0.003680115406357525,-0.00403784382048264,0.11999988555908203
2023-12-07,85.09618377685547,188.14999389648438,443.01531982421875,13.0600004196167,-0.005753595164072328,0.001648967455985853,0.00760139277074656,0.09000015258789062
2023-12-08,84.39981842041016,185.63999938964844,444.91998291015625,12.350000381469727,-0.008216940405903926,-0.013430173514668298,0.00429010086960781,-0.7100000381469727
2023-12-11,84.22129821777344,183.58999633789062,446.65045166015625,12.630000114440918,-0.0021174129657610084,-0.011104320560253362,0.003881849051743947,0.2799997329711914
2023-12-12,84.47125244140625,183.49000549316406,448.69036865234375,12.069999694824219,0.0029634314684242368,-0.0005447904909059331,0.0045567463822324085,-0.5600004196166992
2023-12-13,86.453125,187.6300048828125,454.8778991699219,12.1899995803833,0.02319109085311888,0.02231176448891427,0.013695981718259517,0.11999988555908203
2023-12-14,88.7020492553711,188.72999572753906,456.3377990722656,12.479999542236328,0.02568063272748224,0.005845435089187853,0.003204293240966136,0.28999996185302734
2023-12-15,88.80055236816406,187.0,455.58636474609375,12.279999732971191,0.0011098780750657912,-0.009208782757507668,-0.0016480197061523505,-0.19999980926513672
2023-12-18,88.0930404663086,187.85000610351562,458.14910888671875,12.5600004196167,-0.007999336361315132,0.004535187656823467,0.005609393384332627,0.2800006866455078
2023-12-19,88.56770324707031,189.1300048828125,460.93505859375,12.529999732971191,0.00537373400587948,0.006790830606181505,0.006062465959881281,-0.030000686645507812
2023-12-20,89.16777801513672,188.10000610351562,454.5477294921875,13.670000076293945,0.00675247332588918,-0.005460866362358439,-0.01395423885588771,1.140000343322754
2023-12-21,88.60353088378906,189.42999267578125,458.8577575683594,13.649999618530273,-0.006348032532970751,0.007045755720440373,0.009437342179358854,-0.020000457763671875
2023-12-22,88.20050811767578,190.27000427246094,459.7799377441406,13.029999732971191,-0.0045589848109367425,0.004424614031362936,0.002007713139261966,-0.619999885559082
2023-12-26,88.4512939453125,191.72000122070312,461.7213439941406,12.989999771118164,0.0028393256472838443,0.007591842151508473,0.004213578778072539,-0.039999961853027344
2023-12-27,90.01859283447266,192.58999633789062,462.5561828613281,12.430000305175781,0.017564186428979393,0.0045275772625212145,0.001806468446889951,-0.5599994659423828
2023-12-28,89.36479949951172,191.47000122070312,462.7309265136719,12.470000267028809,-0.007289373017110503,-0.005832413160524644,0.0003777068817898988,0.039999961853027344
2023-12-29,88.55875396728516,191.1699981689453,461.3913269042969,12.449999809265137,-0.00906064465205661,-0.001568069797763166,-0.0028991846971079243,-0.020000457763671875
2024-01-02,88.04825592041016,190.72000122070312,458.8091735839844,13.199999809265137,-0.005781191460388958,-0.0023566846852945507,-0.005612168427041742,0.75
2024-01-03,88.4154281616211,189.1300048828125,455.0622863769531,14.039999961853027,0.00416145421651389,-0.008371755159892112,-0.008200077071277628,0.8400001525878906
2024-01-04,87.072021484375,189.32000732421875,453.5964050292969,14.130000114440918,-0.015310871787309516,0.0010041086074332737,-0.00322647575638619,0.09000015258789062
2024-01-05,86.23910522460938,189.35000610351562,454.21771240234375,13.350000381469727,-0.009611877646955255,0.00015844285681933427,0.0013687988722008546,-0.7799997329711914
2024-01-08,87.08992004394531,187.8699951171875,460.7021484375,13.079999923706055,0.009817416922370516,-0.00784697829301582,0.014175109516878054,-0.2700004577636719
2024-01-09,86.53466033935547,187.92999267578125,460.0032043457031,12.760000228881836,-0.006396117374052716,0.0003193058065587502,-0.0015182799229952488,-0.31999969482421875
2024-01-10,86.13159942626953,187.5,462.6047058105469,12.6899995803833,-0.004668678707057077,-0.0022906686849215973,0.005639466843842385,-0.07000064849853516
2024-01-11,86.61524963378906,187.8699951171875,462.4008483886719,12.4399995803833,0.005599540297055347,0.001971362878362661,-0.00044077016456820243,-0.25
2024-01-12,86.44507598876953,189.7100067138672,462.72119140625,12.699999809265137,-0.0019666402366385035,0.009746417465784744,0.0006925422087069526,0.26000022888183594
2024-01-16,84.92253875732422,187.91000366210938,461.0224304199219,13.84000015258789,-0.017769720339467304,-0.009533481464917172,-0.0036779964942888588,1.140000343322754
2024-01-17,84.7882080078125,185.83999633789062,458.4598083496094,14.789999961853027,-0.001583055641739521,-0.011077075533253638,-0.00557406896482602,0.9499998092651367
2024-01-18,84.00003051757812,187.3699951171875,462.5367736816406,14.130000114440918,-0.00933931446921014,0.0081991767942437,0.00885343559801682,-0.6599998474121094
2024-01-19,84.26873016357422,187.92999267578125,468.3028259277344,13.300000190734863,0.0031936988576681882,0.0029842685447011067,0.012389086155502233,-0.8299999237060547
2024-01-22,84.77027893066406,187.22000122070312,469.29296875,13.1899995803833,0.00593413605025338,-0.003785111631635069,0.0021120896573243605,-0.1100006103515625
2024-01-23,84.09858703613281,187.9499969482422,470.66168212890625,12.550000190734863,-0.007955231215138215,0.0038915513093621982,0.002912298683813415,-0.6399993896484375
2024-01-24,83.60599517822266,186.39999389648438,471.1761474609375,13.140000343322754,-0.005874535662940411,-0.008281084265806402,0.0010924712663597956,0.5900001525878906
2024-01-25,84.15230560302734,187.13999938964844,473.73883056640625,13.449999809265137,0.00651308881267073,0.003962127078988696,0.005424169260190304,0.3099994659423828
2024-01-26,83.99110412597656,187.00999450683594,473.1369934082031,13.260000228881836,-0.001917429017279291,-0.0006949345993064864,-0.0012712062638214332,-0.18999958038330078
2024-01-29,84.95838928222656,188.3300018310547,476.8839416503906,13.600000381469727,0.0114507087983987,0.007033690942252051,0.007888179160842054,0.3400001525878906
2024-01-30,85.72859191894531,188.58999633789062,476.51507568359375,13.3100004196167,0.009024799183269235,0.0013795741766668092,-0.0007737914105120574,-0.28999996185302734
2024-01-31,86.57046508789062,188.4499969482422,468.73968505859375,14.350000381469727,0.009772309649619903,-0.0007426235867567754,-0.016451789130210993,1.0399999618530273
2024-02-01,88.26863861083984,190.41000366210938,474.8746032714844,13.880000114440918,0.01942616829817004,0.010346957700093572,0.01300320423549198,-0.4700002670288086
2024-02-02,86.31890106201172,188.61000061035156,479.873779296875,13.850000381469727,-0.02233628601122323,-0.009498266920115546,0.010472333454108524,-0.029999732971191406
2024-02-05,84.5758285522461,187.57000732421875,478.1264343261719,13.670000076293945,-0.020400078615665635,-0.005529246178959096,-0.0036479050495931407,-0.18000030517578125
2024-02-06,85.40243530273438,188.5500030517578,479.51458740234375,13.0600004196167,0.009726105537847177,0.0052110917695982265,0.002899111497822118,-0.6099996566772461
2024-02-07,84.9891128540039,188.5,483.51397705078125,12.829999923706055,-0.00485145259709055,-0.0002652330017039186,0.008305906571320295,-0.23000049591064453
2024-02-08,84.49494934082031,188.3300018310547,483.72747802734375,12.789999961853027,-0.005831402754097708,-0.0009022539588233346,0.0004414636674412009,-0.039999961853027344
2024-02-09,84.32421112060547,187.60000610351562,486.52325439453125,12.930000305175781,-0.0020227357838082318,-0.003883683822386861,0.0057630136450557935,0.1400003433227539
2024-02-12,84.42305755615234,187.11000061035156,486.30963134765625,13.930000305175781,0.0011715324061531964,-0.0026153866387210066,-0.00043917727996128686,1.0
2024-02-13,82.97648620605469,184.52999877929688,479.6116943359375,15.850000381469727,-0.017283289146854838,-0.01388463719494907,-0.013868716200299034,1.9200000762939453
2024-02-14,83.39876556396484,184.4199981689453,483.9702453613281,14.380000114440918,0.0050762389261489295,-0.0005962900909107332,0.009046621925135629,-1.4700002670288086
2024-02-15,83.8300552368164,185.66000366210938,487.3094177246094,14.010000228881836,0.005158089700363732,0.00670130851432818,0.00687584770022746,-0.36999988555908203
2024-02-16,83.34483337402344,186.33999633789062,484.8826599121094,14.239999771118164,-0.005804977402987822,0.0036558786728406838,-0.004992352660781087,0.22999954223632812
2024-02-20,83.41673278808594,187.47000122070312,482.21319580078125,15.420000076293945,0.0008623020300463597,0.006045896751115412,-0.005520592142574142,1.1800003051757812
2024-02-21,82.82374572753906,187.47999572753906,482.6499938964844,15.34000015258789,-0.007134117765750042,5.331114505738622e-05,0.0009054094512187804,-0.07999992370605469
2024-02-22,83.22806549072266,187.55999755859375,492.6386413574219,14.539999961853027,0.004869812129795267,0.0004266309391015458,0.02048418564243818,-0.8000001907348633
2024-02-23,84.34221649169922,188.6199951171875,492.97845458984375,13.75,0.013297911850533948,0.005635602023986148,0.000689544138963084,-0.7899999618530273
2024-02-26,84.09060668945312,188.1999969482422,491.1728820800781,13.739999771118164,-0.0029876598236858263,-0.002229172292928307,-0.003669302612937959,-0.010000228881835938
2024-02-27,83.49760437011719,188.0,492.0853576660156,13.430000305175781,-0.00707692731516478,-0.0010632481058260926,0.0018560248182950727,-0.3099994659423828
2024-02-28,84.02771759033203,188.33999633789062,491.43505859375,13.84000015258789,0.0063287744612277805,0.001806857807827473,-0.0013223907837204188,0.4099998474121094
2024-02-29,84.6207504272461,189.30999755859375,493.2016906738281,13.399999618530273,0.00703279772628554,0.0051370494877010335,0.0035883974005150995,-0.4400005340576172
2024-03-01,85.14802551269531,192.88999938964844,497.8320007324219,13.109999656677246,0.006211705043524014,0.018734204946424127,0.00934447293084189,-0.28999996185302734
2024-03-04,84.80549621582031,196.00999450683594,497.29815673828125,13.489999771118164,-0.0040308639347035454,0.016045575240364,-0.0010729130081000412,0.38000011444091797
2024-03-05,86.01325988769531,197.19000244140625,492.3280334472656,14.460000038146973,0.01414111454557027,0.006002093012312608,-0.010044530202654712,0.9700002670288086
2024-03-06,86.51802062988281,198.80999755859375,494.8227844238281,14.5,0.00585125411234709,0.008181839163568716,0.00505445822994158,0.039999961853027344
2024-03-07,86.43692016601562,199.94000244140625,499.7346496582031,14.4399995803833,-0.0009378219487461598,0.005667751261581818,0.009877569664783727,-0.06000041961669922
2024-03-08,86.28368377685547,201.6300048828125,496.735107421875,14.739999771118164,-0.0017743850573322924,0.008417025116951235,-0.006020355911053105,0.3000001907348633
2024-03-11,86.23860168457031,202.0,496.3080139160156,15.220000267028809,-0.0005226234186580826,0.0018333385345244608,-0.000860171170850298,0.48000049591064453
2024-03-12,85.5175552368164,199.7899932861328,501.6470031738281,13.84000015258789,-0.008396213522763181,-0.011000916093968595,0.010699961630186435,-1.380000114440918
2024-03-13,85.10291290283203,201.19000244140625,500.86065673828125,13.75,-0.004860415104764691,0.006982966028737541,-0.0015687592788722101,-0.09000015258789062
2024-03-14,83.79603576660156,200.35000610351562,499.8705139160156,14.399999618530273,-0.015475563687719116,-0.004183879789555109,-0.0019788394214178507,0.6499996185302734
2024-03-15,83.76899719238281,199.7100067138672,496.4381103515625,14.40999984741211,-0.00032272335076063074,-0.003199519647615261,-0.006890268859496288,0.010000228881835938
2024-03-18,83.5166015625,200.02999877929688,499.3885192871094,14.329999923706055,-0.003017543928211204,0.0016010012977577042,0.005925564713180833,-0.07999992370605469
2024-03-19,83.75091552734375,199.8000030517578,502.1636657714844,13.819999694824219,0.0028016691129044004,-0.0011504677080451668,0.0055417054207450335,-0.5100002288818359
2024-03-20,83.72392272949219,202.17999267578125,506.80841064453125,13.039999961853027,-0.00032235048997511186,0.011841472011166752,0.009206949908759875,-0.7799997329711914
2024-03-21,83.90415954589844,201.97000122070312,508.483154296875,12.920000076293945,0.0021504378433099924,-0.0010391759354036452,0.003299042815131619,-0.11999988555908203
2024-03-22,84.70635223388672,200.35000610351562,507.519287109375,13.0600004196167,0.009515406035514956,-0.008053310017860683,-0.001897372363254969,0.1400003433227539
2024-03-25,84.28274536132812,200.99000549316406,506.1170654296875,13.1899995803833,-0.005013433006613437,0.0031893153617754324,-0.0027667172169650632,0.12999916076660156
2024-03-26,84.51705932617188,201.63999938964844,505.1822204589844,13.239999771118164,0.0027762368063782615,0.0032287432792988957,-0.0018488003502574156,0.05000019073486328
2024-03-27,85.35531616210938,203.10000610351562,509.42767333984375,12.779999732971191,0.009869334406268682,0.007214572450621008,0.008368689649668892,-0.46000003814697266
2024-03-28,85.28321838378906,205.72000122070312,509.3302917480469,13.010000228881836,-0.00084503518273291,0.01281752820240996,-0.0001911770909885231,0.23000049591064453
2024-04-01,83.69344329833984,207.82000732421875,508.4442138671875,13.649999618530273,-0.01881706004298127,0.01015632882706488,-0.0017412071138320634,0.6399993896484375
2024-04-02,83.23223876953125,210.88999938964844,505.21148681640625,14.609999656677246,-0.0055258806995028085,0.014664311961913869,-0.006378374843698741,0.9600000381469727
2024-04-03,83.2141342163086,212.74000549316406,505.7664489746094,14.329999923706055,-0.00021754217853212063,0.008734121015036823,0.0010978720589213463,-0.2799997329711914
2024-04-04,83.81100463867188,211.52000427246094,499.59307861328125,16.350000381469727,0.0071471033304969615,-0.005751211782367559,-0.012281075144120834,2.020000457763672
2024-04-05,82.64444732666016,215.13999938964844,504.81219482421875,16.030000686645508,-0.014016680107195536,0.01696939930469014,0.01039254437046488,-0.31999969482421875
2024-04-08,82.6353988647461,216.47999572753906,505.0945739746094,15.1899995803833,-0.00010949262274385129,0.006209168519561672,0.0005592182693960496,-0.840001106262207
2024-04-09,83.40403747558594,217.6699981689453,505.6788635253906,14.979999542236328,0.009258572764282715,0.005482001328254476,0.0011561238041784322,-0.21000003814697266
2024-04-10,81.58644104003906,215.61000061035156,500.61541748046875,15.800000190734863,-0.02203363473284751,-0.009508923035404604,-0.010063634216215126,0.8200006484985352
2024-04-11,81.21563720703125,219.8000030517578,504.3935852050781,14.90999984741211,-0.004555279369887411,0.01924683287449554,0.007518709808825762,-0.8900003433227539
2024-04-12,81.64970397949219,216.88999938964844,497.43133544921875,17.309999465942383,0.005330388860654761,-0.013327746093360097,-0.013899358460013065,2.3999996185302734
2024-04-15,80.38365936279297,220.9499969482422,491.199462890625,19.229999542236328,-0.01562728015688633,0.01854610800435578,-0.012607244506947673,1.9200000762939453
2024-04-16,79.85012817382812,221.22000122070312,490.30364990234375,18.399999618530273,-0.00665943392990773,0.0012212692273934644,-0.0018253905165380516,-0.8299999237060547
2024-04-17,80.7363510131836,219.58999633789062,487.4018859863281,18.209999084472656,0.011037440273159399,-0.007395532411290297,-0.005935882184822059,-0.1900005340576172
2024-04-18,80.32941436767578,220.33999633789062,486.3989562988281,18.0,-0.005053060287750474,0.0034096367107846366,-0.0020598257848203124,-0.20999908447265625
2024-04-19,80.61878967285156,221.02999877929688,482.1534729003906,18.709999084472656,0.0035958850080007303,0.0031266420969041134,-0.0087667130060391,0.7099990844726562
2024-04-22,80.48312377929688,215.57000732421875,486.5937805175781,16.940000534057617,-0.0016842248824597294,-0.025012716627157542,0.00916717688204116,-1.769998550415039
2024-04-23,80.5102767944336,215.0399932861328,492.3679504394531,15.6899995803833,0.00033731836581403577,-0.0024616906480957905,0.011796654967733489,-1.2500009536743164
2024-04-24,79.94056701660156,214.63999938964844,492.13427734375,15.970000267028809,-0.007101392033753838,-0.0018618228395408355,-0.00047470303976324417,0.2800006866455078
2024-04-25,79.3798828125,215.9199981689453,490.2646789550781,15.369999885559082,-0.0070384752164408485,0.005945756955740473,-0.003806194283441744,-0.6000003814697266
2024-04-26,79.7958755493164,216.6199951171875,494.9093933105469,15.029999732971191,0.005226847205525092,0.0032366836371748075,0.009429295594075413,-0.3400001525878906
2024-04-29,80.46508026123047,216.17999267578125,496.6620788574219,14.670000076293945,0.00835148646316473,-0.002033283758808563,0.003535171031861077,-0.3599996566772461
2024-04-30,79.77780151367188,211.8699951171875,488.7943420410156,15.649999618530273,-0.008578015500465669,-0.02013850411793736,-0.015968040441022735,0.9799995422363281
2024-05-01,80.3658447265625,213.7899932861328,487.2071838378906,15.390000343322754,0.007343979853790606,0.009021337418355644,-0.0032523711492450625,-0.25999927520751953
2024-05-02,80.7106704711914,213.1300048828125,491.76422119140625,14.680000305175781,0.004281521374704124,-0.003091862325121168,0.009309914967841695,-0.7100000381469727
2024-05-03,81.52740478515625,212.9600067138672,497.85980224609375,13.489999771118164,0.010068428292765039,-0.0007979449099420573,0.012319139389336669,-1.1900005340576172
2024-05-06,81.84500122070312,215.1999969482422,503.0010681152344,13.489999771118164,0.003888010752778472,0.010463427933373832,0.010273777791195272,0.0
2024-05-07,82.3441162109375,214.2100067138672,503.55615234375,13.229999542236328,0.006079775998166386,-0.00461094049941965,0.0011029363726240758,-0.26000022888183594
2024-05-08,81.84500122070312,213.5800018310547,503.60479736328125,13.0,-0.00607977599816638,-0.0029453952906236033,9.659830354466384e-05,-0.22999954223632812
2024-05-09,82.24430084228516,216.9499969482422,506.5065002441406,12.6899995803833,0.004866867062332695,0.01565541986116323,0.005745328994023139,-0.3100004196166992
2024-05-10,81.78150177001953,218.7100067138672,507.1589660644531,12.550000190734863,-0.00564301826902239,0.008079783894319735,0.0012873397232252743,-0.1399993896484375
2024-05-13,81.99022674560547,216.25999450683594,507.22698974609375,13.600000381469727,0.0025489758273879513,-0.011265319955387511,0.00013411794860306592,1.0500001907348633
2024-05-14,82.45304107666016,218.08999633789062,509.5542907714844,13.420000076293945,0.005628878082728478,0.008426442720749588,0.004577789017668507,-0.18000030517578125
2024-05-15,83.57830810546875,220.88999938964844,515.864013671875,12.449999809265137,0.013555081784679198,0.012757032448187955,0.012306787406657834,-0.9700002670288086
2024-05-16,83.49663543701172,220.02999877929688,514.8027954101562,12.420000076293945,-0.00097767712178641,-0.003900942141432421,-0.0020592855564754487,-0.029999732971191406
2024-05-17,82.9339828491211,223.66000366210938,515.542724609375,11.989999771118164,-0.00676143292920047,0.016363162829441925,0.0014362741663664685,-0.43000030517578125
2024-05-20,82.68898010253906,224.55999755859375,516.1367797851562,12.149999618530273,-0.0029585622781600814,0.004015863208074463,0.001151627494597059,0.15999984741210938
2024-05-21,83.11547088623047,224.22999572753906,517.4025268554688,11.859999656677246,0.005144514779599691,-0.0014706294501547247,0.0024493460383734,-0.28999996185302734
2024-05-22,83.21529388427734,220.11000061035156,515.912841796875,12.289999961853027,0.0012002952089983437,-0.018544867564565665,-0.002883313528138968,0.43000030517578125
2024-05-23,82.67989349365234,215.72000122070312,512.1444702148438,12.770000457763672,-0.0064547050214206645,-0.02014614803918644,-0.007331086342223366,0.48000049591064453
2024-05-24,82.92493438720703,215.9199981689453,515.5330810546875,11.930000305175781,0.002959346964987511,0.0009266841017383871,0.0065947205261706054,-0.8400001525878906
2024-05-28,81.73612213134766,218.19000244140625,515.8933715820312,12.920000076293945,-0.014439758096922007,0.01045829379441463,0.0006986257548017577,0.9899997711181641
2024-05-29,80.74698638916016,216.16000366210938,512.2807006835938,14.279999732971191,-0.012175394357066601,-0.009347362870368763,-0.007027381575256377,1.359999656677246
2024-05-30,81.52740478515625,216.57000732421875,508.88232421875,14.470000267028809,0.009618577610086275,0.0018949634848045166,-0.0066559186495956,0.1900005340576172
2024-05-31,82.0809555053711,215.3000030517578,513.5174560546875,12.920000076293945,0.006766803743654908,-0.005881436093592545,0.009067223373079311,-1.5500001907348633
2024-06-03,83.4085922241211,217.22000122070312,513.9360961914062,13.109999656677246,0.016045305826092145,0.008878251926791354,0.0008149081950632324,0.18999958038330078
2024-06-04,84.38288116455078,215.27000427246094,514.5105590820312,13.15999984741211,0.011613222897161593,-0.00901759641821021,0.0011171468105308478,0.05000019073486328
2024-06-05,85.0020751953125,217.82000732421875,520.6256103515625,12.630000114440918,0.0073111190295338645,0.011775993219294973,0.011815107203701696,-0.5299997329711914
2024-06-06,84.87459564208984,219.42999267578125,520.6159057617188,12.579999923706055,-0.00150084854528541,0.0073641743967564136,-1.8640420486244925e-05,-0.05000019073486328
2024-06-07,83.3175048828125,211.60000610351562,519.9829711914062,12.220000267028809,-0.018516151962779375,-0.036335512840658196,-0.0012164815134503508,-0.3599996566772461
2024-06-10,82.76206970214844,213.5399932861328,521.589599609375,12.739999771118164,-0.006688808697945758,0.009126408480625946,0.0030850076840254494,0.5199995040893555
2024-06-11,83.6180191040039,214.14999389648438,522.8456420898438,12.850000381469727,0.01028917533814067,0.0028525382508942246,0.0024052100807055114,0.1100006103515625
2024-06-12,84.24630737304688,214.72000122070312,527.1400146484375,12.039999961853027,0.007485702484969421,0.002658183908153708,0.008179914603732562,-0.8100004196166992
2024-06-13,85.48468017578125,212.97000122070312,528.2012329101562,11.9399995803833,0.01459244178567196,-0.008183543017197694,0.002011138334380754,-0.10000038146972656
2024-06-14,86.20404052734375,215.72999572753906,528.522705078125,12.65999984741211,0.008379869780629172,0.012876289526632455,0.0006084317130127014,0.7200002670288086
2024-06-17,85.34809875488281,214.61000061035156,532.7290649414062,12.75,-0.00997887731132216,-0.005205175700450875,0.007927208245233472,0.09000015258789062
2024-06-18,86.13117980957031,215.47000122070312,534.0826416015625,12.300000190734863,0.00913330759002885,0.0039992641040523845,0.0025376125481467527,-0.4499998092651367
2024-06-20,85.55754089355469,218.16000366210938,532.6318359375,13.279999732971191,-0.006682338225292629,0.012407060942233438,-0.00272014037340495,0.9799995422363281
2024-06-21,85.55754089355469,214.77999877929688,531.9176025390625,13.199999809265137,0.0,-0.015614512577113812,-0.0013418512655048842,-0.07999992370605469
2024-06-24,85.9035415649414,215.6300048828125,530.1885986328125,13.329999923706055,0.004035914577012793,0.0039497558204108826,-0.0032558051759180844,0.13000011444091797
2024-06-25,86.04925537109375,214.55999755859375,532.2302856445312,12.84000015258789,0.0016948121068995695,-0.004974590412272679,0.0038434737094737987,-0.48999977111816406
2024-06-26,84.81996154785156,212.5800018310547,532.8945922851562,12.550000190734863,-0.014388958467410921,-0.009271011435783051,0.001247378106597345,-0.28999996185302734
2024-06-27,85.1568832397461,214.99000549316406,533.734619140625,12.239999771118164,0.003964329771717158,0.011273144249924162,0.0015751059883659126,-0.3100004196166992
2024-06-28,83.57247924804688,215.00999450683594,531.6343383789062,12.4399995803833,-0.01878097018346652,9.297215668029186e-05,-0.003942828384081208,0.19999980926513672
2024-07-01,82.13011932373047,215.57000732421875,532.7284545898438,12.220000267028809,-0.017409459681196164,0.0026012036358740546,0.002055909138399237,-0.2199993133544922
2024-07-02,82.76953125,215.55999755859375,536.3135986328125,12.029999732971191,0.007755202982300466,-4.643502198142268e-05,0.0067072337754214536,-0.1900005340576172
2024-07-03,83.85657501220703,217.99000549316406,538.70703125,12.09000015258789,0.013047885577342462,0.01120993363706169,0.004452819797731044,0.06000041961669922
2024-07-05,84.5508041381836,220.92999267578125,541.8134765625,12.479999542236328,0.008244686925065537,0.013396660734694752,0.005749921169851078,0.3899993896484375
2024-07-08,84.73351287841797,218.19000244140625,542.4386596679688,12.369999885559082,0.002158602927898542,-0.012479622087256387,0.0011532062586980477,-0.1099996566772461
2024-07-09,84.35897064208984,218.55999755859375,542.9661865234375,12.510000228881836,-0.004430035458339036,0.00169431118809057,0.0009720371138128973,0.1400003433227539
2024-07-10,84.6238784790039,219.36000061035156,548.3389282226562,12.850000381469727,0.003135324742141469,0.003653653384415314,0.009846531525781839,0.3400001525878906
2024-07-11,85.44601440429688,223.25,543.61083984375,12.920000076293945,0.00966828773153151,0.017578001160184497,-0.008659955000958364,0.06999969482421875
2024-07-12,85.8114242553711,223.11000061035156,547.039794921875,12.460000038146973,0.004267381416654627,-0.0006272936376368344,0.00628792808010645,-0.46000003814697266
2024-07-15,84.82484436035156,223.8300018310547,548.5441284179688,13.119999885559082,-0.011563671623437619,0.0032219172131206842,0.0027461783793213362,0.6599998474121094
2024-07-16,86.02149200439453,228.2899932861328,551.7970581054688,13.1899995803833,0.014008696223464156,0.01972987782004887,0.005912600934859084,0.06999969482421875
2024-07-17,86.03976440429688,227.22999572753906,544.0602416992188,14.479999542236328,0.00021239412465557942,-0.0046540195707980275,-0.014120351175631823,1.2899999618530273
2024-07-18,85.38207244873047,225.77999877929688,539.879150390625,15.930000305175781,-0.007673411915085941,-0.006401633154546632,-0.007714660203140911,1.4500007629394531
2024-07-19,84.87965393066406,221.72999572753906,536.2940673828125,16.520000457763672,-0.005901737131887707,-0.018100662230646155,-0.006662675135904506,0.5900001525878906
2024-07-22,84.6330337524414,221.8000030517578,541.8231811523438,14.90999984741211,-0.0029097568518091092,0.0003156824791686295,0.01025707037394761,-1.6100006103515625
2024-07-23,84.5142822265625,222.5800018310547,540.9734497070312,14.720000267028809,-0.0014041197721877973,0.003510507096461622,-0.0015695128623954419,-0.18999958038330078
2024-07-24,83.60079193115234,221.8000030517578,528.713623046875,18.040000915527344,-0.010867547607013767,-0.0035105070964615765,-0.022923271341384253,3.320000648498535
2024-07-25,84.28589630126953,218.3300018310547,525.958740234375,18.459999084472656,0.008161554442245153,-0.015768400613655725,-0.005224160931676112,0.4199981689453125
2024-07-26,84.94361114501953,220.6300048828125,531.849365234375,16.389999389648438,0.00777309070170433,0.010479424389843233,0.011137532149954435,-2.0699996948242188
2024-07-29,85.40032958984375,220.32000732421875,532.161865234375,16.600000381469727,0.0053623221025166125,-0.0014060442276131696,0.0005873998319504298,0.21000099182128906
2024-07-30,85.72918701171875,222.52000427246094,529.4657592773438,17.690000534057617,0.0038433793680623662,0.009935936183544776,-0.00507920421629594,1.0900001525878906
2024-07-31,86.60611724853516,226.5500030517578,538.0719604492188,16.360000610351562,0.010177111526501253,0.017948680176279857,0.016123809891503256,-1.3299999237060547
2024-08-01,87.35308837890625,225.77000427246094,530.452392578125,18.59000015258789,0.0085879412773998,-0.003448883709883457,-0.014262093335322532,2.229999542236328
2024-08-02,90.07511901855469,225.33999633789062,520.5762329101562,23.389999389648438,0.030685585635671073,-0.0019064443892985788,-0.018793875110654085,4.799999237060547
2024-08-05,90.5517349243164,222.47999572753906,505.41510009765625,38.56999969482422,0.005277366034194973,-0.01277316576262444,-0.029556266227273642,15.180000305175781
2024-08-06,88.52621459960938,220.6999969482422,510.0748291015625,27.709999084472656,-0.022622625677366493,-0.008032891286850252,0.009177366658165396,-10.860000610351562
2024-08-07,87.90299987792969,220.5500030517578,506.6654357910156,27.850000381469727,-0.00706478590452585,-0.0006798590470787476,-0.006706542874627974,0.1400012969970703
2024-08-08,87.36225128173828,224.00999450683594,518.3782348632812,23.790000915527344,-0.00617065058189803,0.01556622880577821,0.02285426312980135,-4.059999465942383
2024-08-09,88.22376251220703,224.55999755859375,520.6640014648438,20.3700008392334,0.009813061133915118,0.002452251987911254,0.004399763953671117,-3.4200000762939453
2024-08-12,88.54454040527344,228.41000366210938,520.9376831054688,20.709999084472656,0.003629363860904623,0.01699935451192235,0.0005255015443567116,0.3399982452392578
2024-08-13,89.15861511230469,228.05999755859375,529.5046997070312,18.1200008392334,0.006911268959142839,-0.0015335341694870399,0.01631161630992063,-2.589998245239258
2024-08-14,89.71768188476562,226.1999969482422,531.17529296875,16.190000534057617,0.006250896314895612,-0.008189191333501105,0.003150044602830741,-1.9300003051757812
2024-08-15,88.9936294555664,226.91000366210938,540.2797241210938,15.229999542236328,-0.00810308408053524,0.0031339290416113642,0.016994927720332405,-0.9600009918212891
2024-08-16,89.3052749633789,231.99000549316406,541.490966796875,14.800000190734863,0.0034957682572120227,0.0221408117352879,0.0022393714160069845,-0.42999935150146484
2024-08-19,89.71768188476562,231.61000061035156,546.66845703125,14.649999618530273,0.004607315823323198,-0.0016393656726291592,0.009516122715592325,-0.15000057220458984
2024-08-20,90.43256378173828,232.4600067138672,545.7794189453125,15.880000114440918,0.00793654925961847,0.003663270802502215,-0.0016276076904920282,1.2300004959106445
2024-08-21,90.48758697509766,232.14999389648438,547.6551513671875,16.270000457763672,0.0006082594429162274,-0.0013345079227065216,0.003430903526840564,0.3900003433227539
2024-08-22,89.58936309814453,229.3699951171875,543.3567504882812,17.549999237060547,-0.00997608329120369,-0.012047289256477975,-0.007879699776137738,1.279998779296875
2024-08-23,90.17595672607422,232.02000427246094,549.1301879882812,15.859999656677246,0.006526238881982882,0.011487194343258993,0.010569446725622872,-1.6899995803833008
2024-08-26,89.94681549072266,232.75999450683594,547.8212280273438,16.149999618530273,-0.0025442797281091853,0.0031842629268953445,-0.0023865424905803994,0.28999996185302734
2024-08-27,89.791015625,233.38999938964844,548.5734252929688,15.430000305175781,-0.00173363508146039,0.00270301522962425,0.001372128879619928,-0.7199993133544922
2024-08-28,89.68103790283203,231.75,545.3888549804688,17.110000610351562,-0.0012255694830687815,-0.007051666972008083,-0.005822100753375148,1.6800003051757812
2024-08-29,89.38775634765625,232.9499969482422,545.4376220703125,15.649999618530273,-0.003275632905669417,0.005164620716356872,8.941310263763272e-05,-1.460000991821289
2024-08-30,88.4345703125,231.2899932861328,550.6444091796875,15.0,-0.010720759114474222,-0.0071515197828322195,0.00950079670464906,-0.6499996185302734
2024-09-03,89.88092803955078,230.2899932861328,539.3126220703125,20.719999313354492,0.016222812501118927,-0.00433295027353233,-0.02079383881791606,5.719999313354492
2024-09-04,91.03950500488281,230.42999267578125,538.2088012695312,21.31999969482422,0.012807760664921763,0.0006077417877377091,-0.002048815295904586,0.6000003814697266
2024-09-05,91.55442810058594,232.35000610351562,536.8997802734375,19.899999618530273,0.005640104815682467,0.008297784905920138,-0.002435143138902432,-1.4200000762939453
2024-09-06,91.54521179199219,230.6300048828125,527.8636474609375,22.3799991607666,-0.00010066987140923769,-0.007430165851405754,-0.016973441267510683,2.479999542236328
2024-09-09,91.94061279296875,231.60000610351562,533.7737426757812,19.450000762939453,0.0043098873051670445,0.004197056104325384,0.0111340394079481,-2.9299983978271484
2024-09-10,92.58427429199219,232.6199951171875,536.0986938476562,19.079999923706055,0.006976447673996684,0.004394427867847918,0.004346228115252966,-0.37000083923339844
2024-09-11,92.51071166992188,232.25,541.5985107421875,17.690000534057617,-0.0007948635189779536,-0.0015918222264343484,0.010206697423128894,-1.3899993896484375
2024-09-12,92.07852935791016,236.3300018310547,546.1605224609375,17.06999969482422,-0.004682646716748622,0.01741476344611925,0.008387957860589676,-0.6200008392333984
2024-09-13,92.32679748535156,238.67999267578125,549.0130004882812,16.559999465942383,0.002692636722514844,0.009894570827460453,0.005209191818273302,-0.5100002288818359
2024-09-16,93.1727523803711,238.66000366210938,549.8237915039062,17.139999389648438,0.009120892856661568,-8.375168155570817e-05,0.0014757262746871265,0.5799999237060547
2024-09-17,92.72217559814453,237.33999633789062,550.0485229492188,17.610000610351562,-0.004847659583810099,-0.005546263478781612,0.0004086500687157807,0.470001220703125
2024-09-18,91.57278442382812,235.50999450683594,548.4171142578125,18.229999542236328,-0.012473548673270718,-0.007740344731775493,-0.0029703430596862987,0.6199989318847656
2024-09-19,91.26937103271484,239.1699981689453,557.7755737304688,16.329999923706055,-0.003318859032911921,0.015421236419487627,0.016920529043112722,-1.8999996185302734
2024-09-20,90.91996002197266,242.2100067138672,556.8113403320312,16.149999618530273,-0.00383569594458306,0.012630557682531525,-0.0017302080740723908,-0.18000030517578125
2024-09-23,90.72686767578125,242.67999267578125,558.2026977539062,15.890000343322754,-0.0021260202709791247,0.00193852671610104,0.0024956782542853995,-0.25999927520751953
2024-09-24,90.70848083496094,246.07000732421875,559.7999267578125,15.390000343322754,-0.00020268201355664898,0.013872405171650835,0.002857292202274857,-0.5
2024-09-25,89.9544906616211,245.72999572753906,558.5652465820312,15.40999984741211,-0.008346973868015448,-0.0013827232563758825,-0.0022080098823437215,0.01999950408935547
2024-09-26,90.16600036621094,246.97999572753906,560.7798461914062,15.369999885559082,0.0023485368111116852,0.005073989582052931,0.00395696110747365,-0.039999961853027344
2024-09-27,90.63492584228516,245.02000427246094,559.966552734375,16.959999084472656,0.005187213775535959,-0.00796748708764577,-0.0014513427847203141,1.5899991989135742
2024-09-30,90.2027587890625,243.05999755859375,562.21044921875,16.729999542236328,-0.004779621867351918,-0.008031540905021974,0.003999189915884862,-0.22999954223632812
2024-10-01,90.85401916503906,245.61000061035156,557.173828125,19.260000228881836,0.007194021589335927,0.01043659814331518,-0.008998974141567216,2.530000686645508
2024-10-02,90.08837127685547,245.66000366210938,557.4090576171875,18.899999618530273,-0.008462941779848973,0.000203566476664949,0.0004220942178263071,-0.3600006103515625
2024-10-03,89.23970031738281,245.49000549316406,556.3900146484375,20.489999771118164,-0.009465080260940834,-0.0006922454344502302,-0.0018298511436541753,1.5900001525878906
2024-10-04,88.1419677734375,245.0,561.4461059570312,19.209999084472656,-0.01237722668549159,-0.00199802503899798,0.00904627377092313,-1.2800006866455078
2024-10-07,87.4778060913086,244.1699981689453,556.3704223632812,22.639999389648438,-0.007563668188948899,-0.0033935140367649104,-0.009081487613016396,3.4300003051757812
2024-10-08,87.62539672851562,242.3699951171875,561.63232421875,21.420000076293945,0.0016857563971631898,-0.007399232494344503,0.009413108733005542,-1.2199993133544922
2024-10-09,87.12725067138672,241.0500030517578,565.5224609375,20.860000610351562,-0.005701171499543845,-0.0054610705017173605,0.006902605064968492,-0.5599994659423828
2024-10-10,86.78591918945312,242.82000732421875,564.5327758789062,20.93000030517578,-0.003925314229840527,0.007316064767089658,-0.0017515697983243178,0.06999969482421875
2024-10-11,86.43538665771484,245.47000122070312,567.9132690429688,20.459999084472656,-0.004047227429699467,0.01085428686886074,0.005970268023691283,-0.470001220703125
2024-10-14,86.49996948242188,245.07000732421875,572.5579223632812,19.700000762939453,0.0007469013757609043,-0.0016308312397319176,0.008145193029141917,-0.7599983215332031
2024-10-15,87.55158233642578,245.9199981689453,568.1093139648438,20.639999389648438,0.012084070952278843,0.0034623584364339233,-0.0078000503766040155,0.9399986267089844
2024-10-16,87.92057037353516,247.14999389648438,570.5784912109375,19.579999923706055,0.004205665403738924,0.0049891427128232555,0.0043368886625765055,-1.0599994659423828
2024-10-17,86.52764892578125,248.6300048828125,570.6275024414062,19.110000610351562,-0.015969793865331868,0.005970452161761758,8.589374884384152e-05,-0.4699993133544922
2024-10-18,86.59222412109375,251.27000427246094,572.822509765625,18.030000686645508,0.0007460171633780236,0.010562207979593495,0.00383927587037961,-1.0799999237060547
2024-10-21,85.0793685913086,251.22000122070312,571.8817138671875,18.3700008392334,-0.017625451835709276,-0.0001990210805239133,-0.0016437365929820344,0.3400001525878906
2024-10-22,85.16238403320312,253.92999267578125,571.5780029296875,18.200000762939453,0.0009752654351201781,0.010729555523637746,-0.0005312140693382019,-0.1700000762939453
2024-10-23,84.93179321289062,250.8699951171875,566.3552856445312,19.239999771118164,-0.002711332807603577,-0.012123752431615111,-0.009179367560591928,1.039999008178711
2024-10-24,85.47603607177734,252.8000030517578,567.5801391601562,19.079999923706055,0.0063875552154484825,0.007663817134299539,0.0021603593383062066,-0.15999984741210938
2024-10-25,84.99633026123047,253.32000732421875,567.384033203125,20.329999923706055,-0.0056279746336898966,0.0020548662166116312,-0.0003455720696001725,1.25
2024-10-28,84.7657241821289,253.3300018310547,569.1381225585938,19.799999237060547,-0.0027168170378412014,3.945329776617785e-05,0.0030867691216470753,-0.5300006866455078
2024-10-29,84.89485931396484,256.0899963378906,570.0591430664062,19.34000015258789,0.0015222764664869725,0.010835937036952448,0.0016169643946261517,-0.45999908447265625
2024-10-30,85.14392852783203,257.5,568.334716796875,20.350000381469727,0.002929559721768198,0.005490789207931537,-0.0030295799183031203,1.010000228881836
2024-10-31,85.28231811523438,253.50999450683594,557.1934204101562,23.15999984741211,0.0016240411385597404,-0.01561647178727062,-0.019798101766437284,2.809999465942383
2024-11-01,84.07997131347656,252.47000122070312,559.545166015625,21.8799991607666,-0.014198757062662958,-0.004110813705942248,0.004211816642856279,-1.2800006866455078
2024-11-04,85.38507080078125,252.8300018310547,558.3399047851562,21.979999542236328,0.015402885146121705,0.0014248987496042703,-0.0021563248834115547,0.10000038146972656
2024-11-05,85.83857727050781,253.39999389648438,565.0912475585938,20.489999771118164,0.005297253449714209,0.0022519104403696992,0.012019292924155881,-1.489999771118164
2024-11-06,83.48758697509766,245.6999969482422,579.142578125,16.270000457763672,-0.027770562158074837,-0.030857976694085517,0.024561477968850064,-4.219999313354492
2024-11-07,84.53350830078125,249.64999389648438,583.62060546875,15.199999809265137,0.012450041871911805,0.01594864539186116,0.007702427366209384,-1.0700006484985352
2024-11-08,85.6072006225586,247.9600067138672,586.148681640625,14.9399995803833,0.012621395335255857,-0.006792442588197375,0.00432235678554351,-0.26000022888183594
2024-11-11,85.19068145751953,242.13999938964844,586.7072143554688,14.970000267028809,-0.00487734374293945,-0.02375140115119195,0.0009524320233579573,0.030000686645507812
2024-11-12,83.91336822509766,240.0500030517578,584.8846435546875,14.710000038146973,-0.015107119287013361,-0.008668821068980244,-0.0031112750719250325,-0.26000022888183594
2024-11-13,83.11737823486328,237.6300048828125,585.168701171875,14.020000457763672,-0.00953113163778077,-0.010132384997697268,0.00048554644802886564,-0.6899995803833008
2024-11-14,83.59867858886719,237.00999450683594,581.4060668945312,14.3100004196167,0.005773909247934951,-0.002612551531378293,-0.00645076068502839,0.28999996185302734
2024-11-15,83.37652587890625,236.58999633789062,573.9591064453125,16.139999389648438,-0.002660908147974747,-0.0017736414154014318,-0.012891272390424445,1.8299989700317383
2024-11-18,83.52462768554688,241.08999633789062,576.3108520507812,15.579999923706055,0.001774725247250474,0.01884162282592499,0.004089038168664031,-0.5599994659423828
2024-11-19,83.95039367675781,243.25,578.4175415039062,16.350000381469727,0.005084542220198302,0.00891942849470824,0.003648809195689171,0.7700004577636719
2024-11-20,83.6819839477539,244.6199951171875,578.6134033203125,17.15999984741211,-0.0032023641517108683,0.005616245032295766,0.000338559343037983,0.8099994659423828
2024-11-21,83.61717224121094,246.66000366210938,581.7196044921875,16.8700008392334,-0.0007748001993751812,0.008304918886222272,0.0053539950530813426,-0.28999900817871094
2024-11-22,83.66345977783203,249.83999633789062,583.5225219726562,15.239999771118164,0.0005534117996059398,0.012809813332372074,0.0030944966341937496,-1.6300010681152344
2024-11-25,85.82933044433594,242.47999572753906,585.5020141601562,14.600000381469727,0.025558474367773216,-0.029901483187305778,0.00338657405075237,-0.6399993896484375
2024-11-26,85.49612426757812,242.9499969482422,588.5591430664062,14.100000381469727,-0.0038897500367329504,0.001936433160954421,0.00520779653910303,-0.5
2024-11-27,86.0885009765625,243.49000549316406,586.7758178710938,14.100000381469727,0.0069048035238319485,0.0022202481870022992,-0.003034584391838552,0.0
2024-11-29,86.97705841064453,245.58999633789062,590.4208984375,13.510000228881836,0.010268539215856645,0.008587567442534243,0.006192834494583272,-0.5900001525878906
2024-12-02,87.18603515625,243.44000244140625,591.4791259765625,13.34000015258789,0.0023997833480825753,-0.008792948302693988,0.0017907230729959324,-0.1700000762939453
2024-12-03,86.43370819091797,243.92999267578125,591.7534790039062,13.300000190734863,-0.008666429975928447,0.0020107532444556663,0.000463734740076558,-0.039999961853027344
2024-12-04,87.36250305175781,244.6699981689453,595.4281005859375,13.449999809265137,0.010688422912024416,0.00302908748607766,0.00619051605963618,0.14999961853027344
2024-12-05,87.5389633178711,242.86000061035156,594.4481201171875,13.539999961853027,0.0020178255751569806,-0.0074252082091734815,-0.001647197705572066,0.09000015258789062
2024-12-06,87.66900634765625,242.9499969482422,595.574951171875,12.770000457763672,0.0014844422193042556,0.0003705001517975754,0.0018937975551105272,-0.7699995040893555
2024-12-09,86.8609390258789,245.36000061035156,592.508056640625,14.1899995803833,-0.009259993684001164,0.009870874002918592,-0.005162772841999922,1.419999122619629
2024-12-10,86.45227813720703,248.58999633789062,590.6658935546875,14.180000305175781,-0.0047158739850032445,0.013078415980993926,-0.003113937006800448,-0.009999275207519531
2024-12-11,85.63493347167969,250.9600067138672,595.2321166992188,13.579999923706055,-0.009499262659151887,0.009488652360594872,0.007700907955482174,-0.6000003814697266
2024-12-12,84.59468841552734,247.27999877929688,592.1651611328125,13.920000076293945,-0.012221821246978572,-0.014772297747821581,-0.005165857197216318,0.3400001525878906
2024-12-13,83.73091888427734,244.2899932861328,592.0474853515625,13.8100004196167,-0.010263169425264933,-0.01216527622337442,-0.00019874096427977765,-0.1099996566772461
2024-12-16,83.9816665649414,244.8800048828125,594.5755615234375,14.6899995803833,0.0029902093134832448,0.00241229791280552,0.004260965609044162,0.8799991607666016
2024-12-17,84.18602752685547,243.94000244140625,592.1258544921875,15.869999885559082,0.0024304437735841325,-0.003846011153453628,-0.004128604681631778,1.1800003051757812
2024-12-18,83.1333236694336,239.25999450683594,574.4784545898438,27.6200008392334,-0.012583335284468151,-0.01937149963953244,-0.03025661064131427,11.750000953674316
2024-12-19,81.87457275390625,239.60000610351562,574.302001953125,24.09000015258789,-0.015257152663132835,0.0014200879312812307,-0.00030719993032865203,-3.530000686645508
2024-12-20,82.34078216552734,242.10000610351562,581.2000122070312,18.360000610351562,0.005678039844736012,0.01037999743966833,0.01193955893378871,-5.729999542236328
2024-12-23,81.5855484008789,240.9600067138672,584.6802978515625,16.780000686645508,-0.00921437215855616,-0.004719916680210798,0.00597024574831461,-1.5799999237060547
2024-12-24,81.93052673339844,241.44000244140625,591.1790771484375,14.270000457763672,0.004219509844234165,0.001990032656870636,0.01105378008050223,-2.510000228881836
2024-12-26,81.8839111328125,243.07000732421875,591.2184448242188,14.729999542236328,-0.0005691269029932437,0.0067284927019149185,6.658957764061234e-05,0.45999908447265625
2024-12-27,81.21257781982422,241.39999389648438,584.9949951171875,15.949999809265137,-0.008232391865420999,-0.006894214453703814,-0.01058227626571189,1.2200002670288086
2024-12-30,81.8652572631836,240.6300048828125,578.3192749023438,17.399999618530273,0.008004557185192442,-0.0031947790408758405,-0.011477196948838099,1.4499998092651367
2024-12-31,81.42703247070312,242.1300048828125,576.21533203125,17.350000381469727,-0.0053673795040002385,0.006214287831739849,-0.0036446637241498506,-0.049999237060546875
2025-01-02,81.65081024169922,245.4199981689453,574.7994995117188,17.93000030517578,0.002744430607249333,0.013496228917030742,-0.0024601476798058125,0.5799999237060547
2025-01-03,81.3897476196289,243.49000549316406,581.9865112304688,16.1299991607666,-0.0032024282621012042,-0.007895124609843816,0.012425987395675624,-1.8000011444091797
2025-01-06,81.02610778808594,243.19000244140625,585.3390502929688,16.040000915527344,-0.004477893346776953,-0.0012328556129918074,0.005743981611671598,-0.08999824523925781
2025-01-07,80.1123275756836,244.55999755859375,578.722412109375,17.81999969482422,-0.011341676559748963,0.0056176267350635505,-0.01136831629184718,1.779998779296875
2025-01-08,80.21489715576172,245.86000061035156,579.56787109375,17.700000762939453,0.0012795031441881772,0.005301603121984425,0.0014598398118055042,-0.11999893188476562
2025-01-10,79.68342590332031,248.2100067138672,570.71923828125,19.540000915527344,-0.006647639568248856,0.009512918374949771,-0.0153853890676398,1.8400001525878906
2025-01-13,79.65546417236328,245.74000549316406,571.604248046875,19.190000534057617,-0.00035097183406740585,-0.01000110030367562,0.0015494909336754516,-0.35000038146972656
2025-01-14,79.52491760253906,247.02999877929688,572.3906860351562,18.709999084472656,-0.0016402347781404676,0.005235693007988435,0.001374897892880756,-0.48000144958496094
2025-01-15,80.89556884765625,248.8800048828125,582.802490234375,16.1200008392334,0.017088647844161357,0.007461090407550896,0.018026571418315783,-2.589998245239258
2025-01-16,81.15663146972656,250.60000610351562,581.6817016601562,16.600000381469727,0.0032219599289668244,0.0068871946090514665,-0.0019249534310644269,0.4799995422363281
2025-01-17,81.29649353027344,249.27000427246094,587.5217895507812,15.970000267028809,0.0017218763271288253,-0.005321403332684962,0.009989940166919514,-0.630000114440918
2025-01-21,82.02375030517578,253.1300048828125,592.8995971679688,15.0600004196167,0.00890595758059819,0.015366546556984287,0.009111737358867486,-0.9099998474121094
2025-01-22,81.59485626220703,254.42999267578125,596.2326049804688,15.100000381469727,-0.00524261921445641,0.005122510213068569,0.005605796453539717,0.039999961853027344
2025-01-23,80.96082305908203,254.07000732421875,599.48681640625,15.020000457763672,-0.0078008522497625896,-0.0014158718257654048,0.005443115503664469,-0.07999992370605469
2025-01-24,81.32445526123047,255.64999389648438,597.73681640625,14.850000381469727,0.0044814023117770736,0.006199449222329872,-0.002923432512348892,-0.1700000762939453
2025-01-27,82.28483581542969,252.99000549316406,589.2815551757812,17.899999618530273,0.011740061686578639,-0.010459313683880304,-0.014246458926308145,3.049999237060547
2025-01-28,82.22891235351562,255.17999267578125,594.344970703125,16.40999984741211,-0.0006798637158359178,0.008619165823801737,0.008555817741972439,-1.489999771118164
2025-01-29,82.06108093261719,254.1999969482422,591.6805419921875,16.559999465942383,-0.00204311261962038,-0.0038478030414185464,-0.00449304532617926,0.14999961853027344
2025-01-30,82.36874389648438,258.04998779296875,594.8561401367188,15.84000015258789,0.0037421839161845046,0.015031970539815968,0.005352730808165938,-0.7199993133544922
2025-01-31,81.82795715332031,258.55999755859375,591.6903076171875,16.43000030517578,-0.0065870836025931,0.0019744486005825435,-0.005336226049740629,0.5900001525878906
2025-02-03,82.49420166015625,259.94000244140625,587.7084350585938,18.6200008392334,0.008109048255906463,0.005323078655223283,-0.0067524028031201114,2.190000534057617
2025-02-04,82.74685668945312,262.5,591.6510620117188,17.209999084472656,0.003058019946276941,0.00980023748604468,0.0066860726527673,-1.4100017547607422
2025-02-05,84.11302185058594,264.1300048828125,594.0499267578125,15.770000457763672,0.01637536478321635,0.00619034264242983,0.004046328782416979,-1.4399986267089844
2025-02-06,84.07559967041016,263.42999267578125,596.1146850585938,15.5,-0.00044500252698320057,-0.0026537744373774834,0.003469705537746834,-0.2700004577636719
2025-02-07,83.5328598022461,263.8999938964844,590.6581420898438,16.540000915527344,-0.006476305156202169,0.001782570144409176,-0.009195662884099662,1.0400009155273438
2025-02-10,83.28023529052734,268.3699951171875,594.6693115234375,15.8100004196167,-0.003028835412548068,0.01679638680250656,0.006768061826084813,-0.7300004959106445
2025-02-11,82.74685668945312,267.3900146484375,595.12158203125,16.020000457763672,-0.006425221687482964,-0.003658285589870855,0.0007602521284138967,0.21000003814697266
2025-02-12,81.62398529052734,267.6700134277344,593.2044067382812,15.890000343322754,-0.01366287174691058,0.001046607072714827,-0.0032266852269089608,-0.13000011444091797
2025-02-13,82.98078918457031,270.30999755859375,599.4671630859375,15.100000381469727,0.016485969236182736,0.009814510830150894,0.010502160139902631,-0.7899999618530273
2025-02-14,83.42058563232422,266.2900085449219,599.4376831054688,14.770000457763672,0.005285983631921076,-0.014983466926549421,-4.917818218578768e-05,-0.3299999237060547
2025-02-18,82.4380874633789,270.70001220703125,601.197509765625,15.350000381469727,-0.011847552411966712,0.01642526914447792,0.002931494813553513,0.5799999237060547
2025-02-19,82.54098510742188,270.8500061035156,602.6134033203125,15.270000457763672,0.0012474025436324675,0.0005539429240083393,0.002352353168105843,-0.07999992370605469
2025-02-20,82.84979248046875,270.989990234375,600.1062622070312,15.65999984741211,0.003734279944825047,0.000516699154436362,-0.00416912571840784,0.3899993896484375
2025-02-21,83.85101318359375,270.739990234375,589.8419189453125,18.209999084472656,0.012012332375522254,-0.0009229691054979344,-0.017252176205482018,2.549999237060547
2025-02-24,84.09429931640625,272.2099914550781,587.1580200195312,18.979999542236328,0.002897208613517421,0.0054148811569904014,-0.004560584055750374,0.7700004577636719
2025-02-25,85.54470825195312,268.6199951171875,584.2379760742188,19.43000030517578,0.017100362711438527,-0.013276072540975698,-0.004985589849133325,0.4500007629394531
2025-02-26,86.04999542236328,269.0299987792969,584.5327758789062,19.100000381469727,0.005889326652223292,0.0015251697060953886,0.0005044613076544798,-0.3299999237060547
2025-02-27,85.44176483154297,264.92999267578125,575.2025756835938,21.1299991607666,-0.007093438661690873,-0.015357280506670757,-0.016090570121803822,2.029998779296875
2025-02-28,86.48978424072266,263.2699890136719,584.178955078125,19.6299991607666,0.012191274901557603,-0.006285532695668532,0.015485081527449984,-1.5
2025-03-03,86.8934097290039,266.739990234375,573.944091796875,22.780000686645508,0.004655886284764121,0.01309428477593445,-0.01767537529142619,3.1500015258789062
2025-03-04,85.82333374023438,269.05999755859375,567.1505126953125,23.510000228881836,-0.01239126744953089,0.008660029400338953,-0.011907267535005208,0.7299995422363281
2025-03-05,85.13806915283203,269.6199951171875,573.24609375,21.93000030517578,-0.008016642888613788,0.0020791481693780457,0.010690384507583731,-1.5799999237060547
2025-03-06,84.85649108886719,268.25,563.0703735351562,24.8700008392334,-0.0033127921397187797,-0.005094160642131142,-0.017910489771301517,2.940000534057617
2025-03-07,84.58427429199219,268.3900146484375,566.226318359375,23.3700008392334,-0.0032131232465094943,0.0005218196474086795,0.005589236314473376,-1.5
2025-03-10,85.46662902832031,266.0400085449219,551.1445922851562,27.860000610351562,0.010377629731641053,-0.008794495623060066,-0.02699666137304429,4.489999771118164
2025-03-11,84.85649108886719,269.1600036621094,546.5628662109375,26.920000076293945,-0.0071645064851315445,0.01165930639065754,-0.008347857429316015,-0.9400005340576172
2025-03-12,84.349609375,270.3299865722656,549.4632568359375,24.229999542236328,-0.005991311527433086,0.004337373317600702,0.005292569828978419,-2.690000534057617
2025-03-13,85.09115600585938,275.1300048828125,542.138671875,24.65999984741211,0.00875292747379746,0.01760034574283983,-0.013420084184445498,0.43000030517578125
2025-03-14,84.64059448242188,275.239990234375,553.3369140625,21.770000457763672,-0.0053091137098463526,0.0003996778676249641,0.020445242975871563,-2.8899993896484375
2025-03-17,85.06298828125,276.7300109863281,557.6038208007812,20.510000228881836,0.004978028916294041,0.005398932434643415,0.007681647789224824,-1.260000228881836
2025-03-18,85.14749145507812,279.9599914550781,551.5770874023438,21.700000762939453,0.000992925710586947,0.011604364010877142,-0.010867105021051501,1.1900005340576172
2025-03-19,85.58866119384766,281.1099853515625,557.5841674804688,19.899999618530273,0.0051678653147359775,0.00409929439969153,0.010831858371121503,-1.8000011444091797
2025-03-20,85.64498138427734,280.75,555.9718627929688,19.799999237060547,0.0006578169057510374,-0.0012814060805390753,-0.0028957785155605993,-0.10000038146972656
2025-03-21,85.13806915283203,278.489990234375,556.1552124023438,19.280000686645508,-0.005936346944167377,-0.008082476604942154,0.0003297278074161223,-0.5199985504150391
2025-03-24,84.2651138305664,277.25,566.115234375,17.479999542236328,-0.010306335855420953,-0.004462490783133984,0.017750237492815055,-1.8000011444091797
2025-03-25,84.25572967529297,278.4700012207031,567.4759521484375,17.149999618530273,-0.00011137085582902502,0.004390711790074645,0.0024007216060808047,-0.3299999237060547
2025-03-26,83.70193481445312,278.239990234375,560.7012939453125,18.329999923706055,-0.006594481644358808,-0.0008263225124260293,-0.012010062529948014,1.1800003051757812
2025-03-27,83.45787048339844,281.9700012207031,559.2122802734375,18.690000534057617,-0.0029201338689228726,0.013316671121389569,-0.0026591597486995905,0.3600006103515625
2025-03-28,84.6124496459961,284.05999755859375,547.9507446289062,21.649999618530273,0.01373945529939148,0.007384788228782128,-0.02034375026588785,2.9599990844726562
2025-03-31,85.4478530883789,288.1400146484375,551.6289672851562,22.280000686645508,0.009824869754192113,0.014261049112946074,0.00669025871616558,0.6300010681152344
2025-04-01,86.18829345703125,287.57000732421875,553.1870727539062,21.770000457763672,0.008628077208415756,-0.0019801896396476866,0.0028205718332439756,-0.5100002288818359
2025-04-02,86.13178253173828,288.1600036621094,556.6878051757812,21.510000228881836,-0.0006558832683255302,0.0020495598046479263,0.006308357997637376,-0.26000022888183594
2025-04-03,86.5274429321289,286.4200134277344,529.2538452148438,30.020000457763672,0.004583144536934027,-0.0060565822044141146,-0.05053641399922805,8.510000228881836
2025-04-04,87.4695053100586,279.7200012207031,498.2696838378906,45.310001373291016,0.01082859892469493,-0.02367020473214484,-0.06032671113300068,15.290000915527344
2025-04-07,84.83175659179688,273.7099914550781,497.3822021484375,46.97999954223633,-0.030620261071900447,-0.021719986685703737,-0.0017827152983578298,1.6699981689453125
2025-04-08,83.23026275634766,275.20001220703125,489.591796875,52.33000183105469,-0.019058944061637363,0.0054290299021522185,-0.015786772651821854,5.350002288818359
2025-04-09,83.72013854980469,285.3800048828125,541.0084228515625,33.619998931884766,0.005868535751401419,0.036323492196158734,0.09986287145801089,-18.710002899169922
2025-04-10,81.41210174560547,292.3500061035156,517.3018798828125,40.720001220703125,-0.027955620443637755,0.02413009288681445,-0.044808236735876514,7.100002288818359
2025-04-11,81.85487365722656,297.92999267578125,526.531982421875,37.560001373291016,0.005423913758608658,0.01890679950058093,0.017685464038685945,-3.1599998474121094
2025-04-14,82.4389419555664,296.2300109863281,531.64013671875,30.889999389648438,0.007110076014752057,-0.005722318290653523,0.00965475064745145,-6.670001983642578
2025-04-15,82.7309799194336,297.7799987792969,530.151123046875,30.1200008392334,0.0035362160964362986,0.005218738019025799,-0.0028047219908549285,-0.7699985504150391
2025-04-16,83.19258117675781,307.4700012207031,518.3668212890625,32.63999938964844,0.005564037381406034,0.032022570753676,-0.022478962879568274,2.519998550415039
2025-04-17,82.45777893066406,306.1199951171875,519.1065063476562,29.649999618530273,-0.008871783498835332,-0.004400359490663115,0.001425935808126599,-2.989999771118164
2025-04-21,81.01646423339844,315.5899963378906,506.7503967285156,33.81999969482422,-0.017633995645782132,0.030466725196562627,-0.02409050843510934,4.170000076293945
2025-04-22,81.46863555908203,311.1099853515625,519.9348754882812,30.56999969482422,0.005565710252915671,-0.014297390879940051,0.025684996066900195,-3.25
2025-04-23,82.25995635986328,303.6499938964844,527.9915161132812,28.450000762939453,0.009666325876341973,-0.024270798064606143,0.015376651323154154,-2.1199989318847656
2025-04-24,83.12662506103516,308.07000732421875,539.105224609375,26.469999313354492,0.01048061610389728,0.014451351409752674,0.02083055815556653,-1.980001449584961
2025-04-25,83.73897552490234,304.7300109863281,543.0003051757812,24.84000015258789,0.007339478125540738,-0.010900878955956528,0.00719910818632437,-1.6299991607666016
2025-04-28,84.26651763916016,309.07000732421875,543.2073974609375,25.149999618530273,0.006280078563498211,0.014141637459613693,0.0003813125006622542,0.3099994659423828
2025-04-29,84.97305297851562,306.05999755859375,546.6292724609375,24.170000076293945,0.008349577365080718,-0.009786658970495412,0.006279631323148115,-0.9799995422363281
2025-04-30,84.2853775024414,303.7699890136719,546.84619140625,24.700000762939453,-0.008125790342762045,-0.007510353244041899,0.0003967513772843797,0.5300006866455078
2025-05-01,83.85799407958984,297.4599914550781,550.7216796875,24.600000381469727,-0.005083570517525941,-0.02099106650379782,0.007061985850203467,-0.10000038146972656
2025-05-02,82.9502944946289,297.9800109863281,558.896728515625,22.68000030517578,-0.01088325468827147,0.0017466735903771576,0.014735149821230916,-1.9200000762939453
2025-05-05,82.48698425292969,306.8800048828125,555.6918334960938,23.639999389648438,-0.005601052633909453,0.029430400577679455,-0.005750828532530852,0.9599990844726562
2025-05-06,82.76119232177734,315.4800109863281,551.0470581054688,24.760000228881836,0.0033187454919066275,0.027638515747736927,-0.008393673875559705,1.1200008392333984
2025-05-07,83.11103820800781,310.75,553.3645629882812,23.549999237060547,0.00421826370657405,-0.015106592963135799,0.00419681980906973,-1.210000991821289
2025-05-08,82.18441772460938,304.6300048828125,557.2202758789062,22.479999542236328,-0.011211804763199213,-0.019890788928179075,0.006943599889265658,-1.0699996948242188
2025-05-09,82.30733489990234,306.8399963378906,556.5103149414062,21.899999618530273,0.0014945089490547812,0.007228485693538802,-0.0012749241863656922,-0.5799999237060547
2025-05-12,81.5414810180664,298.19000244140625,574.9015502929688,18.389999389648438,-0.00934836733477506,-0.028595551740996136,0.032513103328074035,-3.510000228881836
2025-05-13,81.21054077148438,299.4599914550781,578.6981811523438,18.219999313354492,-0.0040668091131485125,0.004249948759953267,0.006582256329715443,-0.1700000762939453
2025-05-14,80.67161560058594,293.1600036621094,579.4376831054688,18.6200008392334,-0.00665826517222511,-0.02126227662564288,0.0012770557867173712,0.40000152587890625
2025-05-15,81.38074493408203,297.8399963378906,582.2678833007812,17.829999923706055,0.008751910277878566,0.015837869719407486,0.004872501047651316,-0.7900009155273438
2025-05-16,81.59819793701172,294.239990234375,585.9559936523438,17.239999771118164,0.0026684813158733417,-0.012160689602209927,0.006314068180387681,-0.5900001525878906
2025-05-19,81.36182403564453,298.0299987792969,586.596923828125,18.139999389648438,-0.0029010068147951006,0.012798420816745652,0.0010932218581512902,0.8999996185302734
2025-05-20,80.77561950683594,303.5799865722656,584.624755859375,18.09000015258789,-0.007230989588197622,0.018450974483986242,-0.0033677140150286705,-0.049999237060546875
2025-05-21,79.3951416015625,305.82000732421875,574.7733154296875,20.8700008392334,-0.017238003734187223,0.007351594562024017,-0.01699446941251078,2.780000686645508
2025-05-22,79.8111801147461,303.1099853515625,575.0001831054688,20.280000686645508,0.005226418847210232,-0.008900989925318167,0.0003946302102362482,-0.5900001525878906
2025-05-23,79.94355010986328,309.75,571.0752563476562,22.290000915527344,0.0016571656466625375,0.021669792905121613,-0.0068493608136138955,2.010000228881836
2025-05-27,81.05926513671875,304.5,582.9483032226562,18.959999084472656,0.013859793510544375,-0.017094433359300068,0.020577510273195793,-3.3300018310546875
2025-05-28,80.70941162109375,303.80999755859375,579.5757446289062,19.309999465942383,-0.004325362215731581,-0.002268589173612519,-0.005802147596664622,0.35000038146972656
2025-05-29,81.45636749267578,305.6099853515625,581.8635864257812,19.18000030517578,0.009212315425611043,0.0059072333619440654,0.003939671569296213,-0.12999916076660156
2025-05-30,81.57929229736328,303.6000061035156,581.2127075195312,18.56999969482422,0.001507950201068522,-0.006598665713002106,-0.0011192369367069106,-0.6100006103515625
2025-06-02,80.820068359375,311.6700134277344,584.4866943359375,18.360000610351562,-0.009350153426663826,0.026233913208447007,0.0056172207344569024,-0.20999908447265625
2025-06-03,80.67770385742188,308.9100036621094,587.8197631835938,17.690000534057617,-0.001763052664759022,-0.008894994642019345,0.005686359240649595,-0.6700000762939453
2025-06-04,81.98736572265625,310.8999938964844,587.6619873046875,17.610000610351562,0.016102906032551365,0.0064213132412345815,-0.00026844462670427653,-0.07999992370605469
2025-06-05,82.04431915283203,309.3299865722656,584.8218994140625,18.479999542236328,0.0006944198922017021,-0.005062672644074125,-0.004844575652615554,0.8699989318847656
2025-06-06,81.00037384033203,305.17999267578125,590.8274536132812,16.770000457763672,-0.012805808757941411,-0.01350688232494814,0.010216662684454049,-1.7099990844726562
2025-06-09,81.0857925415039,306.6199951171875,591.3599243164062,17.15999984741211,0.0010539913551694084,0.004707437493749117,0.0009008229136485706,0.3899993896484375
2025-06-10,81.50334930419922,306.7099914550781,594.7128295898438,16.950000762939453,0.005136353829756538,0.00029346792267399537,0.005653808661982898,-0.20999908447265625
2025-06-11,81.7501220703125,308.3699951171875,593.0166015625,17.260000228881836,0.003023187831624462,0.005397696978330561,-0.002856255197579159,0.3099994659423828
2025-06-12,82.72761535644531,312.20001220703125,595.3734741210938,18.020000457763672,0.011886165384185809,0.01234370232269246,0.003966501735249262,0.7600002288818359
2025-06-13,81.93045043945312,316.2900085449219,588.7172241210938,20.81999969482422,-0.009682746379299894,0.01301549409169947,-0.011242922732305304,2.799999237060547
2025-06-16,81.10477447509766,311.7799987792969,594.3182983398438,19.110000610351562,-0.010128891151256475,-0.014361734303802328,0.009469058135844975,-1.7099990844726562
2025-06-17,82.0917739868164,311.94000244140625,589.2398681640625,21.600000381469727,0.012095985548947592,0.0005130624809404316,-0.008581684426416531,2.489999771118164
2025-06-18,82.234130859375,310.260009765625,589.1510009765625,20.139999389648438,0.001732616756978281,-0.00540018233840262,-0.00015082803167561687,-1.460000991821289
2025-06-20,82.082275390625,310.1300048828125,587.7674560546875,20.6200008392334,-0.0018483304917376116,-0.0004191069541604869,-0.0023511324016408427,0.48000144958496094
2025-06-23,82.34801483154297,311.0799865722656,593.572998046875,19.829999923706055,0.00323224719626232,0.003058490504208936,0.009828815578583349,-0.7900009155273438
2025-06-24,82.9458999633789,306.19000244140625,600.13037109375,17.479999542236328,0.007234237752332522,-0.015844238391270016,0.010986714416363869,-2.3500003814697266
2025-06-25,83.05030822753906,307.1199951171875,600.4666137695312,16.760000228881836,0.0012579597939801513,0.0030327025232496515,0.0005601258187577922,-0.7199993133544922
2025-06-26,83.46788787841797,306.7799987792969,605.1646728515625,16.59000015258789,0.0050154341805330425,-0.0011076604529502278,0.007793564938162502,-0.1700000762939453
2025-06-27,82.93640899658203,301.2200012207031,608.1713256835938,16.31999969482422,-0.006387824101110209,-0.018289975504647085,0.004956020409532907,-0.2700004577636719
2025-06-30,83.7525863647461,304.8299865722656,611.0790405273438,16.729999542236328,0.009792894714559866,0.011913301279755133,0.0047696854343419375,0.4099998474121094
2025-07-01,83.96025085449219,307.54998779296875,610.8812866210938,16.829999923706055,0.0024764305382708475,0.008883435847179964,-0.00032366665853689923,0.10000038146972656
2025-07-02,83.42681884765625,309.25,613.6505737304688,16.639999389648438,-0.00637365614448618,0.00551237530942954,0.00452302127882086,-0.1900005340576172
2025-07-03,82.84573364257812,307.1400146484375,618.487060546875,16.3799991607666,-0.006989579002408556,-0.006846293882020621,0.007850602922943753,-0.26000022888183594
2025-07-07,82.05509185791016,307.3699951171875,613.8780517578125,17.790000915527344,-0.009589373988312748,0.0007485003525817282,-0.007479975264697256,1.4100017547607422
2025-07-08,81.95030975341797,304.1600036621094,613.5418090820312,16.809999465942383,-0.001277788630369263,-0.010498326962963742,-0.0005478853567877983,-0.9800014495849609
2025-07-09,82.8076171875,305.5199890136719,617.2210083007812,15.9399995803833,0.010406967209898307,0.004461316177625558,0.005978747694233981,-0.869999885559082
2025-07-10,82.86478424072266,306.20001220703125,618.961669921875,15.779999732971191,0.0006901216496981886,0.002223316131965108,0.0028161901993610516,-0.15999984741210938
2025-07-11,81.72169494628906,309.1400146484375,616.7858276367188,16.399999618530273,-0.013890663194135403,0.00955577301886398,-0.003521503443063812,0.619999885559082
2025-07-14,81.55023193359375,308.010009765625,617.9627685546875,17.200000762939453,-0.00210033750449172,-0.0036620144241214002,0.0019063658432794167,0.8000011444091797
2025-07-15,80.97867584228516,306.7300109863281,615.3220825195312,17.3799991607666,-0.007033314322350799,-0.004164364075514542,-0.0042823684543158574,0.17999839782714844
2025-07-16,81.09298706054688,308.260009765625,617.3792114257812,17.15999984741211,0.0014106258326673964,0.004975696789391886,0.003337598209687879,-0.2199993133544922
2025-07-17,81.07393646240234,307.5899963378906,621.1574096679688,16.520000457763672,-0.00023495047964541368,-0.0021758989541098375,0.006101087198508791,-0.6399993896484375
2025-07-18,81.19776153564453,308.3900146484375,620.7024536132812,16.40999984741211,0.0015261453328391358,0.0025975477973482998,-0.0007327011500944641,-0.1100006103515625
2025-07-21,81.92172241210938,313.1300048828125,621.87939453125,16.649999618530273,0.008876507115979402,0.015253192127432761,0.0018943480812726298,0.23999977111816406
2025-07-22,82.41708374023438,316.1000061035156,621.9683837890625,16.5,0.006028555762148562,0.0094401831613078,0.00014308705537016195,-0.14999961853027344
2025-07-23,81.9598388671875,312.17999267578125,627.259765625,15.369999885559082,-0.005563384995310601,-0.012478717461642091,0.00847149255093666,-1.130000114440918
2025-07-24,81.81695556640625,310.2699890136719,627.4674682617188,15.390000343322754,-0.0017448544835217544,-0.006137070328856787,0.00033107217729321593,0.020000457763671875
2025-07-25,82.33133697509766,307.3999938964844,630.1180419921875,14.930000305175781,0.006267297507952744,-0.009293039490678532,0.004215343821505575,-0.46000003814697266
2025-07-28,81.79790496826172,305.4100036621094,629.9598999023438,15.029999732971191,-0.006500168754101878,-0.006494663067578282,-0.00025100366479915287,0.09999942779541016
2025-07-29,83.17913055419922,306.25,628.2982788085938,15.979999542236328,0.016744850032000564,0.002746613677307996,-0.0026411464479572516,0.9499998092651367
2025-07-30,82.75048828125,300.9599914550781,627.507080078125,15.479999542236328,-0.005166566758254435,-0.017424424698434752,-0.0012600660278384859,-0.5
2025-07-31,82.798095703125,302.9599914550781,625.1531372070312,16.719999313354492,0.0005751474526878715,0.006623418228251275,-0.0037583146800458755,1.239999771118164
2025-08-01,83.9751968383789,309.1099853515625,614.9066162109375,20.3799991607666,0.014116417135056675,0.020096397826572604,-0.016526226537602218,3.6599998474121094
2025-08-04,84.20470428466797,310.9100036621094,624.2530517578125,17.520000457763672,0.00272931054455157,0.005806339793967675,0.015085405109181525,-2.8599987030029297
2025-08-05,84.46287536621094,311.1600036621094,621.088134765625,17.850000381469727,0.003061302992546831,0.0008037680984962059,-0.00508282202541377,0.3299999237060547
2025-08-06,83.9751968383789,310.5,625.8455200195312,16.770000457763672,-0.005790613537098438,-0.0021233597342562006,0.007630571713425902,-1.0799999237060547
2025-08-07,83.83177947998047,313.1199951171875,625.3212890625,16.56999969482422,-0.0017093138374119515,0.008402586680171171,-0.0008379873633206979,-0.20000076293945312
2025-08-08,83.46842193603516,313.04998779296875,630.197265625,15.149999618530273,-0.004343785748053488,-0.00022360485625666846,0.007767310261872864,-1.4200000762939453
2025-08-11,83.56402587890625,308.54998779296875,628.9510498046875,16.25,0.0011447351046080584,-0.014479017992943764,-0.001979458991379296,1.1000003814697266
2025-08-12,83.1432876586914,308.2699890136719,635.6468505859375,14.729999542236328,-0.005047638338192387,-0.0009078785028290671,0.010589711326313691,-1.5200004577636719
2025-08-13,83.83177947998047,309.2099914550781,637.82275390625,14.489999771118164,0.008246688981637669,0.003044643380447489,0.003417286804688239,-0.23999977111816406
2025-08-14,83.2102279663086,307.25,637.8821411132812,14.829999923706055,-0.00744189311088302,-0.006358881635978504,9.310492937036679e-05,0.3400001525878906
2025-08-15,82.61737823486328,307.42999267578125,636.388671875,15.09000015258789,-0.007150223908382337,0.0005856467855486066,-0.0023440384993252245,0.26000022888183594
2025-08-18,82.37833404541016,306.95001220703125,636.2501831054688,14.989999771118164,-0.002897582651093416,-0.0015624875893944005,-0.00021764032983260864,-0.10000038146972656
2025-08-19,82.85643005371094,305.2699890136719,632.7984008789062,15.569999694824219,0.005786885648611321,-0.005488312721199512,-0.005439966259085958,0.5799999237060547
2025-08-20,83.03810119628906,308.3599853515625,631.1170043945312,15.6899995803833,0.0021902013747168952,0.010071289165624142,-0.002660617109700641,0.11999988555908203
2025-08-21,82.62694549560547,307.2900085449219,628.5850830078125,16.600000381469727,-0.004963709039156058,-0.00347592916281607,-0.0040198787023870254,0.9100008010864258
2025-08-22,83.23892211914062,310.5799865722656,638.2381591796875,14.220000267028809,0.007379208384651335,0.010649518982753443,0.015240110357538828,-2.380000114440918
2025-08-25,82.99987030029297,309.8299865722656,635.42919921875,14.789999961853027,-0.002876007220014763,-0.002417757282480456,-0.004410829085847295,0.5699996948242188
2025-08-26,82.95206451416016,312.0799865722656,638.0897827148438,14.619999885559082,-0.0005761401638207956,0.0072358055476428994,0.0041783238485304415,-0.1700000762939453
2025-08-27,82.85643005371094,312.7099914550781,639.5436401367188,14.850000381469727,-0.0011535533363765105,0.0020166939883499383,0.0022758610152143876,0.23000049591064453
2025-08-28,83.4014892578125,315.0299987792969,641.80859375,14.430000305175781,0.006556814365466526,0.007391652350960381,0.0035352589433901615,-0.4200000762939453
2025-08-29,82.8086166381836,318.07000732421875,637.98095703125,15.359999656677246,-0.007134044358270779,0.009603638858147003,-0.005981683674969114,0.9299993515014648
2025-09-02,82.19239044189453,325.5899963378906,633.2533569335938,17.170000076293945,-0.007469397577957762,0.02336740250914344,-0.007437844999217563,1.8100004196166992
2025-09-03,83.09466552734375,328.1400146484375,636.685302734375,16.350000381469727,0.010917782310139634,0.007801481349128729,0.00540491326799287,-0.8199996948242188
2025-09-04,83.72815704345703,326.69000244140625,642.0064697265625,15.300000190734863,0.0075948188790690915,-0.0044286747373555105,0.008322877840182628,-1.0500001907348633
2025-09-05,85.00476837158203,331.04998779296875,640.1469116210938,15.180000305175781,0.015132028139501819,0.013257668006979742,-0.0029006816756464476,-0.11999988555908203
2025-09-08,86.13739776611328,334.82000732421875,641.7196655273438,15.109999656677246,0.013236316408051415,0.011323711365555902,0.0024538508507307797,-0.07000064849853516
2025-09-09,85.6478500366211,334.05999755859375,643.203125,15.039999961853027,-0.005699547091418262,-0.002272485609217019,0.0023090261028813923,-0.06999969482421875
2025-09-10,86.13739776611328,335.260009765625,645.0625610351562,15.350000381469727,0.00569954709141835,0.0035857690781288176,0.0028867295722736852,0.3100004196166992
2025-09-11,86.71331787109375,334.760009765625,650.423095703125,14.710000038146973,0.006663810838921038,-0.0014924929949519461,0.008275761656662035,-0.6400003433227539
2025-09-12,86.33897399902344,335.4200134277344,650.2054443359375,14.760000228881836,-0.004326373859872167,0.0019696315993883206,-0.00033468644200698863,0.05000019073486328
2025-09-15,86.54054260253906,338.9100036621094,653.6671752929688,15.6899995803833,0.002331897946245583,0.010351078276418409,0.005309934480800251,0.9299993515014648
2025-09-16,86.722900390625,339.5899963378906,652.7671508789062,16.360000610351562,0.0021049778564968336,0.00200440059968761,-0.0013778336016101538,0.6700010299682617
2025-09-17,86.50213623046875,336.9700012207031,651.9561767578125,15.720000267028809,-0.0025488726570161917,-0.007745087571334619,-0.001243135932890432,-0.6400003433227539
2025-09-18,85.60948944091797,335.6199951171875,655.0023803710938,15.699999809265137,-0.01037297498082536,-0.004014356216469492,0.004661523676907058,-0.020000457763671875
2025-09-19,85.44629669189453,339.17999267578125,658.2465209960938,15.449999809265137,-0.0019080652250865798,0.010551365296973236,0.004940643347549601,-0.25
2025-09-22,85.1391372680664,345.04998779296875,661.3607177734375,16.100000381469727,-0.003601242481950135,0.017158380367683163,0.004719893112429032,0.6500005722045898
2025-09-23,85.7342529296875,346.4599914550781,657.7606201171875,16.639999389648438,0.006965602627331806,0.004078048498240162,-0.005458340322640168,0.5399990081787109
2025-09-24,85.40791320800781,343.32000732421875,655.6678466796875,16.18000030517578,-0.0038136728612340478,-0.009104369003754706,-0.0031867364861726762,-0.45999908447265625
2025-09-25,85.40791320800781,344.75,652.6429443359375,16.739999771118164,0.0,0.004156538489887818,-0.0046241424508109445,0.5599994659423828
2025-09-26,85.33111572265625,346.739990234375,656.3820190429688,15.289999961853027,-0.0008995891684712186,0.005755674720215595,0.0057127785651405125,-1.4499998092651367
2025-09-29,86.03179931640625,352.4599914550781,658.2266845703125,16.1200008392334,0.008177819553762495,0.01636192499893196,0.0028064118744700224,0.8300008773803711
2025-09-30,85.78224182128906,355.4700012207031,660.7061157226562,16.280000686645508,-0.0029049741099548445,0.008503744538253297,0.003759757999068319,0.15999984741210938
2025-10-01,86.00379180908203,356.0299987792969,662.95751953125,16.290000915527344,0.002579372792362024,0.0015741326049985922,0.0034017796058662298,0.010000228881835938
2025-10-02,86.25422668457031,354.7900085449219,663.7210693359375,16.6299991607666,0.0029076736644415286,-0.003488904306035992,0.0011510698904782946,0.3399982452392578
2025-10-03,86.0904769897461,357.6400146484375,663.7112426757812,16.649999618530273,-0.0019002585006433704,0.008000845595952238,-1.4805515983767243e-05,0.020000457763671875
2025-10-06,85.40660858154297,364.3800048828125,666.0914916992188,16.3700008392334,-0.007975319589249687,0.018670357712142448,0.0035798566266859286,-0.279998779296875
2025-10-07,85.89784240722656,366.260009765625,663.6219482421875,17.239999771118164,0.0057352295209431615,0.005146197838027116,-0.003714403753721363,0.8699989318847656
2025-10-08,85.96526336669922,372.29998779296875,667.5791625976562,16.299999237060547,0.0007845891371231599,0.016356457714615965,0.005945346619066807,-0.9400005340576172
2025-10-09,85.89784240722656,365.42999267578125,665.6452026367188,16.43000030517578,-0.0007845891371231945,-0.018625225753276277,-0.002901179078111572,0.13000106811523438
2025-10-10,87.28484344482422,369.1199951171875,647.6542358398438,21.65999984741211,0.016018121985663596,0.010047058859954893,-0.027399832538963102,5.229999542236328
2025-10-13,87.2366714477539,378.0899963378906,657.5919189453125,19.030000686645508,-0.000552046529315889,0.024010471634505016,0.015227587680655873,-2.6299991607666016
2025-10-14,87.51600646972656,380.7900085449219,656.78857421875,20.809999465942383,0.0031969210796521782,0.007115811676483972,-0.0012223931057610573,1.779998779296875
2025-10-15,87.32337188720703,387.3900146484375,659.7044677734375,20.639999389648438,-0.002203561489151117,0.01718391083164241,0.0044297967857278185,-0.1700000762939453
2025-10-16,87.97833251953125,396.45001220703125,655.211669921875,25.309999465942383,0.007472416564628986,0.02311798516943165,-0.006833615021649324,4.670000076293945
2025-10-17,87.84349060058594,388.989990234375,658.9308471679688,20.780000686645508,-0.0015338476531431239,-0.018996349267191237,0.005660249367837144,-4.529998779296875
2025-10-20,88.18061065673828,403.1499938964844,665.7840576171875,18.229999542236328,0.0038303898832773068,0.03575507474940295,0.010346787167762106,-2.5500011444091797
2025-10-21,88.61405181884766,377.239990234375,665.7740478515625,17.8700008392334,0.004903338420576199,-0.066427122202817,-1.5034665906118169e-05,-0.3599987030029297
2025-10-22,88.67183685302734,377.2799987792969,662.3128051757812,18.600000381469727,0.0006518853435986306,0.00010605032482095541,-0.005212385777962875,0.7299995422363281
2025-10-23,88.06503295898438,378.7900085449219,666.2402954101562,17.299999237060547,-0.006866776344432456,0.0039943702532297155,0.005912449677416068,-1.3000011444091797
2025-10-24,88.10355377197266,377.5199890136719,671.6851806640625,16.3700008392334,0.0004373176207745078,-0.003358466049881991,0.008139340211438471,-0.9299983978271484
2025-10-27,88.40214538574219,367.010009765625,679.6094970703125,15.789999961853027,0.003383368356153913,-0.02823439606845571,0.011728614603400918,-0.5800008773803711
2025-10-28,88.63330078125,364.3800048828125,681.41455078125,16.420000076293945,0.002611403895376856,-0.007191829710492189,0.0026524950416700003,0.630000114440918
2025-10-29,87.73754119873047,363.0,681.7418212890625,16.920000076293945,-0.010157770689445763,-0.003794458273018786,0.00048016576939499743,0.5
2025-10-30,87.22703552246094,370.1300048828125,674.2439575195312,16.90999984741211,-0.0058355483669847875,0.019451474207493994,-0.011059024812133158,-0.010000228881835938
2025-10-31,86.96697998046875,368.1199951171875,676.4556274414062,17.440000534057617,-0.0029858171010430563,-0.005445349765875755,0.003274853895150146,0.5300006866455078
2025-11-03,86.74948120117188,368.7799987792969,677.7251586914062,17.170000076293945,-0.002504067737357272,0.0017912982604373527,0.001874980999473234,-0.2700004577636719
2025-11-04,86.94282531738281,362.32000732421875,669.6917114257812,19.0,0.002226283937877061,-0.01767243750416923,-0.011924360802475447,1.8299999237060547
2025-11-05,85.99546813964844,366.510009765625,672.012451171875,18.010000228881836,-0.010956123542590904,0.01149801326624798,0.0034593945896944198,-0.9899997711181641
2025-11-06,86.76881408691406,366.07000732421875,664.8021850585938,19.5,0.008952673580694154,-0.0012012407765740096,-0.010787338554332244,1.489999771118164
2025-11-07,86.58514404296875,368.30999755859375,665.4567260742188,19.079999923706055,-0.0021190183905067123,0.006100376279774767,0.0009840807123627038,-0.4200000762939453
2025-11-10,86.56582641601562,378.3800048828125,675.8407592773438,17.600000381469727,-0.0002231304506358673,0.026974026330607748,0.015483874055295284,-1.4799995422363281
2025-11-11,86.96216583251953,379.8699951171875,677.3878784179688,17.280000686645508,0.004568025026560125,0.0039300815092205245,0.002286560853950906,-0.31999969482421875
2025-11-12,87.11681365966797,385.989990234375,677.7647705078125,17.510000228881836,0.0017767552209119676,0.015982361021277473,0.0005562356386344725,0.22999954223632812
2025-11-13,86.40148162841797,382.8699951171875,666.5179443359375,20.0,-0.008245079661410004,-0.00811594387120292,-0.016733219095931014,2.489999771118164
2025-11-14,85.90848541259766,375.9599914550781,666.408935546875,19.829999923706055,-0.005722217576830954,-0.018212761198262515,-0.00016356304453120328,-0.1700000762939453
2025-11-17,86.12114715576172,371.6499938964844,660.2003173828125,22.3799991607666,0.0024723862780739094,-0.011530197275275704,-0.009360199290175043,2.549999237060547
2025-11-18,86.09214782714844,374.3500061035156,654.6563110351562,24.690000534057617,-0.000336783857370098,0.0072386702324458525,-0.008432918209560396,2.3100013732910156
2025-11-19,85.91814422607422,374.9599914550781,657.1853637695312,23.65999984741211,-0.0020231773151536984,0.0016281258445646413,0.0038557333802783146,-1.0300006866455078
2025-11-20,86.25647735595703,374.8500061035156,647.1683349609375,26.420000076293945,0.003930121202078374,-0.00029336859393561273,-0.01535967698345316,2.760000228881836
2025-11-21,86.5174789428711,374.2699890136719,653.6149291992188,23.43000030517578,0.0030213093575812613,-0.0015485295000223418,0.009911946433389813,-2.989999771118164
2025-11-24,87.01049041748047,380.20001220703125,663.235107421875,20.520000457763672,0.005682228668313437,0.015720029429592993,0.014611154045103741,-2.9099998474121094
2025-11-25,87.23281860351562,380.0799865722656,669.4734497070312,18.559999465942383,0.002551929344555995,-0.0003157406112365523,0.00936196862512666,-1.960000991821289
2025-11-26,87.61949920654297,383.1199951171875,674.09521484375,17.190000534057617,0.004422946612760699,0.007966521739529534,0.006879861801814111,-1.3699989318847656
2025-11-28,87.20382690429688,387.8800048828125,677.7747192382812,16.350000381469727,-0.004755350384930245,0.012347782735317652,0.005443590966696786,-0.8400001525878906
2025-12-01,86.11824035644531,389.75,674.6803588867188,17.239999771118164,-0.012526976642853392,0.004809481913078849,-0.004575923889866952,0.8899993896484375
2025-12-02,86.15704345703125,387.239990234375,675.9300537109375,16.59000015258789,0.00045047786755233977,-0.006460877304549151,0.001850563521801528,-0.6499996185302734
2025-12-03,86.39958953857422,386.8800048828125,678.2706298828125,16.079999923706055,0.002811207393964846,-0.0009300505859088987,0.003456767569100685,-0.5100002288818359
2025-12-04,85.93392944335938,387.1300048828125,678.7664794921875,15.779999732971191,-0.005404186385497183,0.0006459865002764292,0.0007307827148079579,-0.3000001907348633
2025-12-05,85.53617095947266,386.44000244140625,680.0557861328125,15.40999984741211,-0.004639400063325735,-0.001783943580710258,0.0018976831042035792,-0.36999988555908203
2025-12-08,85.25482177734375,385.4200134277344,678.0127563476562,16.65999984741211,-0.0032946636367610104,-0.0026429393579943225,-0.0030087308003297914,1.25
2025-12-09,85.34214782714844,387.3999938964844,677.427490234375,16.93000030517578,0.0010237703241081282,0.005124051608821799,-0.0008635808935584474,0.2700004577636719
2025-12-10,85.67198181152344,389.04998779296875,681.92041015625,15.770000457763672,0.0038573934686187863,0.004250103468607047,0.006610428840848707,-1.1599998474121094
2025-12-11,85.55557250976562,393.239990234375,683.5072021484375,14.850000381469727,-0.001359703117339444,0.010712248978541639,0.002324242885119065,-0.9200000762939453
2025-12-12,84.73094940185547,395.44000244140625,676.1580810546875,15.739999771118164,-0.009685200503955995,0.005578987507631519,-0.0108102968489866,0.8899993896484375
2025-12-15,84.78916931152344,395.79998779296875,675.1365356445312,16.5,0.0006868790843101636,0.0009099271544499963,-0.0015119509722544683,0.7600002288818359
2025-12-16,85.25482177734375,395.8900146484375,673.2918701171875,16.479999542236328,0.005476860744258336,0.00022742956353926302,-0.002736024649435422,-0.020000457763671875
2025-12-17,85.17721557617188,399.2900085449219,665.8832397460938,17.6200008392334,-0.0009106997456659999,0.0085515594385759,-0.011064581322954193,1.1400012969970703
2025-12-18,85.58467864990234,398.57000732421875,670.9114990234375,16.8700008392334,0.004772304136165716,-0.0018048314286412761,0.007522894645792734,-0.75
2025-12-19,85.26524353027344,399.0199890136719,676.9923095703125,14.90999984741211,-0.003739369474346395,0.0011283535131121657,0.009022679156543787,-1.960000991821289
2025-12-22,85.08019256591797,408.2300109863281,681.2098999023438,14.079999923706055,-0.002172656237698011,0.022819254559298667,0.006210568439740869,-0.8299999237060547
2025-12-23,85.21654510498047,413.6400146484375,684.3233032226562,14.0,0.0016013526749260687,0.013165297757330809,0.0045599897652677645,-0.07999992370605469
2025-12-24,85.73271179199219,411.92999267578125,686.7305297851562,13.470000267028809,0.006038847608898018,-0.00414265150874824,0.003511501850767283,-0.5299997329711914
2025-12-26,85.45027923583984,416.739990234375,686.660888671875,13.600000381469727,-0.0032997765809480526,0.011609088487159046,-0.00010141480775991423,0.13000011444091797
2025-12-29,85.77166748046875,398.6000061035156,684.2138671875,14.199999809265137,0.003754058731780085,-0.04450407961760148,-0.003570018446780222,0.5999994277954102
2025-12-30,85.56714630126953,398.8900146484375,683.3783569335938,14.329999923706055,-0.0023873315312693895,0.0007273032894686568,-0.0012218705884970561,0.13000011444091797
2025-12-31,84.88542175292969,396.30999755859375,678.3152465820312,14.949999809265137,-0.00799903681249328,-0.006488999253824397,-0.007436524151640613,0.619999885559082
2026-01-02,84.75880432128906,398.2799987792969,679.55859375,14.510000228881836,-0.0014927411098186272,0.004958545328225588,0.0018313152201985445,-0.4399995803833008
2026-01-05,85.17758178710938,408.760009765625,684.0845336914062,14.899999618530273,0.004928647985759163,0.025972938179914393,0.006638036696537511,0.3899993896484375
2026-01-06,85.00228118896484,413.17999267578125,688.1529541015625,14.75,-0.002060181000054011,0.010755105002161711,0.00592963297825362,-0.14999961853027344
2026-01-07,85.49897003173828,409.2300109863281,685.9347534179688,15.380000114440918,0.005826235810308023,-0.009605943617543307,-0.0032286186657920035,0.630000114440918
2026-01-08,85.07044982910156,411.489990234375,685.8651123046875,15.449999809265137,-0.00502459473146779,0.005507322733438559,-0.00010153246851990349,0.06999969482421875
2026-01-09,85.63532257080078,414.4700012207031,690.4010009765625,14.489999771118164,0.006618110161276116,0.007215903791294916,0.006591610519991714,-0.9600000381469727
2026-01-12,85.38211059570312,422.2300109863281,691.4852294921875,15.119999885559082,-0.002961243838632673,0.018549616736782293,0.0015692011602722827,0.630000114440918
2026-01-13,85.5281982421875,421.6300048828125,690.1026000976562,15.979999542236328,0.0017095245226085478,-0.0014220515093612454,-0.0020015084477309304,0.8599996566772461
2026-01-14,86.02488708496094,425.94000244140625,686.7106323242188,16.75,0.005790513527155061,0.0101703332395237,-0.004927283608422652,0.7700004577636719
2026-01-15,86.00540161132812,423.3299865722656,688.5806884765625,15.84000015258789,-0.00022653538355150925,-0.0061465119926862365,0.002719507171453582,-0.9099998474121094
2026-01-16,85.50870513916016,421.2900085449219,688.0037231445312,15.859999656677246,-0.005791918462053758,-0.0048305320875177415,-0.0008382564279319575,0.01999950408935547
2026-01-20,84.38871765136719,437.2300109863281,673.9981689453125,20.09000015258789,-0.013184469703245208,0.037137944625647984,-0.020566855255717744,4.2300004959106445
2026-01-21,85.03150177001953,443.6000061035156,681.77685546875,16.899999618530273,0.007588081340968829,0.014463871678662811,0.011475018699616915,-3.190000534057617
2026-01-22,85.40157318115234,451.7900085449219,685.3379516601562,15.640000343322754,0.004342725059026891,0.01829421977969421,0.005209663778086045,-1.2599992752075195
2026-01-23,85.63532257080078,458.0,685.5865478515625,16.09000015258789,0.0027333229377237813,0.013651695099226603,0.00036266941646986676,0.4499998092651367
2026-01-26,86.04436492919922,464.70001220703125,689.0680541992188,16.149999618530273,0.004765189619880315,0.014522878245374984,0.0050652924542125026,0.05999946594238281
2026-01-27,85.50870513916016,476.1000061035156,691.8134765625,16.350000381469727,-0.006244849254354574,0.024235866660731666,0.003976338186157654,0.20000076293945312
2026-01-28,85.31393432617188,494.55999755859375,691.7438354492188,16.350000381469727,-0.0022803874006547013,0.03804054442699281,-0.00010066964734378686,0.0
2026-01-29,85.33341217041016,495.8999938964844,690.3711547851562,16.8799991607666,0.00022828183060279712,0.002705807739847273,-0.001986348639724907,0.529998779296875
2026-01-30,84.85619354248047,444.95001220703125,688.3120727539062,17.440000534057617,-0.005608096648091835,-0.10841233744964726,-0.002987029248062552,0.5600013732910156
2026-02-02,84.61375427246094,427.1300048828125,691.7339477539062,16.34000015258789,-0.0028611495847253483,-0.04087351576386017,0.004959083917283966,-1.1000003814697266
2026-02-03,84.81903839111328,454.2900085449219,685.885009765625,18.0,0.0024231934783725674,0.061647351472448514,-0.008491423699952339,1.6599998474121094
2026-02-04,84.60396575927734,453.9700012207031,682.5626831054688,18.639999389648438,-0.002538884827868075,-0.0007046601942605336,-0.004855623207264491,0.6399993896484375
2026-02-05,85.52294921875,441.8800048828125,674.0379638671875,21.770000457763672,0.010803609741178308,-0.02699275619765067,-0.012567930681256348,3.1300010681152344
2026-02-06,85.58159637451172,455.4599914550781,686.96923828125,20.3700008392334,0.0006855125660750605,0.030269515441489408,0.01900307879815714,-1.3999996185302734
2026-02-09,85.56204223632812,467.0299987792969,690.2816772460938,17.360000610351562,-0.00022851142382389515,0.025085614324893347,0.004810227845211307,-3.010000228881836
2026-02-10,86.5494384765625,462.3999938964844,688.4613037109375,17.790000915527344,0.011474040766804,-0.009963188662021111,-0.0026406293530787414,0.43000030517578125
2026-02-11,86.08997344970703,467.6300048828125,688.3021850585938,17.649999618530273,-0.005322841482716249,0.011247091222494243,-0.00023114885650317492,-0.1400012969970703
2026-02-12,87.23379516601562,451.3900146484375,677.668701171875,20.81999969482422,0.013198862808322543,-0.03534565209196913,-0.015569436795382833,3.1700000762939453
2026-02-13,87.71283721923828,462.6199951171875,678.1461181640625,20.600000381469727,0.005476450091741943,0.02457422891441271,0.0007042510601164912,-0.2199993133544922
2026-02-17,87.8594741821289,448.20001220703125,679.2402954101562,20.290000915527344,0.0016703886372028424,-0.031666383600955826,0.0016121827537749706,-0.3099994659423828
2026-02-18,87.5270767211914,458.2799987792969,682.662109375,19.6200008392334,-0.003790460068968069,0.022240759759257815,0.005025060758005965,-0.6700000762939453
2026-02-19,87.61506652832031,459.55999755859375,680.8616333007812,20.229999542236328,0.0010047817492597956,0.0027891563109147515,-0.0026409178869583627,0.6099987030029297
2026-02-20,87.4097671508789,468.6199951171875,685.7855834960938,19.09000015258789,-0.0023459467697314,0.0195226903950525,0.007205914505516996,-1.1399993896484375
2026-02-23,87.73237609863281,481.2799987792969,678.7827758789062,21.010000228881836,0.0036839712776083468,0.02665702371732228,-0.010263859697353819,1.9200000762939453
2026-02-24,87.88880157470703,474.6099853515625,683.7164916992188,19.549999237060547,0.001781396976298139,-0.013955835494471214,0.007242187209707843,-1.460000991821289
2026-02-25,87.89859008789062,473.4200134277344,689.4859008789062,17.93000030517578,0.00011136763679273027,-0.0025104111690772445,0.0084029028181233,-1.6199989318847656
2026-02-26,88.25051879882812,477.4800109863281,685.6561889648438,18.6299991607666,0.003995809929636574,0.008539325114314078,-0.005569928872744709,0.6999988555908203
2026-02-27,88.78821563720703,483.75,682.3637084960938,19.860000610351562,0.00607435986720196,0.01304594710817348,-0.004813507218789428,1.230001449584961
2026-03-02,87.89659881591797,490.0,682.751708984375,21.440000534057617,-0.0100928242504121,0.012837146760680682,0.0005684508339162843,1.5799999237060547
2026-03-03,87.72003173828125,468.1400146484375,676.7337036132812,23.56999969482422,-0.0020108247900444682,-0.04563796333219482,-0.008853415600299437,2.1299991607666016
2026-03-04,87.44539642333984,471.79998779296875,681.5082397460938,21.149999618530273,-0.003135727670232625,0.007787713327779242,0.0070304938268057815,-2.4200000762939453
2026-03-05,87.09227752685547,466.1300048828125,677.70849609375,23.75,-0.004046339913781453,-0.012090565447196364,-0.005591092944311655,2.6000003814697266
2026-03-06,86.76858520507812,473.510009765625,668.82568359375,29.489999771118164,-0.003723583222726606,0.015708476698148666,-0.01319378518665267,5.739999771118164
2026-03-09,87.52386474609375,472.5299987792969,674.6845703125,25.5,0.00866686157575269,-0.0020718179527898957,0.008721814875851091,-3.989999771118164
2026-03-10,86.59203338623047,477.8599853515625,673.6002807617188,24.93000030517578,-0.010703678025987961,0.011216537509720141,-0.0016083986757950827,-0.5699996948242188
2026-03-11,85.47383117675781,476.239990234375,672.7548217773438,24.229999542236328,-0.01299755711994173,-0.003395863568684636,-0.0012559228897518618,-0.7000007629394531
2026-03-12,85.30707550048828,466.8800048828125,662.5390625,27.290000915527344,-0.0019528615055379576,-0.01984963254664512,-0.015301438459733196,3.0600013732910156
2026-03-13,84.88529968261719,460.8399963378906,658.7890014648438,27.190000534057617,-0.004956469769966898,-0.013021372569552835,-0.005676215023587526,-0.10000038146972656
2026-03-16,85.5425033569336,460.42999267578125,665.493408203125,23.510000228881836,0.007712437996907164,-0.0008900836759419468,0.010125429394262926,-3.6800003051757812
2026-03-17,85.77790069580078,459.2699890136719,667.2440185546875,22.3700008392334,0.0027480379620452985,-0.002522571056499545,0.0026270911632708125,-1.1399993896484375
2026-03-18,85.2972640991211,444.739990234375,657.9335327148438,25.09000015258789,-0.005619025553686661,-0.03214842869758357,-0.014051911808400095,2.719999313354492
2026-03-19,85.817138671875,426.4100036621094,656.3121948242188,24.059999465942383,0.006076357850735626,-0.042088486470760696,-0.00246732963124216,-1.0300006866455078
2026-03-20,84.18888092041016,413.3800048828125,646.9034423828125,26.780000686645508,-0.019155881015613368,-0.031034054726858728,-0.014439538092530124,2.720001220703125
2026-03-23,84.73817443847656,404.0400085449219,653.6959228515625,26.149999618530273,0.006503344924351691,-0.022853374485926194,0.010445249178190171,-0.6300010681152344
2026-03-24,84.36544036865234,404.1300048828125,651.5015869140625,26.950000762939453,-0.004408358436101937,0.00022271635118200717,-0.0033624612191459923,0.8000011444091797
2026-03-25,85.1795654296875,416.2900085449219,655.1322021484375,25.329999923706055,0.009603719254579425,0.029645532839315883,0.005557218263225205,-1.6200008392333984
2026-03-26,84.4635238647461,400.6400146484375,643.432373046875,27.440000534057617,-0.008441791766910102,-0.038318848265911816,-0.018020121487025215,2.1100006103515625
2026-03-27,84.00251007080078,414.70001220703125,632.4606323242188,31.049999237060547,-0.0054730907349089765,0.034492091653875186,-0.017198951843375027,3.6099987030029297
2026-03-30,85.12071228027344,414.5799865722656,630.3460693359375,30.610000610351562,0.013223713320554208,-0.0002894695055479165,-0.0033489923071651985,-0.4399986267089844
2026-03-31,85.03244018554688,430.2900085449219,648.6688842773438,25.25,-0.00103756059016625,0.037193492650150234,0.028653407820692582,-5.3600006103515625
2026-04-01,84.94873046875,437.82000732421875,653.5562744140625,24.540000915527344,-0.0009849293688446966,0.017348463901669588,0.007506248903134024,-0.7099990844726562
2026-04-02,85.47066497802734,429.4100036621094,654.144775390625,23.8700008392334,0.0061253138447085,-0.019395701723403234,0.0009000543608632609,-0.6700000762939453
2026-04-06,85.33279418945312,427.6499938964844,657.23681640625,24.170000076293945,-0.0016143796992134647,-0.004107092256447038,0.00471570863127598,0.2999992370605469
2026-04-07,85.32294464111328,431.80999755859375,657.5260009765625,25.780000686645508,-0.00011543178586644749,0.009680581273932702,0.00043990379276420265,1.6100006103515625
2026-04-08,85.59868621826172,434.5299987792969,674.27294921875,21.040000915527344,0.0032265291991316492,0.006279313363379332,0.025150689620180074,-4.739999771118164
2026-04-09,85.38203430175781,437.9100036621094,678.162841796875,19.489999771118164,-0.0025342276228038367,0.007748433781414136,0.005752440641581351,-1.5500011444091797
2026-04-10,85.17522430419922,437.1300048828125,677.7140502929688,19.229999542236328,-0.0024251104949252547,-0.0017827733092611521,-0.000661994496571573,-0.26000022888183594
2026-04-13,85.43128204345703,435.3599853515625,684.3369750976562,19.1200008392334,0.003001737002945837,-0.004057403475821635,0.00972500571340668,-0.10999870300292969
2026-04-14,85.88429260253906,445.0899963378906,692.675537109375,18.360000610351562,0.005288621491554735,0.02210325929203807,0.012111239170364246,-0.7600002288818359
2026-04-15,85.51006317138672,440.4599914550781,698.1414184570312,18.170000076293945,-0.004366888561369476,-0.010456884729500534,0.007859998349511583,-0.1900005340576172
2026-04-16,84.96841430664062,440.0799865722656,699.8569946289062,17.940000534057617,-0.006354475889009485,-0.0008631178955779131,0.0024543333053888188,-0.22999954223632812
2026-04-17,85.74640655517578,445.92999267578125,708.3152465820312,17.479999542236328,0.009114588067070474,0.013205474549607812,0.012013237341879625,-0.46000099182128906
2026-04-20,85.72671508789062,442.0899963378906,706.8988037109375,18.8700008392334,-0.00022967409915949628,-0.0086484996289279,-0.0020017372548961723,1.3900012969970703
2026-04-21,85.25401306152344,429.57000732421875,702.2708129882812,19.5,-0.005529315915572218,-0.02872874757171026,-0.006568417750443915,0.6299991607666016
2026-04-22,85.42142486572266,435.260009765625,709.3825073242188,18.920000076293945,0.001961756886902417,0.01315885071808192,0.010075780503951338,-0.5799999237060547
2026-04-23,85.23431396484375,431.0400085449219,706.6295776367188,19.309999465942383,-0.0021928471569631486,-0.009742663076259298,-0.0038882904816336587,0.3899993896484375
2026-04-24,85.39188385009766,433.25,712.10546875,18.709999084472656,0.001846960573047589,0.005114015549751456,0.00771943756437638,-0.6000003814697266
2026-04-27,84.96841430664062,429.8900146484375,713.332275390625,18.020000457763672,-0.004971468355325828,-0.007785532512716458,0.0017213055408080294,-0.6899986267089844
2026-04-28,85.05705261230469,421.9100036621094,709.8612060546875,17.829999923706055,0.0010426474962872642,-0.01873736625464264,-0.0048778697536611924,-0.1900005340576172
2026-04-29,84.39723205566406,417.4100036621094,709.7515258789062,18.809999465942383,-0.007787633019970801,-0.010723068864617815,-0.0001545212627813887,0.9799995422363281
2026-04-30,84.3184585571289,423.6600036621094,716.8132934570312,16.889999389648438,-0.0009338017581311776,0.01486229443655377,0.009900461815238022,-1.9200000762939453
2026-05-01,84.61992645263672,423.17999267578125,718.7982177734375,16.989999771118164,0.0035689723858498314,-0.0011336522597227192,0.002765268411019866,0.10000038146972656
2026-05-04,83.9774398803711,414.7099914550781,716.1649780273438,18.290000915527344,-0.007621586224399144,-0.02021814296632195,-0.003670118801040342,1.3000011444091797
2026-05-05,84.44200897216797,418.2699890136719,721.9102172851562,17.3799991607666,0.005516824490739639,0.008547670573807937,0.007990221711526798,-0.9100017547607422
2026-05-06,85.0844955444336,430.9599914550781,731.9443359375,17.389999389648438,0.0075798135541166696,0.029888127796577613,0.013803688898871048,0.010000228881835938
2026-05-07,84.65946960449219,431.67999267578125,729.7001342773438,17.079999923706055,-0.005007857897324465,0.0016692975079796522,-0.003070792479857851,-0.3099994659423828
2026-05-08,85.0844955444336,433.7699890136719,735.724609375,17.190000534057617,0.005007857897324505,0.004829858327988968,0.008222201875465084,0.1100006103515625
2026-05-11,84.57050323486328,434.6499938964844,737.4002685546875,18.3799991607666,-0.00605928367412052,0.0020266811021026647,0.002274973327095926,1.1899986267089844
2026-05-12,84.00708770751953,432.92999267578125,736.2831420898438,17.989999771118164,-0.006684371534971131,-0.003965060284398247,-0.0015161013155970994,-0.3899993896484375
2026-05-13,83.81929016113281,430.5,740.4025268554688,17.8700008392334,-0.0022379989028645368,-0.00562871133052066,0.0055792448425891535,-0.11999893188476562
2026-05-14,83.93790435791016,427.2099914550781,746.2474975585938,17.260000228881836,0.0014141177895083423,-0.007671648257758531,0.007863317827570018,-0.6100006103515625
2026-05-15,82.6924819946289,417.2900085449219,737.2706298828125,18.43000030517578,-0.01494860070082053,-0.023494231397838114,-0.012102281834028297,1.1700000762939453
2026-05-18,82.5936279296875,418.42999267578125,736.751953125,17.81999969482422,-0.001196157097209181,0.0027281501848720967,-0.0007037568965346505,-0.6100006103515625
2026-05-19,82.05987548828125,411.5,731.8446044921875,18.059999465942383,-0.00648336415528721,-0.016700574279936407,-0.006683070135583305,0.23999977111816406
2026-05-20,82.93958282470703,417.3999938964844,739.3452758789062,17.440000534057617,0.010663255273672,0.01423595990327424,0.010196829759483024,-0.6199989318847656
2026-05-21,83.24600219726562,416.989990234375,740.8114624023438,16.760000228881836,0.003687681091805135,-0.00098276274381623,0.001981123978379707,-0.6800003051757812
2026-05-22,83.70068359375,413.82000732421875,743.7239990234375,16.700000762939453,0.005447038598435434,-0.007631102906282901,0.003923840734942977,-0.05999946594238281
2026-05-26,84.1158218383789,414.0,748.6613159179688,17.010000228881836,0.004947535886011501,0.0004348594550147071,0.006616702614766452,0.3099994659423828
2026-05-27,84.31351470947266,408.489990234375,748.5316162109375,16.290000915527344,0.0023474884593292287,-0.013398563535697896,-0.00017325717290322425,-0.7199993133544922
2026-05-28,84.7484130859375,412.7699890136719,752.6609497070312,15.739999771118164,0.005144852438760292,0.010423100202116821,0.005501418012009892,-0.5500011444091797
2026-05-29,84.7681884765625,417.1199951171875,754.5361328125,15.319999694824219,0.00023331509164798236,0.010483427987444453,0.0024883063996868804,-0.4200000762939453
2026-06-01,84.8138427734375,411.260009765625,756.5908203125,16.049999237060547,0.0005384332012236254,-0.0141482968401824,0.0027194125046700462,0.7299995422363281
2026-06-02,84.9924545288086,411.95001220703125,757.6182250976562,15.770000457763672,0.0021037125722762483,0.0016763707549161957,0.0013570186308611517,-0.279998779296875
2026-06-03,84.65506744384766,407.8699951171875,752.3018798828125,16.059999465942383,-0.00397751203015825,-0.009953528184733784,-0.007041918531282929,0.28999900817871094
2026-06-04,84.8436050415039,411.2699890136719,755.1445922851562,15.399999618530273,0.00222465076155339,0.008301422193564091,0.0037715644628917525,-0.6599998474121094
2026-06-05,84.406982421875,396.239990234375,735.65478515625,21.510000228881836,-0.005159492735122768,-0.037229842768492165,-0.026148277086187284,6.1100006103515625
2026-06-08,83.97036743164062,397.2699890136719,737.3204345703125,18.920000076293945,-0.005186160362102744,0.0025960589903300645,0.002261613232488794,-2.5900001525878906
2026-06-09,84.4665298461914,390.7799987792969,735.1560668945312,19.8700008392334,0.0058913914665505995,-0.016471383961975034,-0.002939767435847424,0.9500007629394531
2026-06-10,84.22836303710938,374.5799865722656,723.56591796875,22.219999313354492,-0.0028236417031050273,-0.04233937620833833,-0.015891160823072677,2.3499984741210938
2026-06-11,85.31993103027344,386.32000732421875,735.8642578125,19.440000534057617,0.012876367539223502,0.030860698069962694,0.016854017638559635,-2.779998779296875
2026-06-12,85.11153411865234,386.5400085449219,739.843994140625,17.68000030517578,-0.002445522783016738,0.0005693171392699535,0.005393675844766619,-1.760000228881836
2026-06-15,85.06192016601562,396.54998779296875,752.890380859375,16.200000762939453,-0.0005830986301714438,0.025566728082746976,0.017480295410686308,-1.4799995422363281
2026-06-16,85.52831268310547,397.6300048828125,748.4019775390625,16.40999984741211,0.005467999795257261,0.0027198311858468048,-0.005979403902405487,0.20999908447265625
2026-06-17,85.66724395751953,388.6000061035156,739.0560302734375,18.440000534057617,0.0016230713885326518,-0.02297138428233101,-0.012566499634242041,2.030000686645508
2026-06-18,86.08401489257812,387.1199951171875,746.739990234375,16.399999618530273,0.004853201727725045,-0.003815842777874201,0.010343315448328203,-2.0400009155273438
2026-06-22,85.4290771484375,384.5899963378906,744.3900146484375,17.280000686645508,-0.007637212060299515,-0.006556887617395544,-0.0031519418478261887,0.8800010681152344
2026-06-23,85.5382308959961,377.32000732421875,733.5800170898438,19.489999771118164,0.001276896310038052,-0.019084169061680104,-0.014628429664887565,2.2099990844726562
2026-06-24,86.70916748046875,365.9200134277344,733.239990234375,18.6299991607666,0.013596195163385128,-0.03067888622252175,-0.00046362452088405214,-0.8600006103515625
2026-06-25,86.67940521240234,369.4599914550781,734.2999877929688,18.889999389648438,-0.0003433013825130638,0.00962769003206293,0.001444591300819105,0.26000022888183594
2026-06-26,86.6893310546875,373.6300048828125,728.989990234375,18.40999984741211,0.00011450556207222751,0.01122355898292356,-0.007257646736180781,-0.4799995422363281
2026-06-29,86.77864074707031,368.5799865722656,741.0,17.649999618530273,0.0010296967139958057,-0.013608268012376532,0.016340624198741247,-0.7600002288818359
2026-06-30,85.75653839111328,368.3800048828125,746.77001953125,16.450000762939453,-0.011848184444283743,-0.000542720627118172,0.007756640320927922,-1.1999988555908203
2026-07-01,85.1768798828125,370.6000061035156,745.760009765625,16.59000015258789,-0.006782298466339477,0.006008302974758538,-0.0013534198977212118,0.1399993896484375
2026-07-02,85.16692352294922,378.1300048828125,744.780029296875,16.149999618530273,-0.00011689723577330863,0.02011473443068858,-0.0013149336271025228,-0.4400005340576172
2026-07-06,85.1071548461914,382.1300048828125,751.280029296875,15.569999694824219,-0.0007020291025502857,0.010522812875633458,0.008689545400113111,-0.5799999237060547
2026-07-07,84.21077728271484,377.489990234375,747.7100219726562,16.1299991607666,-0.010588198504360935,-0.012216825224767369,-0.004763225841268043,0.5599994659423828
2026-07-08,84.02153778076172,374.45001220703125,745.4000244140625,16.899999618530273,-0.0022497411594052568,-0.008085737106823192,-0.003094211852910556,0.7700004577636719
2026-07-09,84.15100860595703,378.17999267578125,751.7100219726562,15.84000015258789,0.0015397382457019348,0.00991193809078384,0.008429620706500477,-1.0599994659423828
2026-07-10,84.13109588623047,377.010009765625,754.9500122070312,15.029999732971191,-0.00023665879244363474,-0.0030985151880658277,0.0043008975551764635,-0.8100004196166992
2026-07-13,83.63310241699219,367.1300048828125,749.1699829101562,17.15999984741211,-0.005936843938919109,-0.026555716132531323,-0.007685633815530019,2.130000114440918
2026-07-14,83.74266052246094,372.1499938964844,751.8300170898438,16.5,0.0013091276680871663,0.013580960339773913,0.003544353050495003,-0.6599998474121094
2026-07-15,83.90201568603516,372.3500061035156,754.8099975585938,15.670000076293945,0.0019011067356680617,0.0005373061432992446,0.003955801420061879,-0.8299999237060547
2026-07-16,83.87213134765625,364.9599914550781,750.719970703125,16.729999542236328,-0.0003562448592149165,-0.02004655342576513,-0.005433351714810402,1.0599994659423828
2026-07-17,84.1808853149414,368.4100036621094,743.2899780273438,18.770000457763672,0.0036744870257331475,0.009408723238543361,-0.009946458438716834,2.0400009155273438
2026-07-20,83.55342102050781,367.6000061035156,742.0900268554688,18.649999618530273,-0.007481680224243114,-0.0022010512760906134,-0.0016156827599172103,-0.12000083923339844
2026-07-23,82.8363037109375,371.5199890136719,738.1799926757812,18.700000762939453,-0.008619784075177583,0.01060726185301006,-0.005282878423248335,0.05000114440917969
2026-07-24,82.91598510742188,371.8999938964844,738.9299926757812,18.579999923706055,0.0009614516118053476,0.0010223155810828782,0.0010154965735656703,-0.12000083923339844
2026-07-27,83.41397857666016,374.6300048828125,739.0900268554688,18.670000076293945,0.00598803662594346,0.007313900742155252,0.00021655211458314317,0.09000015258789062
2026-07-28,83.90201568603516,369.3699951171875,740.8599853515625,18.209999084472656,0.005833733895153527,-0.014140046791040388,0.002391917734196567,-0.46000099182128906
2026-07-29,82.51759338378906,371.0799865722656,729.4600219726562,20.65999984741211,-0.016638114305664715,0.004618798129091445,-0.015507089295929732,2.450000762939453
2026-07-30,82.4677963256836,377.1600036621094,741.6900024414062,17.09000015258789,-0.0006036541745341481,0.016251873707654758,0.016626804898639082,-3.5699996948242188
2026-08-03,82.19000244140625,371.7099914550781,757.6699829101562,15.859999656677246,-0.0033741997028924517,-0.014555552937264947,0.02131654268783935,-1.2300004959106445
2026-08-04,82.81999969482422,374.1600036621094,771.3300170898438,16.5,0.007635904567785617,0.006569565835271058,0.017868407620299842,0.6400003433227539
2026-08-05,83.0,389.6400146484375,769.7899780273438,15.8100004196167,0.0021710333639844803,0.04053975029237347,-0.00199859787687683,-0.6899995803833008
2026-08-06,82.5199966430664,389.6700134277344,768.5599975585938,15.149999618530273,-0.0057999602737899844,7.698804899445261e-05,-0.0015990909095692071,-0.6600008010864258
2026-08-07,82.76000213623047,398.4700012207031,773.260009765625,14.899999618530273,0.002904231166888555,0.022331954604684925,0.006096725613895211,-0.25
2026-08-10,82.05999755859375,402.5400085449219,773.030029296875,15.460000038146973,-0.00849422142713458,0.010162275879128862,-0.00029746097386132897,0.5600004196166992
2026-08-11,82.19000244140625,400.9599914550781,770.5599975585938,15.279999732971191,0.0015830126022657535,-0.0039328416338160815,-0.0032003754929251995,-0.18000030517578125
2026-08-12,82.11000061035156,404.9200134277344,772.489990234375,14.550000190734863,-0.000973850710790294,0.009827899495455166,0.00250153099055172,-0.7299995422363281
2026-08-13,82.58999633789062,398.9599914550781,777.8800048828125,14.630000114440918,0.005828744327754406,-0.014828410072125063,0.00695322585121305,0.07999992370605469
2026-08-14,82.04000091552734,401.4800109863281,776.3400268554688,14.25,-0.006681619118088183,0.006296606490295141,-0.001981673765436055,-0.38000011444091797
2026-08-17,81.3499984741211,405.489990234375,772.6699829101562,15.1899995803833,-0.008446129455619743,0.009938441945241362,-0.004738575980100243,0.9399995803833008
