Date,regime_rotation,equal_weight_monthly,spy_buy_hold
2004-11-22,0.005211990149687353,0.004592353142660179,0.004768687226555085
2004-11-23,0.0015259784152239226,-0.0005595131243826186,0.0015259784152239226
2004-11-24,0.002369700141789644,0.0030158574069944063,0.002369700141789644
2004-11-26,-0.0065295472538553015,-0.0006550006416857903,-0.0007601215580640171
2004-11-29,-0.010651408481726679,-0.004237099359245379,-0.0045627588838934715
2004-11-30,-0.004237916030683902,-0.0032476222698903457,0.0006792341047260803
2004-12-01,-0.0015593264418067119,0.005189832514812155,0.011366365156778756
2004-12-02,0.0008390260095202854,-0.004219664561000003,0.0008390260095202854
2004-12-03,0.015563931128995397,0.009725488594520429,-0.0006703915507435198
2004-12-06,0.003431140694656944,-0.002112336376356434,-0.0003357064272062524
2004-12-07,0.0012525915840106623,-0.00313194275690207,-0.0093114535013865
2004-12-08,0.015596159082232797,-0.0008958014878127881,0.005843191502603132
2004-12-09,0.0035351236810347245,-0.002770918640788835,0.0035351236810347245
2004-12-10,0.0010068857222822406,-0.0013230841113986325,0.0010068857222822406
2004-12-13,0.008715375756748986,0.007141528490617926,0.008715375756748986
2004-12-14,0.0034890992310392254,-0.00012365590171156183,0.0034890992310392254
2004-12-15,0.009061162020700963,0.006574621962875544,0.0007449570330677461
2004-12-16,-0.000579000594788895,-0.007503008403019624,-0.000579000594788895
2004-12-17,-0.0013501974411074635,0.001020782522709129,-0.0066701220583251335
2004-12-20,0.0002513334874467318,0.0017958479752616565,0.0002513334874467318
2004-12-21,0.007700796938647059,0.002741148985412948,0.007700796938647059
2004-12-22,0.0024088820116460376,-0.0017870369543276762,0.0024088820116460376
2004-12-23,0.0007455032531093586,0.0009761720009888595,0.0007455032531093586
2004-12-27,-0.0020698822351319646,-0.0017951173533750538,-0.0020698822351319646
2004-12-28,-0.0007960134490682462,0.0007856203619534374,0.005476408821508181
2004-12-29,0.001485320944182293,-0.0050292605284622234,0.001485320944182293
2004-12-30,-0.0018951004465657512,0.0028594062215031436,-0.0018951004465657512
2004-12-31,0.0063062462046673895,0.0011747590911177258,-0.002146618816336179
2005-01-03,0.002146085573888161,-0.006792525743809583,-0.004715471186973342
2005-01-04,-0.010479782372136042,-0.009752000578011207,-0.012219963286631311
2005-01-05,-0.006900384635000109,-0.0010420630352863378,-0.006900384635000109
2005-01-06,0.0006797422903776605,-0.0021137284350234683,0.00508451370451208
2005-01-07,-0.0014336167933446178,-0.0021166331015160878,-0.0014336167933446178
2005-01-10,0.001580710229668744,0.002972651097985307,0.004727923406227773
2005-01-11,-0.006890622835456767,0.001707025523246422,-0.006890622835456767
2005-01-12,0.001345548749354728,0.004573521947954295,0.00330025709380672
2005-01-13,-0.008012521752530413,0.0006248417183818532,-0.008012521752530413
2005-01-14,-0.00011077518334782684,-0.0004640863440261364,0.005271619272176451
2005-01-18,0.01040246138546154,0.004578224324045066,0.01040246138546154
2005-01-19,0.0028741620438030753,-0.0029483150184723846,-0.01046287781286716
2005-01-20,0.0019839906788572024,-0.0013991586094068385,-0.006090138875671773
2005-01-21,0.00109995915989011,0.002145976739967785,-0.006128033296131857
2005-01-24,0.004285237447264097,0.0010728949659151526,-0.0019696187064881646
2005-01-25,-0.009409458730778001,-0.006418711090842361,0.0028315728325777802
2005-01-26,0.0029943195669250335,0.005108389796594133,0.0029943195669250335
2005-01-27,0.0017066619033806682,-0.0006274715386986868,0.0017066619033806682
2005-01-28,0.0,0.0040022558716472315,0.0
2005-01-31,0.0028428551943093516,-0.0005891918434138112,0.006216319683016017
2005-02-01,0.006347190790827238,0.0006394962058448627,0.006347190790827238
2005-02-02,0.0030273521907511003,0.002254047759441389,0.0030273521907511003
2005-02-03,-0.0025990131978413725,-0.004832904925115536,-0.0025990131978413725
2005-02-04,0.013899088324627884,0.006571326304087157,0.010675775384240737
2005-02-07,-0.0013304148906406554,0.0004845062174058764,-0.0013304148906406554
2005-02-08,0.005678810658310737,0.0022382706006647177,0.0011655108237035633
2005-02-09,-0.007486628501127023,-0.0012229206055035626,-0.007486628501127023
2005-02-10,-0.013494041854359453,5.297253162847462e-05,0.0036041913318402476
2005-02-11,0.008601639007266215,0.005259653199425197,0.008601639007266215
2005-02-14,0.0031251159505560322,0.004463714470942406,-0.0007449478920324515
2005-02-15,-0.005048776631470984,-0.00020488523849486115,0.0037289216380233434
2005-02-16,0.0006604980973341111,-0.0015014490407717655,0.0006604980973341111
2005-02-17,-0.008085481217100031,-0.0031773369619228975,-0.008085481217100031
2005-02-18,-0.008944412018324363,-0.0023564561910965165,0.001330979143792713
2005-02-22,-0.014868218216215699,-3.468419125048517e-05,-0.014868218216215699
2005-02-23,0.0033166458923203613,0.002288460367489759,0.007166782053367161
2005-02-24,0.006613443972625083,0.000779518173895156,0.006613443972625083
2005-02-25,0.009896741793549537,0.006231802107665678,0.009896741793549537
2005-02-28,-0.01076960560146166,-0.005496528974896579,-0.006588014233231771
2005-03-01,-0.0003113456329228694,-0.0008195150174308175,0.004974270079526547
2005-03-02,-0.0013378282860759436,-0.0003822401331691394,-0.0004950581851919314
2005-03-03,-0.0005585599960733063,-0.0021945261062264253,0.00041244178225612743
2005-03-04,0.010834008893870265,0.010952724946867401,0.012456856041795682
2005-03-07,0.0004889155646412173,0.002175468322619199,0.0004889155646412173
2005-03-08,-0.009463446604957997,-0.0001754040716281614,-0.0037460605222384338
2005-03-09,-0.0163325454484947,-0.009207492868319131,-0.011117488626763733
2005-03-10,0.00609978900753935,0.004129388094730967,0.002231428294499441
2005-03-11,-0.007010542252242342,-0.0029886085372625116,-0.007010542252242342
2005-03-14,0.005992839087917068,0.0009765355803265899,0.006229621143689539
2005-03-15,-0.008254706524887068,-0.004602752624315754,-0.008254706524887068
2005-03-16,0.006108663811253951,0.0011041545703753984,-0.008490275531623195
2005-03-17,0.0032606891471464996,-0.0020140282647502783,0.00201511975772242
2005-03-18,-0.002969237018338459,-0.002531471606201492,-0.002969237018338459
2005-03-21,-0.003712029722080305,-0.008322836507571074,-0.003712029722080305
2005-03-22,-0.008482423324744933,-0.009618631966238689,-0.01016090814481436
2005-03-23,0.004791532131569014,7.858010063752844e-05,0.0008561007050353736
2005-03-24,0.0011956483444298892,0.0008469520531816049,0.0011956483444298892
2005-03-28,0.0014517936718525368,-0.00039477128452836667,0.0014517936718525368
2005-03-29,0.00592792494159306,-8.073395363261291e-05,-0.006648984300827869
2005-03-30,0.004985656428269308,0.006749709708536057,0.014158910059959723
2005-03-31,-0.0018610976368662495,0.0034315977143501487,-0.0018610976368662495
2005-04-01,0.0033705478336584606,-0.0019311087010548216,-0.004493141466835928
2005-04-04,-0.00022333865910136418,-0.0012244775083287082,0.0017031306510672689
2005-04-05,-0.0025767052847591875,0.0011136886639791848,0.0047610024817992215
2005-04-06,0.0034684989229728956,0.0037282477596727124,0.0034684989229728956
2005-04-07,0.005396292164408156,-0.0013529622658147917,0.005396292164408156
2005-04-08,-0.010398785725282548,-0.0014081205922363842,-0.010398785725282548
2005-04-11,0.005396663613888885,0.0027556699766661387,0.0007623151550390315
2005-04-12,0.0051659082861012645,0.005290768168962744,0.0051659082861012645
2005-04-13,-0.01179464159741968,-0.0042833610266613436,-0.01179464159741968
2005-04-14,-0.0015547600018852143,-0.00941568069727987,-0.013043418147699985
2005-04-15,0.013236420937254563,0.0005835297406219919,-0.013993185715471108
2005-04-18,-0.0007688802586305807,0.003002800983298574,0.003065971719654383
2005-04-19,0.007947652511320447,0.010494151469792306,0.007947652511320447
2005-04-20,-0.013950373775631516,-0.004444365067624676,-0.013950373775631516
2005-04-21,-0.010472733425055019,0.001011809921075647,0.019419914353888453
2005-04-22,-0.0037925960789064643,0.003148309878035711,-0.0037925960789064643
2005-04-25,0.002950843009193928,0.003523325448098406,0.006576114867860892
2005-04-26,-0.009713708311473241,-0.002138117879273488,-0.009713708311473241
2005-04-27,0.003493609229054469,-0.0009472439279620954,0.003905881092356192
2005-04-28,0.00739800097700042,-0.003084638783233761,-0.012537602387075934
2005-04-29,-0.0017281459720376085,0.006477443595266475,0.01357204607625752
2005-05-02,0.005616440955270721,-0.001813965428784276,0.005616440955270721
2005-05-03,0.0017180075756432361,0.0005587798415098786,0.0017180075756432361
2005-05-04,0.007719030571282607,0.0007380922753283013,0.007719030571282607
2005-05-05,-0.0003408448600910576,0.0007217205778679553,-0.0003408448600910576
2005-05-06,-0.007411837435163395,-0.006523708831225682,-0.003149958727026243
2005-05-09,0.0009872166304073667,0.002675135122103756,0.006234507392927072
2005-05-10,-0.010354728108569142,-0.00047049000987848264,-0.010354728108569142
2005-05-11,0.0030499529839648344,0.0032540980867402066,0.005488562524582165
2005-05-12,-0.011003085840112026,-0.006493226038087815,-0.011003085840112026
2005-05-13,0.0038945246616479347,-0.0009814292749064282,-0.0019833385574166574
2005-05-16,-0.0011855592879628884,0.00219220314093479,0.00933327675504283
2005-05-17,0.0066774367051318645,0.0030519763718748483,0.0066774367051318645
2005-05-18,0.01029119168244884,0.007211994114155044,0.01029119168244884
2005-05-19,0.00420917462784315,3.300910186747742e-05,0.00420917462784315
2005-05-20,-0.0014253436043925017,-0.002618079641230001,-0.0014253436043925017
2005-05-23,0.0055405567029899495,0.004305209414120832,0.0055405567029899495
2005-05-24,-0.002337490794837068,0.0009746908848518503,-0.002337490794837068
2005-05-25,-0.000753029364563807,-0.0015604259409040858,-0.000753029364563807
2005-05-26,0.005359875033081882,0.00034879108430513274,0.005359875033081882
2005-05-27,0.0016656794236478078,0.0023854747812443763,0.0016656794236478078
2005-05-31,0.012361145904865322,0.0002099352056656031,-0.006403911035884354
2005-06-01,0.012244638182385952,0.005967013354899688,0.008537620182088297
2005-06-02,0.002157998300257303,0.006061305233718984,0.002157998300257303
2005-06-03,-0.005051315214678603,-0.0038769047616208,-0.005051315214678603
2005-06-06,0.005249418165488025,0.0039031593348942332,-0.000915712631397515
2005-06-07,0.00793699595469839,0.002101563189666191,0.0007490787804013401
2005-06-08,-0.004765933698553201,-0.0025176523014323496,-0.0018303254637994516
2005-06-09,-0.0008330879168880094,0.0007394121776523077,0.00475303295254598
2005-06-10,-0.0023238159302961486,-0.0017614383185265872,-0.0023238159302961486
2005-06-13,0.003161169615892357,0.0003293925453751144,0.003161169615892357
2005-06-14,0.002322355756432817,-0.00281186586409892,0.002322355756432817
2005-06-15,0.001813822216471348,0.002341547936327056,0.0019025770941161195
2005-06-16,0.0025603509637727707,0.008196954207987838,0.0025603509637727707
2005-06-17,0.0037052914697863096,0.0025327706481272057,0.0037052914697863096
2005-06-20,-0.0016967172192859906,-0.00020713560824619858,0.0003295092696549018
2005-06-21,0.007327064877973697,0.00374740185725826,0.0005766591725306241
2005-06-22,0.000822981043824672,0.0035220467487900946,0.000822981043824672
2005-06-23,-0.0010414780717406434,-0.002665126954278345,-0.014066275401632227
2005-06-24,0.005004480433281759,-0.001691114738027854,-0.007341145933011879
2005-06-27,0.0026975140561362365,0.00143716450482718,0.001428403614009053
2005-06-28,-0.006829288944692982,-0.003125065606241687,0.008392598937855636
2005-06-29,-0.002662809287137886,1.6060650007464553e-05,-0.002662809287137886
2005-06-30,0.008972232261120965,-0.00030635787839095995,-0.005424834606760292
2005-07-01,-0.012120201506029358,-0.008739442381756014,0.0029368165146163513
2005-07-05,0.008031458037665898,-0.0036828478339428856,0.008031458037665898
2005-07-06,0.005514244102917855,-0.0012720670331068538,-0.008382118940682293
2005-07-07,0.002109262925497031,0.0028898492712382505,0.003933711238744507
2005-07-08,-0.00410474319168939,0.0017339255107833287,0.011421230197750487
2005-07-11,0.0051106966256272805,0.0039183139459875,0.0051106966256272805
2005-07-12,0.0026241796161578573,-0.000171590400098832,0.0026241796161578573
2005-07-13,0.0013902660093676428,-0.0022464386426295922,0.0013902660093676428
2005-07-14,0.003920378989209473,-0.0029632430575052774,0.003920378989209473
2005-07-15,0.0026674242833830087,0.001839425150131052,-0.0005692098277904887
2005-07-18,-0.003988929654102764,-0.004134599636251838,-0.003988929654102764
2005-07-19,0.003537613926608054,0.0021215901997352913,0.005476019665593122
2005-07-20,0.0034143015330209787,0.005375420537637805,0.0034143015330209787
2005-07-21,-0.005832497088249549,-0.004470513007880818,-0.005832497088249549
2005-07-22,0.007757269694870635,0.004754284170419475,0.006681495544252812
2005-07-25,-0.0028331688225583405,-0.0017036226768564438,-0.0028331688225583405
2005-07-26,0.0016089686146609488,-0.0010638672085292742,0.0012182374119715483
2005-07-27,0.0036479917174435834,0.0022151352469194294,0.0036479917174435834
2005-07-28,0.006300703957528678,0.007473793636043075,0.006300703957528678
2005-07-29,-0.00988836383962604,-0.00499213108660748,-0.006662864272538991
2005-08-01,-0.0037198457982554364,0.000930863296169311,-0.0007272040960572886
2005-08-02,-0.003245791448619231,0.0009923322859750128,0.005984340942781897
2005-08-03,0.002653113343425932,0.005531057515847062,0.002653113343425932
2005-08-04,-0.0020516661619586593,-0.0021921849241270984,-0.008017874820672987
2005-08-05,-0.007794263689049652,-0.005444353897941144,-0.006789785474584641
2005-08-08,-0.0018545214363683876,-0.0031770157123093175,-0.0018711738178801504
2005-08-09,0.003716263083335519,0.003147811951243613,0.006032856956154443
2005-08-10,-0.00048626888132794675,0.0018929158837023125,-0.00048626888132794675
2005-08-11,0.006975512015163297,0.009830836551925744,0.003973446206721707
2005-08-12,0.010177348771038288,0.0016233555841953756,-0.00613819453409335
2005-08-15,-0.0025715758227042506,-0.0015963188479635577,0.0061761046659962555
2005-08-16,-0.013002760810532244,0.0012533232101617177,-0.013002760810532244
2005-08-17,-0.006615235351170325,-0.007145523261487545,-8.187320758945571e-05
2005-08-18,-8.215529222821427e-05,0.001819619986576261,-8.215529222821427e-05
2005-08-19,-0.00010700838331267398,-0.0010642872478570091,0.002291907874226479
2005-08-22,-0.0010667486884653784,0.00041637488844892934,0.0
2005-08-23,0.004590223232491624,0.0013832041709529567,-0.00187844486124564
2005-08-24,0.0009570033603440838,-0.003904291688037854,-0.00891676259788305
2005-08-25,0.003184698368931153,0.0033391152545979856,0.0036317193613493136
2005-08-26,-0.006825886299683196,-0.00325333078429101,-0.006825886299683196
2005-08-29,0.0012707964804743429,0.0026141270568156728,0.007701176373547268
2005-08-30,-0.005258958443793712,-0.0039006919935090853,-0.005258958443793712
2005-08-31,0.008403865450896582,0.010002492777833044,0.012639132856982292
2005-09-01,-0.0007343602541718774,0.004046011518409212,-0.0007343602541718774
2005-09-02,0.0008410416331378497,-8.883192187588579e-05,-0.0017960862846700036
2005-09-06,-0.007039951518050738,0.0017010178249869945,0.011695429486375556
2005-09-07,0.0016978118059537734,-0.0020576215239120005,0.0016978118059537734
2005-09-08,-0.0033086656732250076,0.0013027141837397885,-0.0033086656732250076
2005-09-09,0.003201432695340359,0.005851155954133989,0.008906712850563893
2005-09-12,-0.002006669091354179,-0.0025336396799199856,-0.002006669091354179
2005-09-13,-0.005548965466228029,-0.0026814048670709065,-0.005548965466228029
2005-09-14,-0.003837012074452071,0.0005906589187254785,-0.003638555187353977
2005-09-15,-0.00823596517427455,0.0006828444243436704,-0.00048688807146078536
2005-09-16,0.007110771625336823,0.003305149572988873,0.007110771625336823
2005-09-19,-0.0033201398998965355,0.0028509383037310944,-0.0033201398998965355
2005-09-20,0.002601148345708411,-0.0021292423724675333,-0.008448598205471364
2005-09-21,0.009292704180886511,0.006191150913152271,-0.009340301670667645
2005-09-22,-0.0009642935263579471,-0.0044400571705616575,0.003556064506163762
2005-09-23,0.0008242368720900136,-0.0027461792769917738,0.0008242368720900136
2005-09-26,0.0011526501756384153,0.0011351892269941218,0.0011526501756384153
2005-09-27,0.0014095960039134706,-0.0020641966148213014,-0.0002466727203305628
2005-09-28,0.0009875775843872163,0.006653775415848797,0.0009875775843872163
2005-09-29,0.008136929182506393,0.00348963943734065,0.008136929182506393
2005-09-30,0.0030976459184095155,-0.003090396094090017,0.0030976459184095155
2005-10-03,-0.003576297648185953,-0.005796665026683823,-0.003576297648185953
2005-10-04,0.0032917754705069804,-0.0024500747383523727,-0.01125636799008622
2005-10-05,0.0043768119801463655,-0.003526579414312179,-0.013116353770305417
2005-10-06,-0.003813143601162855,0.0036743375834782464,-0.003594767946482742
2005-10-07,0.004045562213704313,0.0035536342008153443,0.0034405671702405984
2005-10-10,-0.008444596929692393,-0.002896040507057103,-0.008444596929692393
2005-10-11,-0.0020705449901916007,-0.0010151167148021271,-0.001433404830913353
2005-10-12,-0.00971743448640689,-0.009686364518040159,-0.007852979221162496
2005-10-13,-0.003637598973897313,-0.00017694227891792898,-0.0005958406557820406
2005-10-14,-0.0015500123376254572,0.0013044924108461101,0.01055974405047759
2005-10-17,0.0037077123183450965,0.0044788609392965965,0.0037077123183450965
2005-10-18,-0.010830353685712085,-0.0050512197332669906,-0.010830353685712085
2005-10-19,0.00044306077763530484,0.000757596624477149,0.016635759459799813
2005-10-20,-0.017615810335947814,-0.0075414258627250225,-0.017615810335947814
2005-10-21,0.009272050549640844,0.008351596258714908,0.003909419551103552
2005-10-24,-0.007765255376772162,0.0014765648664962772,0.015491210899549211
2005-10-25,-0.002000869287340777,0.001320263698590994,-0.002000869287340777
2005-10-26,-0.0029232130376868185,-0.0043291414575352405,-0.0029232130376868185
2005-10-27,0.0035845399879383347,-0.0005034896634410874,-0.010639270419016082
2005-10-28,0.0001115178056762434,0.005018108435994907,0.014394736784860898
2005-10-31,0.0027541816430342527,-0.004400087429382566,0.0027541816430342527
2005-11-01,-0.001152037317690997,-0.004198148280717413,0.002997289924016028
2005-11-02,0.010457126144344868,0.004823653766240761,0.010457126144344868
2005-11-03,0.004271066043589136,-0.0020148404779989073,0.004271066043589136
2005-11-04,-0.0013086202492745037,-0.004204542051350524,-0.0013086202492745037
2005-11-07,0.0034043149897095633,0.00333825468505144,0.000982682631196447
2005-11-08,0.009726167232561839,0.004222539557928886,0.0
2005-11-09,-0.010305096545481354,0.001679131739617954,0.001308774454535679
2005-11-10,0.007762345464939354,0.006067330893440786,0.007762345464939354
2005-11-11,0.003405044845617948,0.003615299663261988,0.003405044845617948
2005-11-14,-0.000565792232319729,-0.003933513566715295,-0.000565792232319729
2005-11-15,0.00653055928748711,0.0011909516800472431,-0.0036374242918174532
2005-11-16,0.010514644848707198,0.012117083748931841,0.0020280980904500306
2005-11-17,0.0024355397542567742,0.008838731764691287,0.009312612027622923
2005-11-18,0.003931327542879563,-0.00033985009715941836,0.003931327542879563
2005-11-21,0.005034770651169234,0.006362512160849083,0.005034770651169234
2005-11-22,0.0042941272915468015,0.004158645632159631,0.0042941272915468015
2005-11-23,0.0057794660261917905,-0.0004810715195749317,0.0057794660261917905
2005-11-25,0.003659131492365493,0.0033092518657784984,0.000787581102520334
2005-11-28,0.004971510865497217,0.0014154808232213017,-0.007079400942947784
2005-11-29,-0.009453514491977722,-0.0030229570777956867,-0.001109707324316136
2005-11-30,-0.001110769213250134,-0.006983920735389133,-0.005392590797276928
2005-12-01,-0.0015626383706528676,0.010145397411585466,0.010206575451100439
2005-12-02,0.0012627002901248623,0.0015396860913818233,0.0012627002901248623
2005-12-05,-0.0021283507038720667,0.0009068979899244457,-0.0021283507038720667
2005-12-06,0.010213702204717286,0.004710418795118648,0.0018959612654212371
2005-12-07,-0.003778286052465272,-0.0003072565156992577,-0.00583468586742495
2005-12-08,0.00646810986557227,0.005783591085846696,-0.0006346703846798697
2005-12-09,-0.007866383040293398,0.001594092382798216,0.0026190131096923623
2005-12-12,0.0009497681237763948,0.0007538875340549926,0.0009497681237763948
2005-12-13,0.006801243473227344,-0.002598564156753438,0.006801243473227344
2005-12-14,0.003927138297016504,-0.003983907890123869,0.003927138297016504
2005-12-15,-0.0028945273760537737,-0.0025016643842647387,-0.0028945273760537737
2005-12-16,0.0033184860595742724,-0.0009769661036207848,-0.0032186316201041365
2005-12-19,0.0009924570813321255,-0.0005116470539786777,-0.005143859234467141
2005-12-20,-0.0012109669642960607,-0.00798301392860735,0.0009543688314698834
2005-12-21,0.0015895690644889067,0.0021653471330785575,0.0015895690644889067
2005-12-22,0.005236847404109704,0.009586489942686918,0.005236847404109704
2005-12-23,0.0005524233925828641,0.0020955729281076038,0.0005524233925828641
2005-12-27,0.00817078938360222,0.002815839595460121,-0.010176806732706375
2005-12-28,-0.0027882000564535196,0.005299448236237202,0.002231534055689078
2005-12-29,-0.004452689019498305,-0.000728364673075877,-0.004452689019498305
2005-12-30,-0.0022797859618327223,-0.0018042244796824232,-0.0054321794082707545
2006-01-03,-0.0013062616410621426,0.015379761300619155,0.017589069269921632
2006-01-04,0.0047357863708199005,0.0035137287164507605,0.0047357863708199005
2006-01-05,-0.0011959446059291114,-0.006270092223543504,0.0006283280921745751
2006-01-06,-0.0018501775005515624,0.011001128739553334,0.008321449639406975
2006-01-09,0.0025693791630114608,0.006630872357466801,0.0025693791630114608
2006-01-10,-0.008062201677533574,-0.005653319262822624,0.0010092588302381316
2006-01-11,0.0031807395493126302,0.0035045860518655046,0.0031807395493126302
2006-01-12,0.006712082762833949,0.00019581809295070155,-0.003943534321319158
2006-01-13,0.005791556029904587,0.007902986205912595,-0.0009319040629653263
2006-01-17,0.004454672142907053,-0.0005917870058310918,-0.00272043774292858
2006-01-18,-0.000323700782767246,-0.008845929114107625,-0.003973823569263771
2006-01-19,-0.0029230256095207113,0.009889897715486068,0.0038334738473912396
2006-01-20,-0.01823664252225084,-0.0076321943846012485,-0.01823664252225084
2006-01-23,-0.0003244697859656302,0.0046447743567299546,0.0035725102988385608
2006-01-24,0.0010281951698820227,-0.0014921501671393241,0.0010281951698820227
2006-01-25,0.0008690163705722077,-0.0006615227681483884,0.0008690163705722077
2006-01-26,0.005526243604376133,-0.0011839108741725198,0.005526243604376133
2006-01-27,0.00926511314658697,0.0014979469227017184,0.00926511314658697
2006-01-30,-0.0007777689130830948,0.00600017969081493,-0.0007777689130830948
2006-01-31,0.0027645356419070026,-0.0014262266013885417,-0.007318517808534585
2006-02-01,-0.0034196369065809954,0.0011869266845253527,0.006980416960157053
2006-02-02,-0.011605304213788484,-0.0016204288160086397,-0.011605304213788484
2006-02-03,0.007094513301143728,-0.002108675905682515,-0.004964633454763291
2006-02-06,0.00261344706108856,0.002827404564433347,0.00261344706108856
2006-02-07,-0.0047235457952500455,-0.016973046123192396,-0.00884672582153398
2006-02-08,-0.0023174416715288078,0.003618257523211399,0.00908480586584478
2006-02-09,-0.0016580114287398338,0.009018732533887512,-0.0016580114287398338
2006-02-10,-0.005506827469351071,-0.009455348834934568,0.0018191507342655217
2006-02-13,-0.0018158474340725147,-0.006949592264791882,-0.0018158474340725147
2006-02-14,-0.003542799218900411,0.006992890689970385,0.010599978711972309
2006-02-15,0.003522473609496471,-0.0023356616953991646,0.003522473609496471
2006-02-16,0.000221980915015647,0.007166078324164708,0.007488308374472083
2006-02-17,-0.0027096403461912212,0.004366868022525106,-0.0027096403461912212
2006-02-21,-0.0016487267779542725,-0.0004512810650711726,-0.002484281641856404
2006-02-22,0.006828197467836492,0.0056485324850699,0.006070738960386403
2006-02-23,-0.0014702577076578913,-0.0054574960080815025,-0.0014702577076578913
2006-02-24,-0.0015350723677548456,0.006255753802413957,0.0025567267012113867
2006-02-27,0.00038652761517438616,-0.002887907075533937,0.00038652761517438616
2006-02-28,0.0049505142525578805,0.003446885369587403,-0.00950111201760001
2006-03-01,-0.006042364582962241,0.0011275160382793927,0.00888988898707917
2006-03-02,-7.660803003306516e-05,0.0014705346157901922,-7.660803003306516e-05
2006-03-03,-0.005787607615862317,-0.00618254737459057,-0.004638318836815509
2006-03-06,-0.008731006146703035,-0.010670315268955387,-0.004582271855231163
2006-03-07,0.0006775377471439188,-0.001993072497348118,-0.0015602014270494416
2006-03-08,-0.0003388699439129261,-0.00532032721548853,0.002109797692107138
2006-03-09,-0.006706208079159985,-0.0005318827417271387,-0.006706208079159985
2006-03-10,-0.0037247606121764824,-0.0005118739480497489,0.009499075806380802
2006-03-13,0.0018664202645148047,0.0032952668432120733,0.0018664202645148047
2006-03-14,0.010479088007314875,0.009175392871439078,0.010479088007314875
2006-03-15,0.004454876368133757,0.001248795211983109,0.004454876368133757
2006-03-16,0.009058113355671655,0.004984164962459936,0.002065122215145933
2006-03-17,-0.003029502805224445,-0.0020203597683638025,0.0008348950517586191
2006-03-20,0.0015761606667214056,0.000263576306049704,-0.0016077343408784064
2006-03-21,-0.006287694748687811,-0.005880011767909516,-0.006287694748687811
2006-03-22,0.006096051409600893,0.002308586922255685,0.006096051409600893
2006-03-23,-0.002070661548141761,-0.002046044441707521,-0.002070661548141761
2006-03-24,0.007348791736006817,0.008744786664952804,0.0007681470160749644
2006-03-27,-0.0037033811264943184,0.002345074770537777,-0.0014589625353616993
2006-03-28,-0.009351669895693497,-0.007092141139697545,-0.006153005997499773
2006-03-29,-0.004776043359847024,0.00663028536587491,0.0062683494514037125
2006-03-30,-0.00176856617880169,0.006267659065521894,-0.00176856617880169
2006-03-31,-0.0003444432061672332,-0.0029879100065660557,0.00023088365603753103
2006-04-03,-0.0007698891511349424,0.0019737981308671727,-0.0007698891511349424
2006-04-04,-0.0010396698664889134,0.0009791083715508136,0.00639768200150011
2006-04-05,0.003446909707494491,0.003500503525273384,0.003446909707494491
2006-04-06,-0.007620427366743644,0.0006515097717202478,-0.0010688290244394287
2006-04-07,-0.009774798545876285,-0.010533932807372321,-0.010162583750960606
2006-04-10,0.0018796006684091318,0.006948353726279071,0.001543737491839127
2006-04-11,0.0035194998320992464,-0.005036081536429439,-0.008478492809440942
2006-04-12,-0.006077178919354585,0.0010247114288387685,0.001865531845192018
2006-04-13,-0.0013187682062656876,-0.002347538293046339,-0.0013187682062656876
2006-04-17,-0.0003883801341282771,0.010218112714306343,-0.0003883801341282771
2006-04-18,0.001769305670141966,0.010102260679643836,0.015855799163260544
2006-04-19,0.0019122489093727723,0.009376195125583577,0.0019122489093727723
2006-04-20,-0.0008297637044536672,-0.01539907380283643,0.001374995964593819
2006-04-21,0.005811699047924375,0.014626895134829218,0.00015233311885726907
2006-04-24,0.004010284173519636,-0.00799165036652632,-0.0018296597953376566
2006-04-25,-0.011862369685068506,0.0011854776146754667,-0.004125147073070338
2006-04-26,-0.0016646306637553602,0.004444729592719738,0.00022987418802324278
2006-04-27,0.0013098568595439548,-0.001873381615633051,0.004831595174939515
2006-04-28,0.0007127759893343563,0.013294160046118402,0.0033576869451645546
2006-05-01,-0.00813872277289317,-0.0048595199707779195,-0.00813872277289317
2006-05-02,0.002644348024766842,0.010529154164536434,0.007515616692261335
2006-05-03,-0.003729566187333052,-0.002405420466077974,-0.003729566187333052
2006-05-04,-0.0016821164648362873,0.005839666684813973,0.0035904927445259637
2006-05-05,0.008830721160537337,0.007473386236373605,0.008830721160537337
2006-05-08,-0.0012067177685892252,-0.0023694544970433076,-0.0012067177685892252
2006-05-09,-0.0005975261496928517,0.011158705940566751,0.001963766267416757
2006-05-10,0.0017939108690613462,0.00390404026147572,-0.0005278016714080064
2006-05-11,-0.012071208113518962,-0.002290506891694623,-0.012071208113518962
2006-05-12,-0.008279421926544246,-0.006443330948243769,-0.01305823610751225
2006-05-15,0.003992475755950781,-0.016685395111342382,0.0020117745411618302
2006-05-16,-0.0014667902835995424,0.008100611313942772,-0.0014667902835995424
2006-05-17,-0.019024308710533445,-0.010538031746752916,-0.019024308710533445
2006-05-18,0.013601319746731422,-0.00066223338121305,-0.005044805198544079
2006-05-19,0.002612890345296385,-0.006494411723289965,0.007051100442186615
2006-05-22,0.0021317709408767305,-0.003197257433341884,-0.007631428291557312
2006-05-23,-0.0005910038635031412,0.002925268355343571,-0.007611323770014558
2006-05-24,0.00047332321171865204,-0.009246197800367503,0.007989050156222243
2006-05-25,0.012364087877376658,0.006014798588890513,0.012364087877376658
2006-05-26,0.005088720114935182,0.0034915744688228762,0.005088720114935182
2006-05-30,-0.01775961194893163,-0.005925653103480843,-0.01775961194893163
2006-05-31,-0.005940070274578304,-0.002955714719999584,0.011181257928157313
2006-06-01,0.009568111006508435,-0.003989436555272291,0.009568111006508435
2006-06-02,0.002097546440635808,0.009943583153950141,0.002097546440635808
2006-06-05,-0.014573423499435204,-0.0064066987301439745,-0.014573423499435204
2006-06-06,0.0047243459403040824,-0.003052249250713386,-0.002438649619102449
2006-06-07,0.00023504704512531709,-0.003818342929682644,-0.007491443380921927
2006-06-08,0.0019974303934530385,-0.006767608559880664,-0.0008742765983244525
2006-06-09,0.005277454549218639,-0.0016564225018279941,-0.003181145497517866
2006-06-12,-0.010849369646573561,-0.005542129735914865,-0.010849369646573561
2006-06-13,0.0006993898702573616,-0.025391965924183815,-0.011613415491973955
2006-06-14,-0.010018143785178363,-0.0026349394114299008,0.007751492766037938
2006-06-15,0.021214515676939626,0.014411659651908326,0.021214515676939626
2006-06-16,-0.007287176273816753,-0.0013410407710484108,-0.007287176273816753
2006-06-19,-0.0014232490325381342,-0.010274884715566625,-0.007862003519051988
2006-06-20,-0.001662723556310193,0.005682878284982035,0.003396194106569569
2006-06-21,0.007414195615891231,0.00817295559804272,0.007414195615891231
2006-06-22,-0.004399719335999224,-0.006696989957887479,-0.004399719335999224
2006-06-23,-0.0020348967041077413,0.0006416309770575598,-0.00016076441709793449
2006-06-26,-0.0019175358125333812,0.0024021593071119666,0.004419784427710424
2006-06-27,-0.008640677199334859,-0.004472325480027541,-0.008640677199334859
2006-06-28,-0.005258440172196509,-0.0002924075196856493,0.006779764706258773
2006-06-29,0.020199677470039687,0.018780875061113343,0.020199677470039687
2006-06-30,7.869402887195065e-05,0.01242505822760428,7.869402887195065e-05
2006-07-03,-0.000988132965835315,0.006204257090580544,0.004085621369019381
2006-07-05,-0.007984944496961466,-0.0028112777086905906,-0.005711958947418044
2006-07-06,0.006126329771921155,0.005804051931794946,0.00291175200311388
2006-07-07,-0.006512946872433267,-0.0021338919912667004,-0.006512946872433267
2006-07-10,0.0009483978215919654,-0.0023584554309126534,0.0018954557099851884
2006-07-11,0.0032006714841174237,0.012225820551764693,0.004414594384114664
2006-07-12,-0.010674283326533219,0.002517644881193893,-0.010674283326533219
2006-07-13,0.0038975565102702878,-0.0006175084392598422,-0.01626350407973053
2006-07-14,0.0005890119007369967,0.0005642742585842834,-0.003870438968147091
2006-07-17,0.0015288683653660294,-0.01010237598281088,-0.0014573551029727712
2006-07-18,-0.008571271179290942,-0.006900105987268228,0.00510800864219214
2006-07-19,0.013874072428870596,0.013800266833749547,0.013874072428870596
2006-07-20,-0.006842415119374098,-0.009223427390903984,-0.006842415119374098
2006-07-21,-0.0018721942482463508,-0.007408904868396482,-0.007049314663202839
2006-07-24,-0.0005855668786548412,0.00261948008296107,0.018233211665401074
2006-07-25,0.0035655592623743664,0.0024139722639260463,0.0035655592623743664
2006-07-26,0.0013422400777750925,0.004107787206876058,0.0013422400777750925
2006-07-27,-0.0009463008783319169,0.00403554053594567,-0.0009463008783319169
2006-07-28,0.005750495045485368,0.006335163177649393,0.01002309081241299
2006-07-31,-0.0010160549947298093,0.00036135682142613,-0.0010160549947298093
2006-08-01,-9.289116355593041e-05,0.0044484756783285135,-0.004927733894785791
2006-08-02,0.003743542477422296,0.005733923399735733,0.006760298829146097
2006-08-03,0.002654115341196023,-0.0023364780262093493,0.002654115341196023
2006-08-04,0.006060740936079074,0.0022810668352507392,-0.0017129337523192204
2006-08-07,-0.002340170497522321,0.0005680043471313801,-0.002340170497522321
2006-08-08,-0.0022002869498647863,-0.0047647918583007135,-0.003831241372513776
2006-08-09,-0.0032484026403360716,0.001262897787344576,-0.003374676813988233
2006-08-10,-0.0015137139272879238,-0.006725031229333907,0.0030716501442546325
2006-08-11,-0.002826952937461844,-0.005229454888771611,-0.002826952937461844
2006-08-14,0.0007873366835915178,-0.002765390941960357,0.0007873366835915178
2006-08-15,0.008445741696477285,0.005546502434947011,0.011958258563698278
2006-08-16,0.00831855540231551,0.007600802098392773,0.00831855540231551
2006-08-17,0.0025440003234899647,-0.0069239064878728945,0.0025440003234899647
2006-08-18,0.0050759369625976,0.0027526414941389746,0.0050759369625976
2006-08-21,-0.00428488242055005,0.007128370062966233,-0.00428488242055005
2006-08-22,0.00034498466487528986,-0.0019507050634431317,-7.679513496472445e-05
2006-08-23,0.00045899687016867093,-0.0019313578330739873,-0.0027670387579333184
2006-08-24,0.0018365454001980483,-8.429689649027485e-05,-0.0008474102065718903
2006-08-25,0.0014883631754136672,0.0010249298691587083,0.001233951093555044
2006-08-28,0.0009147756336871045,-0.002123608107202683,0.004776516328555969
2006-08-29,0.0011501220573897108,0.0005407696097281865,0.0011501220573897108
2006-08-30,0.0026238855243835455,0.00362447624866949,0.0006121593666416924
2006-08-31,0.0023906488899461003,0.0053186896915026986,-0.00015313594761799185
2006-09-01,0.00034147516619805976,0.001301489239397945,0.00597110819935827
2006-09-05,0.0019018711612028372,0.005070261637156908,0.0019018711612028372
2006-09-06,-0.0013766680991928464,-0.006052950873173941,-0.008809738107774051
2006-09-07,0.0019510254438674243,-0.009498216335405776,-0.004597331629567319
2006-09-08,0.000803143813953073,-0.002073008102508871,0.0028482675632847763
2006-09-11,0.0009977792265882064,-0.011554339654668153,0.0009977792265882064
2006-09-12,0.009815430932784454,0.00406672144477106,0.009815430932784454
2006-09-13,0.0040246872697344525,0.003169157125058947,0.0040246872697344525
2006-09-14,7.516455579548165e-05,-0.008519801328906255,7.516455579548165e-05
2006-09-15,-0.0007997671028531948,0.0016902820544913515,0.002347174320917988
2006-09-18,-0.0016011414816060406,0.00447071245157483,0.0013640737765316328
2006-09-19,0.011224736523245784,-0.004207372572499774,-0.00249704939067223
2006-09-20,0.0014703615150867821,0.004199330348443633,0.005310119112117828
2006-09-21,-0.004829404556115976,0.00522435115398088,-0.004829404556115976
2006-09-22,0.004930022744090172,0.003636418154320982,-0.0030336390541846666
2006-09-25,0.0070250238020865465,0.005028859929569444,0.007682604325601455
2006-09-26,0.00830310184508955,0.0026712080479347677,0.00830310184508955
2006-09-27,0.0011979055417769661,0.005156190965994633,0.0011979055417769661
2006-09-28,-0.001671874130395011,-0.0008019388177415989,-0.00037377967947634875
2006-09-29,-0.0012282912558983078,-0.0024056675797371405,-0.0008230002222838181
2006-10-02,0.002739005892477148,-0.0021283162345111894,-0.0037430955367239414
2006-10-03,-0.0013440706936206817,-0.011208731324160157,0.002104025493287806
2006-10-04,0.011697509721122667,0.002207405057460761,0.011697509721122667
2006-10-05,0.0019273550176559407,0.0013890463458905925,0.0019273550176559407
2006-10-06,-0.010425711565771949,-0.003547346106294023,-0.0012576540151443825
2006-10-09,0.0005923243538911994,0.0023056953000669235,0.0005923243538911994
2006-10-10,-0.007909099306148455,-0.0033286559638506814,0.0013324686781754074
2006-10-11,-0.0011827774306440045,-0.0020747430942169237,-0.0011827774306440045
2006-10-12,0.0005707762092796278,0.0066340661910999615,0.00865947959495185
2006-10-13,0.002568417273628411,0.005332473821187586,0.002568417273628411
2006-10-16,0.0015369579248635413,0.00537108723259908,0.0015369579248635413
2006-10-17,0.0007997536966850082,-0.0037224727279397112,-0.003142228969624272
2006-10-18,0.002053867574063767,0.0007887701948787037,0.0013196549210944893
2006-10-19,0.0016105717240497638,0.004555884505927098,0.0016105717240497638
2006-10-20,0.00021913905852613566,-0.003783980073212431,0.00021913905852613566
2006-10-23,0.004604198756062956,-0.005462793487129719,0.004604198756062956
2006-10-24,0.0,0.003343913142716438,0.0029821971480325175
2006-10-25,0.0034087639883039777,0.007087433844692151,0.0034087639883039777
2006-10-26,0.0031080921322269926,0.006155535060868141,0.0031080921322269926
2006-10-27,0.004634518824915003,-1.9682690509970416e-05,-0.006268775023484036
2006-10-30,0.0028130148091959806,0.0034550810691855033,-0.0007252735067800087
2006-10-31,0.007742938006153246,0.00438085891558185,-0.0001449530200176626
2006-11-01,0.005532727852733926,0.005791824867936242,-0.006749532476651589
2006-11-02,-0.004113268500462049,0.0015177258706872503,-0.0005844779894983178
2006-11-03,-0.0118316511535224,-0.0024096638917937524,-0.001754700011981814
2006-11-06,0.01127893577519053,0.002413803234978657,0.01127893577519053
2006-11-07,0.004617295033727253,0.003613147962672092,0.003838152195700023
2006-11-08,0.003588023200031498,-0.0031929178282171793,0.0021642786158715035
2006-11-09,-0.005255008976569886,0.008166004412181849,-0.005255008976569886
2006-11-10,0.004359317707588152,-0.0009321220835059785,0.00043432968504857056
2006-11-13,0.0024595511166455837,-0.0008986690268573111,0.0024595511166455837
2006-11-14,0.003896086154830641,0.0007112371234630726,0.0075044597878172505
2006-11-15,0.002865012986251656,0.0008502577826773731,0.002865012986251656
2006-11-16,0.0025707144287487813,-0.0035340237415010974,0.0025707144287487813
2006-11-17,0.0002852237901020076,0.004542870013535528,0.0002852237901020076
2006-11-20,0.0005697380728228024,0.0006487489803365962,0.0005697380728228024
2006-11-21,0.002442274251452492,0.0038581920469279497,0.0009963372640286105
2006-11-22,0.0016604552120131864,0.002456527745973972,0.0019910031244069525
2006-11-24,0.0017695336866231915,0.004640515896218518,-0.0040449318899698885
2006-11-27,0.003641004901695901,-0.0022681441100189,-0.013751191259002008
2006-11-28,0.002089239259508336,0.0014032905675658803,0.00433449796450413
2006-11-29,0.010430446788624226,0.0004444856829460271,0.010430446788624226
2006-11-30,0.00042701469249153783,0.00893561392850542,0.00042701469249153783
2006-12-01,0.0025443689251234154,-0.001284944048116075,-0.0022060554626119086
2006-12-04,0.001749974584549197,0.0031267936638989025,0.007630734384743692
2006-12-05,0.004317493749575771,-0.0017263847281385116,0.004317493749575771
2006-12-06,-0.001974358692039824,-0.006739842952895422,-0.000845886930845934
2006-12-07,-0.000770235801389768,-0.0015297487304328588,-0.004372748913640768
2006-12-08,-0.007260368158567154,-0.005359635066973684,0.0018420001683234022
2006-12-11,0.0028989014705493458,0.005159302316580206,0.0028989014705493458
2006-12-12,-0.0007756115791661249,0.00017619208126277384,-0.0007756115791661249
2006-12-13,-0.008917486229339288,-0.002834850442844784,0.0010589727291107215
2006-12-14,0.008810385681992307,-0.00010658399583265326,0.008810385681992307
2006-12-15,9.144041105102473e-05,-0.005646704061445378,9.144041105102473e-05
2006-12-18,0.00033404384930044607,-0.0006241274616840306,-0.002740279098441585
2006-12-19,-0.0013375402031734892,0.004212430644606234,0.001902063189075109
2006-12-20,-0.000562325380748936,-0.0011745603140179029,-0.000562325380748936
2006-12-21,0.005020904401503868,-0.0008499644467623274,-0.0036586680870218124
2006-12-22,-0.007660222041538947,-0.003249050125034564,-0.0061431524763566805
2006-12-26,0.0030207577274185254,0.0047627747162121755,0.005897451160206533
2006-12-27,-0.007352814821599733,0.001065396114505549,0.006568747123076592
2006-12-28,-0.0021052510712077886,0.0020976560711944273,-0.0021052510712077886
2006-12-29,-0.0007919227382665819,-6.03051595090367e-05,-0.004149194888655779
2007-01-03,0.007125227021873513,-0.003117466691356568,-0.0017647601659351248
2007-01-04,0.006063100983402166,-0.0005824656996024589,0.002122227723322321
2007-01-05,-0.007976421099838345,-0.011978977930802675,-0.007976421099838345
2007-01-08,0.0017945310859794068,0.0038279340763762433,0.004624875998801376
2007-01-09,-0.0008500661617572477,0.0016887032755893993,-0.0008500661617572477
2007-01-10,-0.0044756115582789595,-0.001790765131964649,0.0033318588998045703
2007-01-11,0.004380633986110952,-0.00029345100476617435,0.004380633986110952
2007-01-12,0.007596856311307967,0.009230350434892355,0.007596856311307967
2007-01-16,-0.0019548467564797604,-0.0010004534472864864,-0.0019548467564797604
2007-01-17,-0.0030597902510469508,0.0026679028391185643,0.0004199233363292889
2007-01-18,-0.0033560696967782234,-0.002119173466189298,-0.0033560696967782234
2007-01-19,-0.00272025707762609,0.0036698902733886124,0.001964369804803427
2007-01-22,-0.003081055036593485,-0.0017205786639210166,-0.003081055036593485
2007-01-23,-0.0065756720180433674,0.0067765866468742705,0.0029500581805750217
2007-01-24,0.008052797111712562,0.003180167845188541,0.008052797111712562
2007-01-25,-0.011740194893388747,-0.007712561108493388,-0.011740194893388747
2007-01-26,-0.0008051950996715104,1.0216320619644507e-05,-0.0009134546221937336
2007-01-29,-0.002185901385868412,-0.003012328213494924,-0.0005633719793207635
2007-01-30,0.0011531358195322036,0.004502966274585133,0.005209597282985686
2007-01-31,0.006723029724991365,0.008211663302669103,0.006723029724991365
2007-02-01,0.005983219332016774,0.0035981294205271823,0.005983219332016774
2007-02-02,0.0013831442281848243,-0.003934722918445102,0.0013831442281848243
2007-02-05,0.00027556875794582623,0.0007055040460412798,0.00027556875794582623
2007-02-06,0.005498465931138271,0.0043947873984038,0.00027654721463776457
2007-02-07,0.00296059415147228,0.0009087516950379654,0.0022086038121341954
2007-02-08,-0.0013085390549850164,0.004378462276409442,-0.0013085390549850164
2007-02-09,-0.005673907452424347,-0.0013177240486594826,-0.00744748792841075
2007-02-12,-0.002282433698267017,-0.004178029044062916,-0.003403966742167173
2007-02-13,-0.0021735572070242645,0.0029401146528831392,0.008435026462977295
2007-02-14,0.006566967884584483,0.008040869262063845,0.006566967884584483
2007-02-15,0.0013050945436858096,0.0016153917286562736,0.0013050945436858096
2007-02-16,0.0035086978044569185,0.0007524118357750877,-0.0004801306565929977
2007-02-20,0.0021271538874118702,-0.003846032803111333,0.0021271538874118702
2007-02-21,-0.0016891219629601025,0.009640397147447423,-0.00041136582792201964
2007-02-22,-0.005411709709683556,-0.0030455176652281137,-0.0007532729260258517
2007-02-23,0.007142341914180024,0.003936008131593296,-0.00390733322544226
2007-02-26,0.006641595025132544,0.0038135327311881215,-0.0008950185509317871
2007-02-27,0.01263515265233959,-0.022027963037687566,-0.0390573454260936
2007-02-28,-0.004527715554514407,0.007206840510055809,0.010250863218650867
2007-03-01,-0.0029802557380043788,-0.004514182603346135,-0.0029802557380043788
2007-03-02,0.005014499838310946,-0.013321387824172968,-0.013095227096434717
2007-03-05,0.0016624369061148403,-0.0065935914147186026,-0.009518688559668673
2007-03-06,-0.0029885338594922025,0.010938408993438535,0.017109217782295513
2007-03-07,-0.001002347582999937,0.0017436889189356697,-0.001002347582999937
2007-03-08,0.008455260378230363,0.0034374159388728914,0.008455260378230363
2007-03-09,0.00028431309475734294,-0.004623733646010932,0.00028431309475734294
2007-03-12,0.001491754551629668,0.0024291066870849726,0.001491754551629668
2007-03-13,-0.01943386931280557,-0.007818733362218092,-0.01943386931280557
2007-03-14,-0.004541855426890277,0.002054867513777079,0.0074499989031819045
2007-03-15,0.0013640953438104485,0.0006230724271167284,0.0013640953438104485
2007-03-16,-0.0028000324133590974,0.0022465083119618447,-0.0028000324133590974
2007-03-19,-0.002114590965445615,0.003915134033058419,0.012055247393257534
2007-03-20,0.005492086297592209,0.004717342061367419,0.005492086297592209
2007-03-21,0.01645702314159275,0.00845749898302026,0.01645702314159275
2007-03-22,-0.0007674914843023576,-0.003186595445518292,-0.0007674914843023576
2007-03-23,-0.002807089641796016,-0.0034869154535622847,0.0014665709847676317
2007-03-26,0.0012385490684160563,0.0034280009169625003,-0.0013247631669462043
2007-03-27,-0.001687220072439663,-0.00206576355888377,-0.002374260737231851
2007-03-28,-0.0020283536420675876,-0.0013855147674749525,-0.007279912020103417
2007-03-29,-0.0013546948354398866,-0.0021018044614011184,0.0010574757451748463
2007-03-30,-0.0019216951497147128,-0.00010893781306381607,0.0002114707295579153
2007-04-02,0.00112691675133014,0.0014867684490667992,0.00112691675133014
2007-04-03,0.010762563815014094,0.003068580166043534,0.010762563815014094
2007-04-04,0.001113511136169918,0.00565991345826891,0.001113511136169918
2007-04-05,0.0027108481741469057,-8.082961494291097e-05,0.0027108481741469057
2007-04-09,-0.006609742256392765,-0.003367595995500843,0.0013868644426261669
2007-04-10,0.002982840519792466,0.004548092606701182,0.001176788403544881
2007-04-11,-0.0040796170777365635,-0.0019954247544127835,-0.0040796170777365635
2007-04-12,0.00022879536728835647,0.0011113856304667373,0.004443838184535884
2007-04-13,0.004562086012627396,0.004786047516296302,0.004562086012627396
2007-04-16,0.00949622639365016,0.007778965083271352,0.00949622639365016
2007-04-17,0.002658628513883364,0.0007275303452022664,0.002658628513883364
2007-04-18,0.004994886473709172,0.003923050301625655,0.001223919319427628
2007-04-19,-0.0016935205242528412,-0.004837002090900071,-0.0002720349007422546
2007-04-20,-0.002602848724533947,0.00813663666336102,0.009440932400010106
2007-04-23,-0.003767388869558804,-0.002261600170079035,-0.003767388869558804
2007-04-24,0.0037296377049293805,-0.0012596672155011398,0.00040481093876060275
2007-04-25,-0.00349121722779181,0.0027526870234500815,0.009181807311377991
2007-04-26,-0.007232875229204219,-0.0069854215838089945,0.001137401718554545
2007-04-27,-0.000802036530926949,0.003069648815254726,-0.000802036530926949
2007-04-30,-0.0082926191925033,-0.0017606817800888148,-0.0082926191925033
2007-05-01,0.0007238046612361127,-0.0008918452933302156,0.002562709217575649
2007-05-02,0.005851961482943213,0.0016195540239916806,0.005851961482943213
2007-05-03,0.0054162387469899875,0.005186850375084251,0.0054162387469899875
2007-05-04,0.004079097301309805,0.006080108191874682,0.0037912508750179165
2007-05-07,0.00019871387484356564,0.0012551472350766301,0.00019871387484356564
2007-05-08,-0.002251798502726122,-0.00300193665391636,-0.001324495969896974
2007-05-09,-0.003948151775509958,-0.0025084032355576717,0.0027194665120139675
2007-05-10,-0.010452645836085836,-0.00988763412262001,-0.010452645836085836
2007-05-11,-0.00350280516012755,0.003953426771833465,0.00855768144620139
2007-05-14,-0.0021875855313386464,-0.0024491803457603054,-0.0021875855313386464
2007-05-15,-0.0003421306172356693,0.001269146234187693,0.00026549385466171943
2007-05-16,-0.0006817340866253815,-0.0025796437246358734,0.00684082231888826
2007-05-17,-0.001979228635526351,-0.00472428874815243,-0.001979228635526351
2007-05-18,-0.006628011129737804,0.0030872249089746655,0.008724756156258166
2007-05-21,-0.0005243570805506437,0.0015512453796368672,-0.0005243570805506437
2007-05-22,-0.005161053989290372,-0.004310693488254322,-0.0007871263456031007
2007-05-23,0.00013181385488372793,0.0007974170533202408,0.00013181385488372793
2007-05-24,0.0009240047778746828,-0.006764237060719438,-0.00905282879159368
2007-05-25,-0.002310283494142234,0.0016263298367445765,0.0041703465393467636
2007-05-29,0.0036260280043686794,0.0018649479783786858,0.0036260280043686794
2007-05-30,0.0020844703305382146,0.0017425475765109166,0.008145003008036727
2007-05-31,-0.0010426255956052322,0.0031338201986807037,-0.0010426255956052322
2007-06-01,-0.005253458027268336,0.004478540689028514,0.004956984987445299
2007-06-04,0.0001304642114100953,0.0020540081396951864,0.0001304642114100953
2007-06-05,-0.006281145937427665,-0.004255365110174558,-0.003959037043054059
2007-06-06,-0.0004673872253421515,-0.0035306724220574726,-0.010750230234144622
2007-06-07,-0.01791523235330314,-0.0177555272253438,-0.018044464208159354
2007-06-08,-0.0008361008369906354,-0.0013696287985822874,0.013010511427486028
2007-06-11,0.0017215386426074212,0.0021203530377243147,0.0017215386426074212
2007-06-12,-0.010905119300192393,-0.011537435791744613,-0.010905119300192393
2007-06-13,0.011901338514589816,0.011184990870834088,0.01496829900874495
2007-06-14,0.006386194888039408,0.0016825464740816347,0.006386194888039408
2007-06-15,0.005689706892164143,0.005464227417274871,0.005689706892164143
2007-06-18,-0.0020315014838696477,-0.0005494931481080738,-0.0011757927076395
2007-06-19,0.002485339778803987,0.0066282935679983935,0.002485339778803987
2007-06-20,-0.013897261602604724,-0.011266081204467907,-0.013897261602604724
2007-06-21,-0.004782706494898113,-0.0004862361198420123,0.005558174751104415
2007-06-22,-0.009409518323242348,8.989722139797962e-05,-0.009409518323242348
2007-06-25,0.005491955732708148,-0.0015978203069283168,-0.004782686747277075
2007-06-26,0.0002372017901308169,-0.007547249375712231,-0.01027805965888831
2007-06-27,0.0009503047619578304,0.0053112155947040544,0.014228924122521691
2007-06-28,-0.0001328670015701069,0.0029415397439017054,-0.0001328670015701069
2007-06-29,0.010319923531348604,0.0035957742324147215,0.00033203177835503076
2007-07-02,0.005257270611834546,0.0086559291300095,0.009040996952866358
2007-07-03,0.003623270013839179,-0.002257084255873767,0.003623270013839179
2007-07-05,-0.0010498972864810374,-0.005709803474074575,-0.0010498972864810374
2007-07-06,-0.004055792648524643,0.003235647769089455,0.005256709931903593
2007-07-09,0.0007850303343501781,0.0036087426751889124,0.0007850303343501781
2007-07-10,0.016949362825461264,0.0019266893472901737,-0.014239385369509729
2007-07-11,-0.010328324121046055,-0.0019496672640981192,0.007089446952595873
2007-07-12,0.01579120158518506,0.007133626984337525,0.01579120158518506
2007-07-13,0.0029792054779313633,0.0019464697607228794,0.0029792054779313633
2007-07-16,-0.000129328188619306,0.0020149854087560728,-0.000129328188619306
2007-07-17,-0.0021154306762127414,-0.0012245615273163222,-0.0005169603958582749
2007-07-18,0.003769188646505208,0.005060699262638891,-0.0018092485193497482
2007-07-19,-0.00023419489426045045,0.003201628430361919,0.0038844885075592153
2007-07-20,-0.010124429645710878,0.002439385049037759,-0.010124429645710878
2007-07-23,-0.0016288241331195693,-7.697818877300125e-05,0.0030618184960480013
2007-07-24,-0.01734119115426666,-0.004530699744626885,-0.01734119115426666
2007-07-25,0.001973037866184543,-0.0015644569103912408,0.002049583736851185
2007-07-26,-0.02367978511328608,-0.011359353436825858,-0.02367978511328608
2007-07-27,0.0028721851885160597,-0.006641685928480668,-0.01965932519809558
2007-07-30,-0.0028639593668420044,0.005893302729195939,0.01564339396305403
2007-07-31,-0.011263478297702502,-0.0010892379083977462,-0.011263478297702502
2007-08-01,-0.0021642781420549402,0.00161192760596554,0.004872087290697725
2007-08-02,0.0025241326805770853,0.0033079111840707085,0.007990140518302444
2007-08-03,-0.025745327774161608,-0.002413094508740698,-0.025745327774161608
2007-08-06,-0.007278687588815615,0.0022028689166385135,0.01675964371330143
2007-08-07,0.010669351912201367,0.003084368666662393,0.010669351912201367
2007-08-08,0.01394044178546359,0.0021181842895470274,0.01394044178546359
2007-08-09,-0.029633032074174916,-0.01617431639529095,-0.029633032074174916
2007-08-10,-0.0023191642743478793,0.0033257895152206058,-0.004677312052483767
2007-08-13,0.0029050170390651523,0.0005750704837084547,0.0035929166249849803
2007-08-14,-0.015285852276443615,-0.004058484728375362,-0.015285852276443615
2007-08-15,-0.003580932723459069,-0.006543165052728313,-0.013775000234527367
2007-08-16,0.010317840592924496,-0.0015449651531374707,0.007515267148343143
2007-08-17,-0.004016560719556405,0.006399696986049152,0.018367643101862636
2007-08-20,-0.0004835065717866206,0.0005933812974996633,-0.0004835065717866206
2007-08-21,0.002004751532661249,0.0020288689658160873,0.002004751532661249
2007-08-22,0.011867532029317023,0.005100967136390777,0.011867532029317023
2007-08-23,-0.0008858304895078374,0.0003921130574825244,-0.0008858304895078374
2007-08-24,0.012352441442702058,0.0098370308050674,0.012352441442702058
2007-08-27,-0.009303061433189102,-0.0020397036407472304,-0.009303061433189102
2007-08-28,0.0016991202279552598,-0.008725824527989283,-0.021980166018209776
2007-08-29,-0.0027133763758049726,0.007976130433983828,0.019621031933485494
2007-08-30,-0.0026611844278921467,-7.588478610542795e-06,-0.0026611844278921467
2007-08-31,0.0007880669660038417,0.007160866982409738,0.009852682435785121
2007-09-04,0.010095962333468135,0.008133696562153458,0.010095962333468135
2007-09-05,-0.008653384683503296,0.0003583027108570369,-0.008653384683503296
2007-09-06,-0.0025757582827828363,0.00636237613713696,0.002300752107576754
2007-09-07,-0.013906851419393145,0.0027075695368316737,-0.013906851419393145
2007-09-10,0.0077521912410856075,0.0031014785534019236,-0.0019169083911849258
2007-09-11,-0.0007696459328534092,0.007920860403138106,0.01166097935543866
2007-09-12,0.0025762612199770447,-0.0007024412865958658,0.0025762612199770447
2007-09-13,0.0070330024749624956,-0.0025344219629451627,0.0070330024749624956
2007-09-14,-6.684394844291841e-05,1.5986296046725396e-05,-6.684394844291841e-05
2007-09-17,0.004781711919098191,0.004605120855434625,-0.005372796182083381
2007-09-18,-0.007526219764044692,0.010622787134767239,0.029439669118767012
2007-09-19,0.005903123459401717,-0.00234941757409984,0.005903123459401717
2007-09-20,-0.007042755804405709,-0.0022152726301588157,-0.007042755804405709
2007-09-21,0.008490711518757287,0.0017466692350313739,0.002698709004795606
2007-09-24,-0.001842078523831593,5.628952943042328e-06,-0.001842078523831593
2007-09-25,-0.0035172915746932267,-0.001538729731226542,-0.001977941862863006
2007-09-26,0.005284301118955601,0.00044627224088455704,0.005284301118955601
2007-09-27,0.005913978722865251,0.007566007458646606,0.005913978722865251
2007-09-28,-0.003331111092041406,0.003497640734435549,-0.003331111092041406
2007-10-01,0.005713475089524212,0.007430481295803629,0.011272576629271745
2007-10-02,-0.0013611322353504428,-0.0063839468659901465,-0.0013611322353504428
2007-10-03,-0.002915818019019811,-0.003694656838573508,-0.0020118460548172435
2007-10-04,0.0038249555624760116,0.006222194861771031,0.0015607500731393486
2007-10-05,0.011881361450686263,0.002770471049678085,0.011881361450686263
2007-10-08,-0.005325227308294581,-0.005984614865730098,-0.005325227308294581
2007-10-09,-0.001246965582130352,0.005312472193817046,0.009417681662937875
2007-10-10,-0.0016610593812556276,0.0008402700133764054,-0.0016610593812556276
2007-10-11,-0.001021016534587582,0.0005127700065701568,-0.004800878880185937
2007-10-12,-0.004883656563404667,0.003316935987033475,0.005530997126106079
2007-10-15,-0.008443451912929424,-0.00031081632955011094,-0.008443451912929424
2007-10-16,0.0003432633690720321,-0.002638011281267192,-0.007934948221206481
2007-10-17,0.0109483068213354,0.0018227649308501337,0.003056238399759599
2007-10-18,-0.003630677296399138,0.007359080746899407,-0.003630677296399138
2007-10-19,0.014921484229455313,-0.005042812559817017,-0.026156566375609955
2007-10-22,0.00011189459048294053,-0.0030145749949395694,0.00581311104827793
2007-10-23,0.008104037834436709,0.005027165955361224,0.008104037834436709
2007-10-24,-0.0018450528805651106,0.0031875204765466555,-0.0018450528805651106
2007-10-25,-0.0034059831975780048,0.0018980462414503844,0.0023763520660592652
2007-10-26,-0.0023150361413654054,0.010429865538931715,0.011723173788360202
2007-10-29,0.003319618998751819,0.00425939910963803,0.003319618998751819
2007-10-30,-0.0005501822684670274,-0.005821813782783045,-0.00694179105489077
2007-10-31,-0.009030713144952664,0.005974673466486887,0.010388071218337448
2007-11-01,-0.023407733974462202,-0.006397336555297707,-0.023407733974462202
2007-11-02,0.003196154971910167,0.00956242299035503,0.0011255155136976913
2007-11-05,-0.007606101375230089,-0.0029573965425179435,-0.007606101375230089
2007-11-06,-0.004836166406516436,0.009837968866932242,0.013462284669360593
2007-11-07,-0.0273553247911968,-0.004887929229720561,-0.0273553247911968
2007-11-08,-0.0017638519714088417,-0.002243210154499172,-0.00507126105338783
2007-11-09,-0.013726517205690835,-0.0016958030082560153,-0.013726517205690835
2007-11-12,0.003612702671337039,-0.018306615950939856,-0.009921292194797461
2007-11-13,-0.0037095701738291435,0.011856592852197999,0.030480195299134635
2007-11-14,-0.0027689109410849494,0.004431160360900219,-0.0027689109410849494
2007-11-15,0.009407066134161817,-0.011283138410190446,-0.014423774927828557
2007-11-16,0.0014094212367723022,0.0001770066915496928,0.0017176272579417183
2007-11-19,-0.01392397181672761,-0.004358703240467677,-0.01392397181672761
2007-11-20,-0.0010761473850796881,0.011164309806702443,0.006121522464021146
2007-11-21,-0.020465134354395103,-0.0048642825759598555,-0.020465134354395103
2007-11-23,0.0029963298148586812,0.014487128024602634,0.017292643740483876
2007-11-26,-0.02206384184442118,0.00024011727985835934,-0.02206384184442118
2007-11-27,-0.009520424530765178,-0.004961222767647308,0.011493738289732843
2007-11-28,0.03198455398755359,0.005204666231753968,0.03198455398755359
2007-11-29,0.00033988624349950806,-0.0023376792230884957,0.00033988624349950806
2007-11-30,0.010055648802289765,-0.002586525438618193,0.010055648802289765
2007-12-03,-0.006592237285483713,0.004586577110965004,-0.006592237285483713
2007-12-04,-0.0001057943328268406,0.001824821959199792,-0.008938004243838497
2007-12-05,-0.011927187855006554,-0.001821370433069425,0.01673902476116094
2007-12-06,0.01431335037120977,0.005035339025968239,0.01431335037120977
2007-12-07,-0.00019825631466693547,-0.007006841686485231,-0.00019825631466693547
2007-12-10,0.007753009416223624,0.006691631284461918,0.007753009416223624
2007-12-11,-0.02741957970508273,-0.007930258285007735,-0.02741957970508273
2007-12-12,-0.010323672231059781,0.006973831500016728,0.009870387193089117
2007-12-13,-0.002075059121594751,-0.01271508359022199,-0.002075059121594751
2007-12-14,-0.004613902888470794,-0.005666981638966804,-0.012679962215267187
2007-12-17,0.008939662692837929,-0.0035537739471913567,-0.01426849462768407
2007-12-18,0.006453658953753601,0.008858095200153073,0.005582947566803832
2007-12-19,0.0,0.004304565213265494,0.0
2007-12-20,0.006306418492410644,-0.0011045787482192823,0.006306418492410644
2007-12-21,0.014415513120469278,0.0060984636082115915,0.014415513120469278
2007-12-24,0.007426062422541869,0.001122356251936214,0.007426062422541869
2007-12-26,-0.008767775314991061,0.003813308402779279,0.0021442777199252015
2007-12-27,0.01090146487828276,-0.0005640478227454202,-0.012570909360214575
2007-12-28,0.01559452436361277,0.010339902893911738,-0.002505453773938988
2007-12-31,0.006054543123154454,-0.0027393321494444175,-0.007400130775759707
2008-01-02,0.014402322811799225,0.011584314068893561,-0.008754420048792481
2008-01-03,-0.0013766874191313502,0.002219179787862304,-0.0004832777688308677
2008-01-04,-0.024506317739849036,-0.00966665565988362,-0.024506317739849036
2008-01-07,0.004349544006660466,-0.0002586990143043714,-0.0008489634194547426
2008-01-08,-0.016148790120957927,0.002523233933337095,-0.016148790120957927
2008-01-09,0.0019036963793252484,0.0030247794239456876,0.010510470913512157
2008-01-10,0.006554315475679518,0.004343005854453282,0.006554315475679518
2008-01-11,-0.008068794560771269,0.0013319947433974928,-0.008068794560771269
2008-01-14,0.0037163606454623695,0.007596676924254869,0.00806319898387838
2008-01-15,-0.022013361575440076,-0.009345595774093506,-0.022013361575440076
2008-01-16,-0.007216715221747141,-0.010263825084996759,-0.008612486260031443
2008-01-17,0.012958281910175177,-0.004482325714821508,-0.025915845832699548
2008-01-18,-0.00686474391041435,-0.0017721313094520145,-0.010267727230581843
2008-01-22,-0.010146977964376724,0.0036434727317048885,-0.010146977964376724
2008-01-23,-0.0022782525664974697,0.005238005132517471,0.024020785505341723
2008-01-24,0.008441601672588549,0.0044896219391885785,0.008441601672588549
2008-01-25,-0.014445510985055235,0.0021191675993317153,-0.014445510985055235
2008-01-28,-0.0037526318734093186,0.009472535985488615,0.016536557642171806
2008-01-29,0.004953954471108487,-0.003157919095880749,0.004953954471108487
2008-01-30,-0.007357495467718079,-0.000807614299620796,-0.007357495467718079
2008-01-31,0.007103429544217807,0.005248279390603527,0.018234362567055986
2008-02-01,0.016087903299944962,-0.00011029408302659291,0.016087903299944962
2008-02-04,-0.012609419408348553,-0.008634154502074061,-0.012609419408348553
2008-02-05,0.007638326748670979,-0.011699759348540902,-0.026773763482243872
2008-02-06,-0.0030522906491335555,0.0010107077444945442,-0.008052149107105139
2008-02-07,-0.021546008969294792,-0.0018006553218119104,0.006614060747985624
2008-02-08,-0.006421205076437316,0.005965709293937889,-0.006421205076437316
2008-02-11,0.004161699630068818,0.004292271879818175,0.005110082004081895
2008-02-12,0.00927085375495075,-0.00632681798084618,0.00927085375495075
2008-02-13,0.010222867136767814,0.000268163720341795,0.010222867136767814
2008-02-14,-0.008799763418926396,-0.006832854617036432,-0.008799763418926396
2008-02-15,0.007677203095729911,0.0003585106195295979,-0.00022156481816946165
2008-02-19,0.0028120238391899388,0.006665370639980083,0.0028120238391899388
2008-02-20,0.006928068989318005,0.009402258076446124,0.0029514668573715516
2008-02-21,-0.008313975902323162,0.000715335205192443,-0.008313975902323162
2008-02-22,-0.005726328588895233,0.0006631021548659326,0.006158048363073419
2008-02-25,0.012608846024226794,-0.0015407930545324675,0.012608846024226794
2008-02-26,0.007500042508404632,0.0061907005108918205,0.007500042508404632
2008-02-27,-0.0010114458667048994,0.0038507414942253373,-0.0010114458667048994
2008-02-28,0.01776530481733229,0.006826732426730972,-0.009767370601267577
2008-02-29,0.015300657063648904,-0.001692246711086044,-0.022283841788667554
2008-03-03,-0.0025776759534905844,0.0020172332607675345,-0.00239160113289476
2008-03-04,-0.0038198970186766467,-0.011617237869711715,-0.0038198970186766467
2008-03-05,0.006316217959415587,0.0070214080652181345,0.006316217959415587
2008-03-06,-0.020698262727047598,-0.00941320226445247,-0.020698262727047598
2008-03-07,0.001302986984686546,-0.004410719502108255,-0.010300574682394667
2008-03-10,0.014744907608815503,-0.00019661032907096823,-0.013183183515483563
2008-03-11,-0.008547531840755296,0.009186319990118572,0.035937553216745396
2008-03-12,-0.009351581816990622,0.006853781273582344,-0.009351581816990622
2008-03-13,-0.007824141151780359,0.002706381350783097,0.002207583460565835
2008-03-14,0.012361367788064714,0.0003189075987323131,-0.015495525929382942
2008-03-17,0.007685138510212951,0.0009213463422191371,-0.01010705722142449
2008-03-18,-0.0038658038301406347,0.002700535920108214,0.041543301196530935
2008-03-19,-0.02476994226473441,-0.014540871592063168,-0.02476994226473441
2008-03-20,0.0024758567837270345,-0.004017900347901574,0.018522760570071507
2008-03-24,0.01998780978191965,0.0005994641113456897,0.01998780978191965
2008-03-25,0.0009651420655258229,0.01099416033246881,0.0009651420655258229
2008-03-26,-0.004180265261293077,-0.0018448030588476046,-0.012235898022010944
2008-03-27,-0.007030420216699776,-0.00462299541761079,-0.003153161046950268
2008-03-28,-0.009564379207579377,-0.005430194288833805,-0.009564379207579377
2008-03-31,0.00349744687917721,-0.0027725279875748425,0.00349744687917721
2008-04-01,-0.01627472046476459,-0.006793478511848465,0.03515988506153728
2008-04-02,0.0006585046934452092,0.009877987286543303,0.0006585046934452092
2008-04-03,0.0022307379916654177,0.0021384271078950245,0.0024872601986829167
2008-04-04,-0.0010946347265205982,0.005654364404826275,-0.0010946347265205982
2008-04-07,0.0005114775675156089,0.0018040627329535667,0.0005114775675156089
2008-04-08,-0.0034860261903673717,-0.004472522986510417,-0.0010217317812825791
2008-04-09,0.010385071084626675,0.008008075250297144,-0.007236015266632029
2008-04-10,-0.0033558893758196913,-0.0025137132117301567,0.00139849088222705
2008-04-11,-0.019408757190246127,-0.006083619836770372,-0.019408757190246127
2008-04-14,-0.0058542206168711655,-0.003764216204839346,-0.003374015382767586
2008-04-15,-0.012406220039020414,-0.001303583310725122,0.002332008809418921
2008-04-16,0.02709392687709951,0.011814322206907058,0.02709392687709951
2008-04-17,0.0014618251325662032,-0.002633670044390769,0.0014618251325662032
2008-04-18,0.010433810398626512,-0.003776473437532091,0.010433810398626512
2008-04-21,0.0005055279418870477,0.0001038462792641381,0.0005055279418870477
2008-04-22,0.0034352299162888856,-0.0003472837451951752,-0.004402594491267958
2008-04-23,-0.00331735894277191,-0.005468383029341904,-0.0015952312899923068
2008-04-24,0.004357230355546725,-0.00859856049852565,0.004357230355546725
2008-04-25,0.009253659760481042,0.0015421579036113415,0.009253659760481042
2008-04-28,0.0002146984448868777,0.0026149938295532836,0.0002146984448868777
2008-04-29,0.003800373027087826,-0.00711652502916389,-0.003939160864997078
2008-04-30,0.007138795136575035,0.0033621158932755097,-0.005895783225970935
2008-05-01,6.449065862801362e-05,-0.0033160728061099546,0.020685543840151803
2008-05-02,0.0027637372476811022,-0.000997223762801014,0.0027637372476811022
2008-05-05,-0.0048049825878318745,0.004882965474831672,-0.0048049825878318745
2008-05-06,-0.00720383613142152,0.0019539273433470134,0.008662784937773817
2008-05-07,-0.01781043288509804,-0.007794717519233015,-0.01781043288509804
2008-05-08,0.008977334539924126,0.007580939229814441,-0.002580684886465372
2008-05-09,-0.0018683142165514574,0.0012843848298805067,-0.0018683142165514574
2008-05-12,-0.0015134370124500784,0.001598426898465958,0.011231635445767068
2008-05-13,0.0001421294220044603,-0.009686091355068281,0.0001421294220044603
2008-05-14,0.000438112815462671,0.00011255812422017496,0.0020643394390728316
2008-05-15,0.012502109642982222,0.014213276536035341,0.012502109642982222
2008-05-16,0.000912705632653862,0.006959766479853599,0.000912705632653862
2008-05-19,0.0013069658121350875,0.0024461732190962397,0.002733303976066607
2008-05-20,0.005219672085841474,0.004647825291432643,-0.008108713446972133
2008-05-21,0.00021543521349769566,-0.00159871653137822,-0.016914445223173424
2008-05-22,-0.011788045670445044,-0.007471459258235045,0.00014327063555613127
2008-05-23,-0.013404008481934659,-0.002079276924527143,-0.013404008481934659
2008-05-27,-0.0067552373697823825,-0.006875717841476595,0.007411130169473163
2008-05-28,-0.008887345034372548,-0.0022018646352281353,0.004615099374645155
2008-05-29,0.005024755355932347,-0.010729317854251592,0.005024755355932347
2008-05-30,0.0025001212413006974,0.00662907826570525,0.0025001212413006974
2008-06-02,-0.01033126105632504,-0.000213945108644655,-0.01033126105632504
2008-06-03,0.0071978114306606965,-0.003632806822066977,-0.005831981891627562
2008-06-04,-0.008905885349586836,-0.004059880996853763,-0.0005063384543756179
2008-06-05,-0.0059901696253919084,0.003821980145007128,0.01999714113635261
2008-06-06,-0.03189394909869267,0.0035980525160812255,-0.03189394909869267
2008-06-09,0.0,-0.0032963109175276977,0.002421777683514392
2008-06-10,-0.004977353855227586,-0.013152183377029432,-0.004977353855227586
2008-06-11,-0.0023291572857652523,7.613514568596998e-05,-0.014712496165925498
2008-06-12,-0.010003762709039106,-0.007665252770027912,0.0038076898958906767
2008-06-13,0.012644181058248237,0.0043151645796013355,0.012644181058248237
2008-06-16,0.0005873760877574398,0.0048597241551947366,0.0005873760877574398
2008-06-17,-0.00484467064712942,1.4537676240463813e-05,-0.00484467064712942
2008-06-18,0.008421239048387472,0.0036264010632341068,-0.009736511485658779
2008-06-19,-0.005900938618829117,-0.0010390523730059763,0.0012660079021883774
2008-06-20,-0.016231606785075462,-0.0012510707811267128,-0.016231606785075462
2008-06-23,0.002115571189902979,-0.006791615874902278,-0.0009880113551182232
2008-06-24,-0.00197789629288257,0.003116386800652288,-0.00197789629288257
2008-06-25,0.00472596248639956,0.001463096223235983,0.00472596248639956
2008-06-26,-0.027160476543008967,0.0059719714865452255,-0.027160476543008967
2008-06-27,0.011725913281170869,0.005630889275587085,-0.005458831936341988
2008-06-30,0.003528855172819802,0.0008858682626294883,0.003528855172819802
2008-07-01,-0.002369974890520846,0.004846943241594923,0.003125223486253743
2008-07-02,-0.017136375765075693,-0.0021205478922365476,-0.017136375765075693
2008-07-03,-0.0021686936600925156,-0.0044224855769732065,0.0010302940750779304
2008-07-07,-0.010213242302662169,-0.004873503437940121,-0.010213242302662169
2008-07-08,0.006487837834957754,0.006650518873101928,0.017757257812350085
2008-07-09,-0.0192550627129606,-0.0025616199394542724,-0.0192550627129606
2008-07-10,-0.00010773199484232423,0.008717369911791718,0.0040870242970151805
2008-07-11,-0.0142256696426531,-0.002660036654152105,-0.011652196008039881
2008-07-14,0.008788864135329894,0.0027429771414840087,-0.009044071597237286
2008-07-15,-0.0003232717189969897,-0.0036438488449563565,-0.014097003938356547
2008-07-16,-0.01807647827277762,-0.00464825359462206,0.02454751199641179
2008-07-17,0.010003297329641921,0.0007263681439798123,0.010003297329641921
2008-07-18,-0.0037447225625359907,0.0006183214439107842,0.006229983870622058
2008-07-21,0.0005556999314654511,0.004918790516046647,0.0005556999314654511
2008-07-22,0.011344672929970642,-0.00539630730351108,0.011344672929970642
2008-07-23,0.005412495302678834,-0.007945901982058527,0.005412495302678834
2008-07-24,0.009759269743181356,-0.0009773735685425673,-0.020753800844801332
2008-07-25,-0.009994530514410863,-0.002083078849893844,-0.0002386264983234
2008-07-28,-0.014663818918368396,-0.0013664533301778773,-0.014663818918368396
2008-07-29,-0.0040641186229596745,0.0013968310379559442,0.021352240515886124
2008-07-30,0.017817838246409545,0.002312328508574923,0.017817838246409545
2008-07-31,-0.013226497519588064,0.0008838927924537171,-0.013226497519588064
2008-08-01,0.002212636607140371,-0.0029105434400828085,-0.005282609224639465
2008-08-04,-0.009274368218604275,-0.009159762780255022,-0.009274368218604275
2008-08-05,-0.007445507971241811,-0.0012625587328195884,0.0269625104494015
2008-08-06,0.004440505333869399,0.0022498750364166546,0.004440505333869399
2008-08-07,-0.01489190762984974,-0.0017362187431118185,-0.01489190762984974
2008-08-08,0.002725457096509973,0.0009849916570768913,0.018581088979872065
2008-08-11,0.010358281066727277,-0.012043268011795227,0.010358281066727277
2008-08-12,-0.010404869566910604,-0.002796010137209702,-0.010404869566910604
2008-08-13,-0.00347976864375586,0.0006475831727445402,-0.006030267930736934
2008-08-14,0.0064382961791970336,-0.003567136525006884,0.007544796325969123
2008-08-15,0.004863361985330341,-0.0018436717963597484,0.004863361985330341
2008-08-18,-0.013674664384514161,0.0010340181400549679,-0.013674664384514161
2008-08-19,-0.0038546423394161013,0.0010703554884114604,-0.010904304683819557
2008-08-20,0.002793832629246447,0.0011640517637112563,0.004646170944816379
2008-08-21,0.001724083610905948,0.008483662251481984,0.001724083610905948
2008-08-22,0.014476214281132231,0.00013145270054038503,0.014476214281132231
2008-08-25,-0.020285466498243417,-0.004154667651062727,-0.020285466498243417
2008-08-26,0.0008512216036323984,0.0024320085654195504,0.002912887164885703
2008-08-27,0.009733872009739918,0.004417638494653847,0.009733872009739918
2008-08-28,0.012127466817230993,0.007294070696004256,0.012127466817230993
2008-08-29,-0.010753381912339982,-0.007019750783533247,-0.010753381912339982
2008-09-02,0.009304910858896712,-0.00920838073955565,-0.0062116322679440766
2008-09-03,0.004237988161835685,-0.0001246128664338265,-0.000859280511252824
2008-09-04,-0.030106654029825777,-0.00938238771405793,-0.030106654029825777
2008-09-05,-0.000523264869602661,0.003299624764390015,0.003144633652231558
2008-09-08,0.020655800307203834,0.007706588118723608,0.020655800307203834
2008-09-09,-0.029687205871815375,-0.016164797668695677,-0.029687205871815375
2008-09-10,-0.0061961533390815955,-0.010352072764979521,0.00405759001204358
2008-09-11,0.014467988660007354,-0.0002031627330530512,0.014467988660007354
2008-09-12,0.00462144491724694,0.007409864279514898,0.00462144491724694
2008-09-15,0.03244209142300876,0.0037523203289569484,-0.04758523910080209
2008-09-16,-0.00020457444157122865,0.0020371396652498924,0.01673746290957752
2008-09-17,-0.044963178148966436,0.023406351208956445,-0.044963178148966436
2008-09-18,-0.014621519870830973,-0.007019035600445726,0.029672102670162695
2008-09-19,0.03971307236760332,0.014413005605595037,0.03971307236760332
2008-09-22,-0.022639146429411523,0.005653427580915719,-0.022639146429411523
2008-09-23,-0.003831665268898916,-0.011804574359064748,-0.022751539734074677
2008-09-24,0.0043805273623886655,-0.004106286539157076,0.0032055965945249855
2008-09-25,0.015639145634800344,0.003108642079506032,0.015639145634800344
2008-09-26,0.0004970638402292581,0.0033502336303917832,0.0004970638402292581
2008-09-29,0.029100552292754534,-0.0028811620696483665,-0.07836191426497059
2008-09-30,-0.024370161746445226,-0.01477597217540993,0.041389926591851076
2008-10-01,0.0006035423819660692,0.00792117588742679,0.0006035423819660692
2008-10-02,0.008039618854969389,-0.023462144136621715,-0.036274558348350604
2008-10-03,0.008803177401789975,-0.00033065840191053714,-0.013500062974714202
2008-10-06,-0.05093350863527373,-0.003345165507857805,-0.05093350863527373
2008-10-07,-0.0030248790018889095,-0.0028751300496385156,-0.04478630134310364
2008-10-08,-0.014361697019511307,-0.003907978558681872,-0.025192308158558833
2008-10-09,-0.008414562658961757,-0.021128550163054476,-0.06983912700118011
2008-10-10,-0.007037720664453475,-0.03659729710855222,-0.024254895429885716
2008-10-13,-0.012819238074904673,0.030237220727257548,0.14519684408924416
2008-10-14,-0.014799849183054084,-0.005956838584923,-0.014799849183054084
2008-10-15,0.009562125483418584,-0.022036211709403286,-0.09844772652462386
2008-10-16,-0.005157044750926255,-0.007284841058033908,0.0416569444639669
2008-10-17,-0.005972027682644596,-0.01319471334047731,-0.005972027682644596
2008-10-20,0.007989891257862609,0.0263993757563748,0.06007963633089153
2008-10-21,-0.02985539393832033,-0.017723786970715805,-0.02985539393832033
2008-10-22,0.020289898273954686,-0.027654994661574245,-0.05445395947046971
2008-10-23,0.007419583320210611,0.0015864505803614044,0.01158427912647325
2008-10-24,-0.05071451588159342,-0.012335767190364236,-0.05071451588159342
2008-10-27,0.0007240814636690484,-0.01001292971279215,-0.03550109588071937
2008-10-28,-0.014566886311507155,0.034132608258144286,0.11685576937267811
2008-10-29,-0.007252708941333861,-0.0031548813305846846,-0.007252708941333861
2008-10-30,-0.009061434034084104,0.001309904021602304,0.03459392162549155
2008-10-31,0.005503609927061259,-0.009119195132161934,0.005503609927061259
2008-11-03,0.002891975560046029,0.0007439500977559539,0.002891975560046029
2008-11-04,0.03398123665719721,0.03806983490466629,0.03398123665719721
2008-11-05,-0.04202749171567776,-0.022151139262669265,-0.04202749171567776
2008-11-06,-0.007219515355804766,-0.023178776905837285,-0.055410928255139255
2008-11-07,-0.006535870965548459,0.009473108131603354,0.03301785356389473
2008-11-10,-0.013104667930597344,0.002466537495471482,-0.013104667930597344
2008-11-11,0.002956392998124602,-0.015918563668350018,-0.030875445363253255
2008-11-12,0.006421114520023421,-0.021228332748184805,-0.04400171634255996
2008-11-13,-0.023951752201396198,0.0208924559468188,0.06233986134765659
2008-11-14,-0.04990666441520103,-0.003666363219568109,-0.04990666441520103
2008-11-17,0.004412870797156844,-0.005572345762011937,-0.01327672192197513
2008-11-18,0.012867049657327722,0.009529322180303357,0.018837350705245455
2008-11-19,-0.0640792783973971,-0.011579198536451705,-0.0640792783973971
2008-11-20,0.05166051034691582,0.0033062846247035524,-0.07423272307233707
2008-11-21,-0.014459175120852897,0.03450877644907635,0.05394271679722549
2008-11-24,0.0692905241781094,0.022491536523252958,0.0692905241781094
2008-11-25,0.007409482493230382,0.012283395091443699,0.007409482493230382
2008-11-26,0.03864064937128807,0.009162936615602134,0.03864064937128807
2008-11-28,0.012589040668902816,0.0077285074971056526,0.012589040668902816
2008-12-01,0.03829562650270078,-0.036102627818715406,-0.08857840506060652
2008-12-02,0.0038391439971685155,0.019106297383108824,0.03848509349297724
2008-12-03,0.024041864865401254,0.005466694265860446,0.024041864865401254
2008-12-04,-0.023133749851846443,-0.0034744292687505394,-0.023133749851846443
2008-12-05,-0.016205840246534396,-9.565046365361124e-05,0.03083213162591673
2008-12-08,0.034915071431663725,0.017855627644382744,0.034915071431663725
2008-12-09,-0.01648450586458749,0.0018827699118332776,-0.01648450586458749
2008-12-10,-0.0024017046222592057,0.015541755445801147,0.006816103176296529
2008-12-11,-0.02408130643557958,-0.0035294770906604102,-0.02408130643557958
2008-12-12,0.0,0.004479221174532995,0.011940246071192552
2008-12-15,-0.013934975171467726,0.00675436912576034,-0.013934975171467726
2008-12-16,0.024725035654991897,0.031050737672840743,0.04706568708032317
2008-12-17,-0.009686517156315605,0.010132721235755607,-0.009686517156315605
2008-12-18,-0.018683066271525342,-0.004509999990456939,-0.018683066271525342
2008-12-19,-0.004301994867223747,-0.005781608242174973,-0.004301994867223747
2008-12-22,-0.012813255240494977,-0.003536381269016566,-0.012813255240494977
2008-12-23,-0.01033769818061413,-0.006927385152926045,-0.01033769818061413
2008-12-24,-0.00214565588070084,0.00428348559951584,0.005803150196557181
2008-12-26,0.005769667946877242,0.011417409634662954,0.005769667946877242
2008-12-29,-0.0028683449240572223,0.0016163898339041712,-0.0028683449240572223
2008-12-30,0.009523798359508416,0.008881400636463754,0.02370243129647864
2008-12-31,0.014274624729884139,-0.0007288913003398352,0.014274624729884139
2009-01-02,0.030141661066353603,0.0005513644963773563,0.030141661066353603
2009-01-05,-0.0011833419390131724,-0.015518637690136063,-0.0011833419390131724
2009-01-06,0.006677688378447536,0.0016351346056644343,0.006677688378447536
2009-01-07,-0.029956127266065988,-0.018530931103280128,-0.029956127266065988
2009-01-08,-0.0007991599910077252,0.007955119330600297,0.004080702719757101
2009-01-09,-0.021419054434759055,-0.009024618496334017,-0.021419054434759055
2009-01-12,0.010378623831533021,-0.017380913463887034,-0.024020645378223873
2009-01-13,0.0010535138726592245,0.0014609445306389935,0.001840381351940912
2009-01-14,-0.03145444721279972,-0.009528938235529246,-0.03145444721279972
2009-01-15,0.001638770194012139,0.003132159787062539,0.0003554918280578726
2009-01-16,-0.015418698014546007,0.006742967574394868,0.007819590076137879
2009-01-20,-0.05278573118930303,-0.010154542131917368,-0.05278573118930303
2009-01-21,-0.03158840354767678,0.0014292205961318298,0.04319207320536337
2009-01-22,-0.015467298381328612,-0.009636225190855881,-0.015467298381328612
2009-01-23,-0.007830655814164065,0.015164692998381683,0.004350175474520455
2009-01-26,-0.008729143236240272,0.0011573718687551888,0.006858385055490172
2009-01-27,0.010158223115297847,0.0083730886222015,0.010158223115297847
2009-01-28,0.033834078721310244,-0.0007923143221603684,0.033834078721310244
2009-01-29,-0.03249795317628555,-0.009736738704047943,-0.03249795317628555
2009-01-30,-0.0031709761011824386,-0.0003185773140346841,-0.020343298182500715
2009-02-02,0.018605576196928115,-0.0038210607023630968,-0.0030180378271263903
2009-02-03,-0.023816312188476532,-0.004787267666047368,0.014046973760164942
2009-02-04,-0.004896106453421326,-0.00021988488927157288,-0.004896106453421326
2009-02-05,0.0008781542375807853,0.008788991736406994,0.014880146587292727
2009-02-06,0.028497459310943676,0.006733874199500251,0.028497459310943676
2009-02-09,0.0013795996148785934,-0.0030701117518297668,0.0013795996148785934
2009-02-10,0.02173193997680788,-0.001965695580736426,-0.045809615636105375
2009-02-11,0.012970025186974566,0.013924407152162583,0.00589580359285705
2009-02-12,0.0007180956346490036,0.00022890630769040123,0.0007180956346490036
2009-02-13,-0.010758204054994664,-0.014674824267053969,-0.010758204054994664
2009-02-17,0.03114906265105462,0.006612310948555484,-0.042773779602265166
2009-02-18,-0.008523158470241482,0.0016531379206168142,-0.0023986266024153945
2009-02-19,-0.010755516609501498,-0.013196421528731685,-0.010755516609501498
2009-02-20,-0.009721004839865576,0.007605613512964319,-0.009721004839865576
2009-02-23,0.00923769875633072,-0.008282051055417712,-0.03577887885757898
2009-02-24,-0.0010482306626249888,8.34867298341261e-05,0.03791083811732557
2009-02-25,-0.007873504459731085,-0.012180217776766311,-0.007873504459731085
2009-02-26,-0.016261472951904297,-0.00902379360409124,-0.016261472951904297
2009-02-27,-0.005757343125001535,-0.010543777594535866,-0.02234833723101088
2009-03-02,0.016555197585100736,-0.015613233464692814,-0.04504234482524445
2009-03-03,-0.006681201118148985,-0.007981100107805422,-0.007507711161830319
2009-03-04,0.023691253087346664,0.002216660779535678,0.023691253087346664
2009-03-05,-0.04084828018081816,0.007052386055734746,-0.04084828018081816
2009-03-06,-0.006668815799933564,-0.0006855186511841713,0.001744911365647965
2009-03-09,-0.011753063793793355,-0.012024324487455964,-0.011753063793793355
2009-03-10,-0.019198966046165472,0.003116100196798262,0.05960940502393171
2009-03-11,0.006512202435602977,0.009849925466954563,0.006512202435602977
2009-03-12,0.039372401887937725,0.02157578932797063,0.039372401887937725
2009-03-13,0.00781483240908025,0.0016623659794095251,0.00781483240908025
2009-03-16,-0.015769780537677625,-0.008081345989549153,-0.0030225423955627354
2009-03-17,-0.0054397507326208894,0.005917653350333502,0.030582063946684477
2009-03-18,0.022384219272914355,0.03116547313862634,0.022384219272914355
2009-03-19,-0.012385637144152624,0.0004790419545663612,-0.012385637144152624
2009-03-20,-0.005550641436437379,-0.011766376888843851,-0.021294140772277294
2009-03-23,-0.00866056379004342,0.016211693200193965,0.07182902066510685
2009-03-24,-0.01970343048001645,-0.007871220107379645,-0.01970343048001645
2009-03-25,0.010546121281973037,0.002874140673078593,0.010546121281973037
2009-03-26,0.020380401087435718,0.010855548021149956,0.020380401087435718
2009-03-27,-0.018048109799025085,-0.00834072687398169,-0.018048109799025085
2009-03-30,0.0038245482303271502,-0.013508466456078914,-0.03455484836625098
2009-03-31,0.007146457417167792,0.006682206204962475,0.00926546710999378
2009-04-01,0.01936603485379538,0.01226644173501758,0.01936603485379538
2009-04-02,0.0292378255800545,-0.002380577547043544,0.0292378255800545
2009-04-03,0.009948142219279052,-0.007711809223076245,0.009948142219279052
2009-04-06,-0.00783275528957942,-0.012697523011800214,-0.00783275528957942
2009-04-07,0.0025375086766334137,-0.0019447834459744113,-0.023325136107652807
2009-04-08,0.010777254741997689,0.006163857127445121,0.010777254741997689
2009-04-09,0.03974337993610176,0.00858646539016851,0.03974337993610176
2009-04-13,0.00023333833574576502,0.008835210972385472,0.00023333833574576502
2009-04-14,0.00522800423849147,-0.006310527151192909,-0.017243407067824644
2009-04-15,0.010669718587488188,0.003666726883784571,0.010669718587488188
2009-04-16,0.014662387741093791,-0.0035640105637014634,0.014662387741093791
2009-04-17,0.006705391452888942,-0.0033052488974018046,0.006705391452888942
2009-04-20,-0.041915303557789114,-0.00403725322911032,-0.041915303557789114
2009-04-21,-0.00988087782973937,0.0033945220252849725,0.01953703922693799
2009-04-22,-0.006113575292037867,-0.0023298856452691735,-0.006113575292037867
2009-04-23,-9.853118204194988e-05,0.008705531770736014,0.009818266647732141
2009-04-24,0.015110739403155311,0.005539981501636808,0.015110739403155311
2009-04-27,-0.009462249360434159,-0.00464039248765968,-0.009462249360434159
2009-04-28,-0.016336717506651773,-0.010916153275495888,-0.0031458207447170065
2009-04-29,0.02126998777545048,0.007009955996536706,0.02126998777545048
2009-04-30,0.00034284737777592265,-0.005002057227315023,0.00034284737777592265
2009-05-01,-0.0068823550343349695,-0.001724163738124382,0.005376641717674063
2009-05-04,0.034019747447910406,0.018979221598664543,0.034019747447910406
2009-05-05,-0.003411430285542895,-0.003028688836654035,-0.003411430285542895
2009-05-06,0.017334550927632114,0.00998832372220004,0.017334550927632114
2009-05-07,-0.013891373241599598,-0.013025379744351332,-0.013891373241599598
2009-05-08,0.0024296297291305675,0.010812254851273545,0.023332171289126083
2009-05-11,-0.01871355584590871,-0.003073375696426807,-0.01871355584590871
2009-05-12,0.003635146910088754,0.00394756012877962,-0.0029591813273130924
2009-05-13,-0.025173125529422698,-0.0035814451559072116,-0.025173125529422698
2009-05-14,0.003890391331811975,0.0038900437256693702,0.008570055047203779
2009-05-15,-0.008162011747268254,-0.0008796019126710757,-0.008162011747268254
2009-05-18,-0.015502965106471272,-0.00011502691760915257,0.028407658135955766
2009-05-19,-0.0012062047829729838,0.0001305011326105349,-0.0012062047829729838
2009-05-20,-0.006694337873043205,0.005913416663431799,-0.006694337873043205
2009-05-21,-0.025149720464321984,-0.006966895236031265,-0.014362876274519347
2009-05-22,-0.011101936710264573,-0.003093168527933349,-0.002130483220742016
2009-05-26,-0.015074679690600808,0.002355807007700053,0.025612916073683285
2009-05-27,-0.017853183999621405,-0.01269822565853232,-0.017853183999621405
2009-05-28,0.014476757873198279,0.012160149678768644,0.013939416962268338
2009-05-29,0.017708500624006078,0.02128778046876908,0.017708500624006078
2009-06-01,0.024208409771087902,-0.003413686077664367,0.024208409771087902
2009-06-02,0.005379512289107129,0.004225486426307833,0.000843465623488306
2009-06-03,-0.012650957069214767,-0.00801916206954702,-0.012650957069214767
2009-06-04,-0.02066201212788321,0.0027132246041189426,0.009396513484740857
2009-06-05,0.00021126449545791776,-0.011160534034086988,0.00021126449545791776
2009-06-08,-0.00412466387976526,-0.002785114129012032,-0.00412466387976526
2009-06-09,-0.00011193559641828606,0.002678304695240088,0.005097551977261798
2009-06-10,-0.0025357396304126756,-0.005860250049249035,-0.0025357396304126756
2009-06-11,0.011113542762767045,0.004536766493263319,0.0044490454426188986
2009-06-12,0.0027419822620526795,-0.0015505393011802332,0.0027419822620526795
2009-06-15,0.009002528065202355,-0.00884917866498398,-0.022927944070811026
2009-06-16,0.01740537272602305,0.00405881452665812,-0.013562868605119925
2009-06-17,-0.005630180082834604,-0.0007325834171794067,-0.0009818616250535219
2009-06-18,0.007318224151171966,-0.005212213172751856,0.007318224151171966
2009-06-19,0.0036854006175516805,0.006831934706270266,0.0036854006175516805
2009-06-22,-0.02998655054529926,-0.011816575737516445,-0.02998655054529926
2009-06-23,0.011773063575707563,0.005632714565427163,0.0007837721231131902
2009-06-24,0.008618208707989738,0.001326046717887313,0.008618208707989738
2009-06-25,0.021748855697311692,0.01657062643558835,0.021748855697311692
2009-06-26,-0.002606850125632016,-0.0003750688005220059,-0.002606850125632016
2009-06-29,0.009364165957515632,0.0027789510157864373,0.009364165957515632
2009-06-30,-0.00809008636064972,-0.006320910222820773,-0.00809008636064972
2009-07-01,-0.001984122461266534,0.005139477877966196,0.004132112133519605
2009-07-02,-0.027293125279829515,-0.012460961119875552,-0.027293125279829515
2009-07-06,-0.0019091025890809327,-0.002482521515360269,-0.00011142166338393377
2009-07-07,0.006694337643124095,-0.004304945984260449,-0.019376189952670906
2009-07-08,0.018469858685039798,0.0007162941369948753,-0.0006818154632556965
2009-07-09,-0.011917430188028627,-0.0026078120381615223,0.0019319550028046506
2009-07-10,-0.0023816208303626876,0.0026485557604539445,-0.0023816208303626876
2009-07-13,0.02432859499839683,0.008187756806044225,0.02432859499839683
2009-07-14,0.00566089486151444,-0.001514811601765668,0.00566089486151444
2009-07-15,0.029246563687756317,0.0063203978247308315,0.029246563687756317
2009-07-16,0.010798093681966013,0.0020070885551845613,-0.001609275307883296
2009-07-17,0.010955564625608963,-0.0015391793766634894,0.010955564625608963
2009-07-20,0.010623017968807139,0.010258313528508515,0.010623017968807139
2009-07-21,0.019951201761196233,0.00744158833713164,0.004625456762362683
2009-07-22,-0.00020898040900499515,-0.0018760524227979063,-0.00020898040900499515
2009-07-23,0.0220824116927254,0.0009645597757392136,0.0220824116927254
2009-07-24,0.004834560503464304,0.00349567950585223,0.004096082835281138
2009-07-27,0.0029573772038683937,-0.0015336852197746296,0.0029573772038683937
2009-07-28,0.008849902136169166,-0.004601423310085324,-0.004677089412492503
2009-07-29,0.005482347252100769,-0.0023950974580376544,-0.0024518111659156943
2009-07-30,0.014176686256016995,0.009716472006116741,0.010444830377392914
2009-07-31,0.0014192058956909305,0.012953904365993002,0.0014192058956909305
2009-08-03,-0.015154466406956163,0.002304073736812295,0.01649620790704694
2009-08-04,0.00258892675516994,0.0011562867327311532,0.00258892675516994
2009-08-05,-0.0028798453690605658,-0.005469954496189294,-0.0028798453690605658
2009-08-06,0.00340766972963049,-0.001306411195869292,-0.005178781825123074
2009-08-07,-0.008328852189915852,-0.0013012730889685907,0.013114427679647968
2009-08-10,-0.0020751793306587004,0.0003514363455290689,-0.0020751793306587004
2009-08-11,0.011568902358158854,-0.001015697965914393,-0.012476354389000539
2009-08-12,-0.010681104419590855,0.0006924426305837195,0.01072878734394293
2009-08-13,0.007638947228226999,0.009978814598314695,0.007638947228226999
2009-08-14,-0.007679862147821532,-0.00391161608941309,-0.007679862147821532
2009-08-17,-0.0246053044653608,-0.008449392562234096,-0.0246053044653608
2009-08-18,-0.005806525956683682,0.0023141540056442625,0.00793421530030829
2009-08-19,0.008780119128983035,0.007400187388128881,0.008780119128983035
2009-08-20,0.008214320017532795,0.005284103368015976,0.010303875319978154
2009-08-21,0.019605597497325673,0.004621039643564634,0.019605597497325673
2009-08-24,0.01812866153103201,0.001269264882861951,-9.718155439941702e-05
2009-08-25,0.005657279258069958,0.004024127549938573,0.0019428169883447712
2009-08-26,9.710264720830253e-05,0.0016632098948177524,9.710264720830253e-05
2009-08-27,-0.003939675454336087,0.0008471696830946545,0.002229340389708194
2009-08-28,-0.0001936546202306609,0.003834020836053095,-0.0001936546202306609
2009-08-31,0.0009327950290613579,-0.004357879857326104,-0.008898849754443529
2009-09-01,-0.0024192771172326533,-0.006374628808843662,-0.0220579282796568
2009-09-02,0.014573938857239375,0.011858472100539254,-0.003791896295470219
2009-09-03,0.008314500147682449,0.005127746237166251,0.008314500147682449
2009-09-04,0.014008801017568233,-0.0008655706329380132,0.014008801017568233
2009-09-08,0.008622765687993784,0.00018499787863896595,0.008622765687993784
2009-09-09,-0.0011639261657044307,0.0009309957260656752,0.00767466221835474
2009-09-10,0.010218795559178581,0.011559452811635926,0.010218795559178581
2009-09-11,-0.0001906916459911512,0.005500607451229608,-0.0001906916459911512
2009-09-14,-0.009929279071966012,-0.00446563707665955,0.004867260693262171
2009-09-15,0.004179615775504012,0.003019474089244905,0.004179615775504012
2009-09-16,0.015134126320278635,0.0091544402747217,0.015134126320278635
2009-09-17,0.012575814564871744,0.0015435977723069127,-0.0014906286024406116
2009-09-18,-0.008901185867330099,-0.0049594561510909125,0.0006374816669813566
2009-09-21,0.002297671838537407,-0.001188574581658337,-0.002529714782772194
2009-09-22,0.002083653340164623,0.0071699456580680675,0.005823821436023059
2009-09-23,-0.008312314883654045,-0.004720530472243144,-0.008312314883654045
2009-09-24,0.002901684118405065,-0.0071810994721253915,-0.011018269372428656
2009-09-25,0.012713544883518415,0.00045228359457548297,-0.0053338480303540305
2009-09-28,0.00877750451900172,0.009026642163935655,0.017903830527040684
2009-09-29,-0.0030094351897913185,-1.366409779641033e-06,-0.0030094351897913185
2009-09-30,-0.0009110277274035562,0.0032972208557147872,-0.003868195884260503
2009-10-01,0.01369607836585904,-0.0069429340424226925,-0.024813205234740718
2009-10-02,-0.006921949795742249,-0.0022511559660691504,-0.004661365286942495
2009-10-05,0.00010216262988356889,0.009844282263927242,0.014928562718315086
2009-10-06,0.014323827162360216,0.009671772370336559,0.014323827162360216
2009-10-07,0.0027487770874067463,0.0050312797068597865,0.0027487770874067463
2009-10-08,0.007655815487929954,0.0032979418118551044,0.007655815487929954
2009-10-09,0.006096880247558009,-0.008119366800835654,0.006096880247558009
2009-10-12,0.003916088687124303,0.004218167008534366,0.003916088687124303
2009-10-13,-0.0020431828791850084,0.0033120207376101385,-0.0020431828791850084
2009-10-14,-0.014812400250659365,0.000710595767652469,0.01721553056152396
2009-10-15,0.0036592956716168194,-0.00459315609761725,0.0036592956716168194
2009-10-16,-0.007474589898089755,0.0010847684513131876,-0.007474589898089755
2009-10-19,0.008265788929211605,0.008790594433711933,0.008265788929211605
2009-10-20,0.00540536179356898,-0.0027343370727661524,-0.005283332353499465
2009-10-21,-0.008973759433190173,-0.0038643129372798895,-0.008973759433190173
2009-10-22,-0.0048893786065823544,0.0024109600172246707,0.010163912786868652
2009-10-23,-0.011433326652455068,-0.0076837876978436475,-0.011433326652455068
2009-10-26,-0.012954384723254244,-0.013200729857482777,-0.01082533323494074
2009-10-27,0.013657570279964374,0.002761397945557977,-0.004583022972412282
2009-10-28,0.004736551400787308,-0.008585265677821705,-0.018887511884070958
2009-10-29,-0.010895540250538086,0.010230065915452159,0.021454170350315865
2009-10-30,-0.028973912011052587,-0.005634912067364313,-0.028973912011052587
2009-11-02,-0.004420236839946887,0.005589442844983363,0.007338978075067138
2009-11-03,0.0031632908116190155,0.0058728496792230245,0.0031632908116190155
2009-11-04,0.0025803429195501,-5.237138332516019e-05,0.0025803429195501
2009-11-05,0.018395312106782528,0.005756320659544602,0.018395312106782528
2009-11-06,0.0026201330372332466,0.0026330061727829024,0.0026201330372332466
2009-11-09,0.022776332508128914,0.010499433337052643,0.022776332508128914
2009-11-10,0.0001819771346666795,0.00011710080241534092,0.0001819771346666795
2009-11-11,0.005110188677829723,0.006886250003875988,0.005110188677829723
2009-11-12,-0.0018148111854934177,-0.008399396008762085,-0.010168041602267983
2009-11-13,0.004598833066964334,0.008137162869233343,0.005411506790636752
2009-11-16,0.01450474809437716,0.01455672170578341,0.01450474809437716
2009-11-17,0.0011687353047430608,0.0031392966713306913,0.0011687353047430608
2009-11-18,-0.0006288257915316183,-0.0012031588821302334,-0.0006288257915316183
2009-11-19,-0.013031313189440587,-0.003708198089376268,-0.013031313189440587
2009-11-20,-0.0002116247362886872,0.0007186188105096124,-0.003551240388511041
2009-11-23,0.012702105202058524,0.008030818375906626,0.012702105202058524
2009-11-24,0.0015341818726143973,0.003842173450930539,0.0015341818726143973
2009-11-25,0.0035138046359809894,0.008398328582519737,0.0035138046359809894
2009-11-27,0.00374853812794867,-0.008984996793614154,-0.016250305325908036
2009-11-30,0.0023857271885589855,0.003648316022014226,0.003376238663950151
2009-12-01,0.012370294950588757,0.005425952712492212,0.012370294950588757
2009-12-02,-0.0004490721852833269,0.00528521668508353,-0.0004490721852833269
2009-12-03,-0.007819934921334593,-0.007368217961013225,-0.007819934921334593
2009-12-04,-0.010600538755459141,-0.01576714097092141,0.005707535192323457
2009-12-07,-0.0015314630430033564,-0.0019697390884461682,-0.0015314630430033564
2009-12-08,0.0014983538470813825,-0.009610081276442344,-0.011097302898061687
2009-12-09,-0.004593986554127324,-0.000575870240851592,0.003740330361310599
2009-12-10,0.005635877772385463,-0.001927788909129757,0.005635877772385463
2009-12-11,0.004248018353178279,-0.00301284414845874,0.004248018353178279
2009-12-14,0.006840008425132098,0.005498060549322955,0.006840008425132098
2009-12-15,-0.004648371526480331,-0.0031576568145670154,-0.004648371526480331
2009-12-16,-0.0011988902236240691,0.004226914327579492,0.001526879334442202
2009-12-17,-0.012015958115476597,-0.011348281475952442,-0.012015958115476597
2009-12-18,-0.004292381983020906,0.005327873540307613,0.00565744896514241
2009-12-21,0.010162258871755108,-0.008300876884676874,0.010162258871755108
2009-12-22,0.0035933125379354527,-0.002900952319314055,0.0035933125379354527
2009-12-23,0.0019690078890239548,0.0019111391328373252,0.0019690078890239548
2009-12-24,-0.010369080623232841,0.0037211318267129363,0.004734047905912953
2009-12-28,0.002133653448000741,0.00042877904369742676,0.002133653448000741
2009-12-29,0.006595930762053931,-0.001613477713131172,-0.0014191652609239068
2009-12-30,0.006575156006369537,0.00038408550461701586,-0.00035547718225197993
2009-12-31,-0.004761049689733712,-0.003824515062977073,-0.009598389626332703
2010-01-04,-0.00088957317240896,0.013091401665047697,0.016959924381193967
2010-01-05,0.0026469726513169596,0.0027020648167494815,0.0026469726513169596
2010-01-06,0.0007037200176766699,0.0013530282588506465,0.0007037200176766699
2010-01-07,0.0042217782587814145,-0.00014830021439181363,0.0042217782587814145
2010-01-08,0.0033279328544135378,0.002651446858153034,0.0033279328544135378
2010-01-11,0.0013959813226711371,0.003195596072417281,0.0013959813226711371
2010-01-12,-0.009325646016618734,-0.004784715352199377,-0.009325646016618734
2010-01-13,-0.011625900390260872,0.002199273306023063,0.008445825768753794
2010-01-14,0.0027048560313239923,0.006943531828863669,0.0027048560313239923
2010-01-15,-0.011224309719362025,-0.00527134654032262,-0.011224309719362025
2010-01-19,-0.0028557345763115674,0.005217992487736069,0.012495191700469994
2010-01-20,-0.010168372634793348,-0.007886176886213264,-0.010168372634793348
2010-01-21,0.004577242435370213,-0.009683969463847433,-0.019229400369763044
2010-01-22,-0.0017356607097009282,-0.008581683806830885,-0.02229128824525427
2010-01-25,-0.004565588716555408,0.0010795808195524091,0.0051275609137143695
2010-01-26,-0.004190587982417719,-0.0010144385914734114,-0.004190587982417719
2010-01-27,0.004757292331162009,-0.0018279966464061137,0.004757292331162009
2010-01-28,-0.011472233689098629,-0.0041137982869906605,-0.011472233689098629
2010-01-29,0.008742655224880087,-0.002189469490267201,-0.010868855949100191
2010-02-01,-0.009077552747850914,0.009676453608846964,0.015551237750507535
2010-02-02,0.012102807356377063,0.00742099855635595,0.012102807356377063
2010-02-03,-0.004982356238841534,-0.006784467852405263,-0.004982356238841534
2010-02-04,0.015827342456731175,-0.018769116697832995,-0.03086581148331006
2010-02-05,0.002180190797982579,0.0024039782717806776,0.0020665780629044615
2010-02-08,0.0013038453905237677,-0.003994025558679825,-0.007219304513431083
2010-02-09,-0.009988652139115985,0.005157438933099741,0.012560420146835843
2010-02-10,-0.0019583922686409734,-0.004741401537182041,-0.0019583922686409734
2010-02-11,0.010465858876701655,0.008103798584007378,0.010465858876701655
2010-02-12,-0.0008324503025751699,0.0007799158242683877,-0.0008324503025751699
2010-02-16,0.015735300782909252,0.014024485483159566,0.015735300782909252
2010-02-17,0.004738371822221307,-0.0032403604249473263,0.004738371822221307
2010-02-18,0.005895472328060638,0.002980443634894709,0.005895472328060638
2010-02-19,0.0020737106525663264,0.0008382372025218075,0.0020737106525663264
2010-02-22,0.00017973354364173626,-0.002503056953805156,0.00017973354364173626
2010-02-23,0.01560361322167363,-0.0028343533432469816,-0.012144456625830377
2010-02-24,0.002431624179284935,0.002246658223643348,0.00919755614390434
2010-02-25,-0.0013536469549630167,0.004326146656148072,-0.0013536469549630167
2010-02-26,0.0006324781161370434,0.005364610243817702,0.0006324781161370434
2010-03-01,0.010384566173811104,0.0033159431466557726,0.010384566173811104
2010-03-02,0.0027705778953677185,0.005320836012589117,0.0027705778953677185
2010-03-03,0.0008913624762000576,0.001308844017046078,0.0008913624762000576
2010-03-04,0.00302764212958692,0.0003342967954815055,0.00302764212958692
2010-03-05,0.01429330550103805,0.0004037665058314599,0.01429330550103805
2010-03-08,0.00017475158967571866,-0.004439514564765288,0.00017475158967571866
2010-03-09,0.0002223130303197704,0.00015634517326608687,0.0016625786591424063
2010-03-10,-0.0025605207452211454,-0.003091444257312629,0.004456342712269675
2010-03-11,0.003683669723862911,0.00303456404717304,0.004174618914529677
2010-03-12,8.677753825403478e-05,9.236369238485427e-05,8.677753825403478e-05
2010-03-15,0.0002599558623987557,0.0008957795437524413,0.0002599558623987557
2010-03-16,0.007967158515020683,0.0115250432977148,0.007966160701790367
2010-03-17,0.005927028662819599,0.0010131350213775237,0.005927028662819599
2010-03-18,-0.0005124557297613533,0.000989899975176868,-0.0005124557297613533
2010-03-19,-0.005061588232385977,-0.007571206225703413,-0.005061588232385977
2010-03-22,0.0010953342860676922,0.0006159496110249183,0.0053461429365675136
2010-03-23,-0.004706441696130154,0.0026099853144019797,0.007033088287302623
2010-03-24,-0.004854726308365893,-0.013704654828410648,-0.004854726308365893
2010-03-25,-0.006385503344115856,-0.001188348256175929,-0.0016258751419557184
2010-03-26,0.0028181307005793604,0.0062050126948730916,-0.0006002118066034683
2010-03-29,0.00634788391497659,0.0014727635824491104,0.00634788391497659
2010-03-30,0.0006816545034799314,-0.0011026710910136564,0.0006816545034799314
2010-03-31,-0.0034071649238141518,0.003969524443975437,-0.0034071649238141518
2010-04-01,-0.002444975162320878,0.005472158901023457,0.006837539752657349
2010-04-05,0.00814937821591587,-0.0008652118222860512,0.00814937821591587
2010-04-06,0.0023577632976418306,0.0017413023893843482,0.0023577632976418306
2010-04-07,-0.005712442265778006,0.0066741201045962505,-0.005712442265778006
2010-04-08,0.00045080701506032154,0.0017836969321244436,0.003463569129454207
2010-04-09,0.006567804855301473,0.005948024872592628,0.006567804855301473
2010-04-12,0.0015891893226846377,0.0003628842625021765,0.0015891893226846377
2010-04-13,0.0007517137389735774,0.00035415481663997133,0.0007517137389735774
2010-04-14,-0.007020947342313985,0.002505361822626166,0.011349564531489359
2010-04-15,0.0008251319291192527,0.002495388110945207,0.0008251319291192527
2010-04-16,0.0072864385865961815,-0.010169908184056761,-0.015912286134245855
2010-04-19,-0.002448804700197981,0.0001810334325176269,0.0037697661953405514
2010-04-20,0.00893099932019023,0.005108860703063038,0.00893099932019023
2010-04-21,-0.0018199964625918502,0.00463982463356834,-0.0018199964625918502
2010-04-22,-0.0029783062055810145,-0.001385475271585818,0.0029837595961554105
2010-04-23,-0.0035387283799952355,0.005058203089919999,0.006527631829888041
2010-04-26,0.0011105753082293873,-0.002215686556961893,-0.003776271797290025
2010-04-27,0.014077516833232509,0.002259518983668501,-0.023650535498623334
2010-04-28,-0.00852500750212992,-0.0012912437249534415,0.007596219351317174
2010-04-29,0.012397226347988545,0.005388904807512701,0.012397226347988545
2010-04-30,-0.016961562647547987,0.001343115351544623,-0.016961562647547987
2010-05-03,-0.0013076365629109674,0.004953749488472733,0.01296151033498312
2010-05-04,-0.023514513105445785,-0.004412196889741291,-0.023514513105445785
2010-05-05,0.005892514886799586,0.0006683531440300722,-0.005956298989333295
2010-05-06,0.030887488007807353,0.009456331308069516,-0.03321382007822682
2010-05-07,-0.012501567573895695,-0.009639573179914002,-0.014875039821642226
2010-05-10,-0.020716187237316417,0.004531736504024707,0.04404109660491272
2010-05-11,-0.002840792561141222,0.007093027104591915,-0.002840792561141222
2010-05-12,0.013985838193983023,0.0040543729427451195,0.013985838193983023
2010-05-13,-0.012430871938917709,-0.004237949991885323,-0.012430871938917709
2010-05-14,0.0173707331653931,-0.0005522344408467397,-0.018105042371962633
2010-05-17,-0.0036887904123528133,-0.003973826231546722,0.0005267944668434261
2010-05-18,-0.013602242732335028,0.0012817192884806835,-0.013602242732335028
2010-05-19,0.0033329620914963327,-0.008818019100196249,-0.0056941116070874185
2010-05-20,0.021080145896363416,-0.006750646091700495,-0.03775933145023742
2010-05-21,0.0010176810980388952,0.0029962613387652178,0.014599135817651543
2010-05-24,-0.012831079520669105,-0.0004832822520636909,-0.012831079520669105
2010-05-25,0.001021691544621057,0.0035689481189017536,0.001021691544621057
2010-05-26,-0.006029089008899854,0.0003668608039420413,-0.006029089008899854
2010-05-27,-0.022688227090205206,0.0026116592251358914,0.03349820970423791
2010-05-28,-0.012549577901315423,-0.0017486378617166442,-0.012549577901315423
2010-06-01,0.00702799919767574,-0.00037712877628732263,-0.016823638828089658
2010-06-02,-0.009498747083115216,0.004982444247155729,0.0260388489347589
2010-06-03,0.0034446350286964507,-0.006341884160715464,0.0034446350286964507
2010-06-04,-0.03513689904554645,0.0004666829617684075,-0.03513689904554645
2010-06-07,0.007669412015690353,0.005001470786201073,-0.012450896369991277
2010-06-08,-0.004972816346205097,0.00037034621355318265,0.010712100418280773
2010-06-09,-0.005346311890824445,-0.0033388473370746857,-0.005346311890824445
2010-06-10,-0.01786754681871542,-0.0010745898201818052,0.02923170473204709
2010-06-11,0.004855910690791913,0.008762852405435723,0.004855910690791913
2010-06-14,-0.0015502623917258585,-0.003372473160102931,-0.0015502623917258585
2010-06-15,0.022737435891142726,0.01004993791709863,0.022737435891142726
2010-06-16,-0.00035715308359282144,-6.512934888537908e-05,-0.00035715308359282144
2010-06-17,0.008139278968176143,0.007575088457260584,0.0016078994950964676
2010-06-18,0.0010843751741999737,0.002369988648173449,0.0010843751741999737
2010-06-21,-0.0028640788233380496,-0.008576828203420669,-0.0028640788233380496
2010-06-22,0.011909498640728648,0.0013364223522555185,-0.016516142199532298
2010-06-23,0.006796608826754771,-0.00011889080762207769,-0.0031025377203074784
2010-06-24,-0.016570442446499897,-0.006491780089141077,-0.016570442446499897
2010-06-25,0.00405461576762511,0.006783576634992516,0.00418904221491286
2010-06-28,-0.0031522767210122307,-0.0024566421862643345,-0.0031522767210122307
2010-06-29,0.010901081322931756,-0.005795526643892578,-0.030874905685322234
2010-06-30,0.006728601598105363,0.0004705754007713154,-0.009500085274503144
2010-07-01,0.0015763973218067646,-0.013670930132867134,-0.004456385468507946
2010-07-02,-0.005449775596605391,-0.0005045466269927195,-0.005449775596605391
2010-07-06,0.006556272132635907,-0.0005406822521875163,0.006556272132635907
2010-07-07,0.03149595053049606,0.010042648088178016,0.03149595053049606
2010-07-08,0.00989567651555148,-0.00013735919034314412,0.00989567651555148
2010-07-09,0.007464748485519473,0.0038795686532130482,0.007464748485519473
2010-07-12,0.0006485511592359854,-0.002702342860431049,0.0006485511592359854
2010-07-13,0.01508850409157198,0.005284997266781582,0.01508850409157198
2010-07-14,0.010067988644062192,0.0030520238569090126,-9.092342999772463e-05
2010-07-15,0.009967879179000676,0.0031440466902043023,0.00027362678581669927
2010-07-16,0.0048844735200561235,-0.012321372946968279,-0.027534882259958347
2010-07-19,-0.006149773470300903,-0.002589780199231215,0.005906580944260574
2010-07-20,0.011091384070434055,0.006906023061442127,0.011091384070434055
2010-07-21,-0.012997766919528623,-0.0011590502297828477,-0.012997766919528623
2010-07-22,-0.011565496348583712,0.0066179336796848825,0.022321755153720223
2010-07-23,0.008678966103756486,-0.0025446152184974047,0.008678966103756486
2010-07-26,0.010415545300706805,0.0015897087968654382,0.010415545300706805
2010-07-27,-8.928409235409163e-05,-0.008657831399671516,-8.928409235409163e-05
2010-07-28,0.0032430678224932073,-0.0005365529134668556,-0.006454099473176721
2010-07-29,-0.000302556247482731,-0.00044753801859090826,-0.004872567658932117
2010-07-30,-0.0001815430608931242,0.00833004089381587,-0.0001815430608931242
2010-08-02,0.022580945139965142,0.0029920159565318257,0.022580945139965142
2010-08-03,-0.004788991170294666,0.0015587653250874014,-0.004788991170294666
2010-08-04,-0.007652686695284172,0.0018361946001188905,0.00668337827263667
2010-08-05,-0.0010623416219419602,0.0019065678890753032,-0.0010623416219419602
2010-08-06,-0.004076370965830214,0.004647178334339474,-0.004076370965830214
2010-08-09,0.005338490096164539,-0.0006789209314287685,0.005338490096164539
2010-08-10,0.0021065088556280107,-0.0001898887173773095,-0.00539847542706308
2010-08-11,0.013407722698554041,-0.005904979272127659,-0.02740712782785766
2010-08-12,-0.0024689587204995158,0.001262089962354683,-0.006129735120721478
2010-08-13,0.012472107462031281,0.003116760571697693,-0.002945345722266698
2010-08-16,0.0250258387856239,0.011108526264677641,-0.00046206090765453083
2010-08-17,0.012285326420649428,0.002037122575936757,0.012285326420649428
2010-08-18,0.0018249001931138237,0.0028256976554617637,0.0018249001931138237
2010-08-19,0.015592841725539748,0.00013780434352757536,-0.017397033702339977
2010-08-20,-0.0011295245984342833,-0.0025994351537729637,-0.00324450267051788
2010-08-23,-0.003812447341855037,-0.0016804360513662747,-0.003812447341855037
2010-08-24,0.01602822351668282,0.0024696596601689194,-0.014843416190683276
2010-08-25,-0.003247487485877036,0.002888678392747447,0.0038852760481717726
2010-08-26,-0.006702140032565723,5.888646093099581e-05,-0.006702140032565723
2010-08-27,-0.028315302688830358,-0.005005158887111125,0.01548989051232635
2010-08-30,-0.014504985795508345,0.0017095417665484811,-0.014504985795508345
2010-08-31,0.0110823672299911,0.007160539126785746,0.0
2010-09-01,0.029911889657173694,0.002013550863621977,0.029911889657173694
2010-09-02,0.009312056906547201,0.0013833444137770748,0.009312056906547201
2010-09-03,0.012971766661668174,-0.0006807654564193293,0.012971766661668174
2010-09-07,-0.011272715277428047,0.004852491386089981,-0.011272715277428047
2010-09-08,-0.007946532394717725,-0.00012118800635855815,0.007023177511636465
2010-09-09,0.00461927061723383,-0.007841933993116947,0.00461927061723383
2010-09-10,0.005048671546945484,0.0007895822943475366,0.005048671546945484
2010-09-13,0.011123070652835711,0.005162414883288542,0.011123070652835711
2010-09-14,-0.0006211636291524658,0.00932893166091485,-0.0006211636291524658
2010-09-15,-0.01483448017579295,-0.0035470185752547413,0.0038172687018775955
2010-09-16,-0.009876447335095222,-0.0013068416004496373,-0.00026532707408753335
2010-09-17,0.00037331325598170795,0.0011392848907952299,0.00037331325598170795
2010-09-20,0.005803087278997711,0.008101296917446222,0.015290186421217105
2010-09-21,-0.0020136486514033152,0.0066260205080929,-0.0020136486514033152
2010-09-22,0.008969239457528913,0.0015600135724628261,-0.004912877532828034
2010-09-23,0.00286794032478013,-0.0016840832168413997,-0.008111581926426456
2010-09-24,-0.013439598660929777,0.004001592164767914,0.02062200266797817
2010-09-27,-0.004789946939979012,0.003761909568437939,-0.004789946939979012
2010-09-28,0.006838136665071752,0.006360186175881348,0.003500821380138977
2010-09-29,-0.004149973758121578,-0.0016515766655319439,-0.0017443481397544979
2010-09-30,-0.0006634109267653817,-0.0013543377531560806,-0.002970203751363543
2010-10-01,-0.004832284018090877,0.0023971011974171534,0.0042055908050132994
2010-10-04,-0.007503500680965121,-0.0028215738505799207,-0.007503500680965121
2010-10-05,-0.006007138808911932,0.01128835988255271,0.02013151829951959
2010-10-06,-8.607482221123508e-05,0.006194897940065902,-8.607482221123508e-05
2010-10-07,-0.0012062804762370735,-0.006835115248534271,-0.0012062804762370735
2010-10-08,-0.004394488956568947,0.0037631060873909617,0.005608451500174539
2010-10-11,0.0009437120557398381,0.0019985117187535754,0.0009437120557398381
2010-10-12,0.0030863778852871925,-0.00302611051162134,0.0030863778852871925
2010-10-13,-0.0015504347439061971,0.007551534831953796,0.007777263447240833
2010-10-14,-0.014944254862653326,-0.004365141734088307,-0.0039011016624938286
2010-10-15,-0.012215948500381938,-0.005924273058141465,0.0020432241617349156
2010-10-18,0.004928008719344544,0.005768215053491684,0.004928008719344544
2010-10-19,0.0060345290125293745,-0.013248963040668332,-0.013104692424032335
2010-10-20,0.0021629896866863538,0.007162778315658963,0.009766354700401807
2010-10-21,0.0022055933861954706,-0.00782333815302395,0.0022055933861954706
2010-10-22,0.0018623610417414214,0.0034704585514559096,0.0018623610417414214
2010-10-25,0.0029571381878747277,0.004835335821773538,0.0029571381878747277
2010-10-26,-0.015442495874182921,-0.004793691002158491,0.00016871642547376412
2010-10-27,-0.008791071496682344,-0.0072894421730598374,-0.002863705302889067
2010-10-28,0.0027212019659070166,0.005408164630775035,0.0001687467269137113
2010-10-29,0.009347484867772562,0.006785601477528569,0.000759828029958909
2010-11-01,-0.0043059071129944075,-0.0030821157115276344,0.0003377757378348013
2010-11-02,0.013143582872908273,0.008465440284876764,0.007930330301322475
2010-11-03,0.004018035095800277,-0.007779998384156064,0.004018035095800277
2010-11-04,0.01925783344395255,0.02032271744362687,0.01925783344395255
2010-11-05,0.0037628683171681515,-0.003458989488054596,0.0037628683171681515
2010-11-08,-0.0018744221736183612,0.004276042671341584,-0.0018744221736183612
2010-11-09,-0.02204899976657953,-0.014928328031369814,-0.007184447613615294
2010-11-10,0.0013510845976853322,0.005938580175682336,0.00402979243456889
2010-11-11,-0.003767714817897984,-0.0004011764029784497,-0.003767714817897984
2010-11-12,-0.005398042061037962,-0.015620696402694383,-0.01183798537409612
2010-11-15,-0.020875040270744476,-0.010401034228005986,-0.0014143899164765588
2010-11-16,-0.015579570013641585,-0.0011665116108339592,-0.015579570013641585
2010-11-17,-0.005512701431923305,-0.0031363623118518627,0.0005075240223061695
2010-11-18,0.014718318282577856,0.010720553052165462,0.014718318282577856
2010-11-19,0.002751010487833633,0.00320429324187013,0.002751010487833633
2010-11-22,-0.0008314261140526871,0.004334609454256149,-0.0008314261140526871
2010-11-23,0.0049484382692736445,-0.0009623024444732594,-0.014477158559099946
2010-11-24,-0.017850574962823138,-0.0014555854280011698,0.014774744663876568
2010-11-26,-0.011647418788712602,-0.002211589764441751,-0.011647418788712602
2010-11-29,0.008550131657801515,0.004820525079658944,0.0030307752986893028
2010-11-30,-0.005623537625201798,0.004628657357687891,-0.005623537625201798
2010-12-01,-0.02222921397749316,-0.00041891629097957125,0.021267792874998834
2010-12-02,0.01280880320683582,0.003069079506746392,0.01280880320683582
2010-12-03,0.0026926501415813256,0.005429357532497785,0.0026926501415813256
2010-12-06,-0.0010580763432303157,0.006694422797790338,-0.0010580763432303157
2010-12-07,-0.021407728893612737,-0.013035932008981647,0.0005706905454120873
2010-12-08,-0.009662713909307471,-0.006026346177790702,0.0036635143282985625
2010-12-09,0.003893773649338255,0.004360810333821282,0.003893773649338255
2010-12-10,0.005817640000501596,0.00018654864720626355,0.005817640000501596
2010-12-13,0.003756825958481005,0.002989385383564114,0.0006422338207196443
2010-12-14,-0.014544657083126886,-0.003980590518560897,0.0008830306797531014
2010-12-15,-0.013023613820281043,-0.009333499105368402,-0.004571814498046598
2010-12-16,0.006927342408920381,0.0019965117134643946,0.005802028045950963
2010-12-17,0.0010710269132656386,0.007070795157115235,0.0010710269132656386
2010-12-20,0.0024133625431935943,0.002751890475516424,0.0024133625431935943
2010-12-21,0.006978089967187087,0.004952683667679892,0.006340424025311478
2010-12-22,-0.007143008162637294,-0.0018269510528989789,0.003110338455102242
2010-12-23,-0.0014310589940180064,-0.0021053781161019538,-0.0014310589940180064
2010-12-27,0.008931615186181756,0.0038389431401164797,0.00039785102969483417
2010-12-28,-0.019583964342385296,-0.0003147034671748224,0.0014328590968956303
2010-12-29,0.0007156036739685876,0.006706145411150372,0.0007156036739685876
2010-12-30,-0.0015890312968380603,-0.0024469620265160155,-0.0015890312968380603
2010-12-31,0.011065072892732576,0.007678665951211879,0.00023892943662494733
2011-01-03,-0.007544087601904458,-0.0007987737529042949,0.010338086515966115
2011-01-04,-0.0005512184966989125,-0.0076116162651865375,-0.0005512184966989125
2011-01-05,0.0051975765224645115,-0.0065137674646135,0.0051975765224645115
2011-01-06,-0.0019585621228821386,-0.0005520390601680414,-0.0019585621228821386
2011-01-07,0.005334005861989217,0.0004793231038731419,-0.0019623269121884813
2011-01-10,-0.001258585647817833,0.0026841880537378797,-0.001258585647817833
2011-01-11,-0.005599920249329807,0.001265276191768222,0.0035438775435274713
2011-01-12,0.009024593888947687,0.0018406337774030995,0.009024593888947687
2011-01-13,-0.0016329649636146399,-0.0010507054180584141,-0.0016329649636146399
2011-01-14,-0.006382833755880244,-0.002922345737898877,0.007244144080606086
2011-01-18,0.0017019565405176284,0.0008497985140148519,0.0017019565405176284
2011-01-19,0.007220819830816569,-0.00033620080148387193,-0.009805714892606057
2011-01-20,-0.013794389340345325,-0.011144869971746739,-0.0013253218320445352
2011-01-21,0.00792921201447959,0.002980603134635699,0.0022643269404413525
2011-01-24,0.00043667778610219463,0.00047647209925022276,0.005686533214960231
2011-01-25,0.0005420773569239316,0.0026966629550733475,0.0005420773569239316
2011-01-26,-0.015146583706292602,-0.001105266613658301,0.003870726070063376
2011-01-27,0.0024681365588309955,-0.005565177464178137,0.0024681365588309955
2011-01-28,-0.017462800304816863,0.0013625840937237675,-0.017462800304816863
2011-01-31,-0.00761437032374545,-0.0009407689543691447,0.007516434890953038
2011-02-01,0.01600841232484115,0.006072589100537866,0.01600841232484115
2011-02-02,-0.0019119687618720839,-0.001463209698630401,-0.0019119687618720839
2011-02-03,0.0022222000256626423,0.002480943940898904,0.0022222000256626423
2011-02-04,0.0028291272460985025,-0.003738243126052443,0.0028291272460985025
2011-02-07,0.006252420044408495,0.003849230056619996,0.006252420044408495
2011-02-08,-0.0091850699739075,0.0022784116495914468,0.004546427685262438
2011-02-09,-0.002262887800591067,0.00184945958253078,-0.002262887800591067
2011-02-10,-0.011544486898692353,-0.004164907745530338,0.0003780159793047408
2011-02-11,0.014401087443052633,0.005305470959592195,0.00597042587674034
2011-02-14,0.002403974708100997,0.002633031996180601,0.002403974708100997
2011-02-15,0.004468155398037187,0.0029521124730314723,-0.003147668718875451
2011-02-16,-0.003225025937414577,0.00142044392665859,0.006315366401605526
2011-02-17,0.0015614785782608737,0.003885813241790448,0.002988205229692491
2011-02-18,0.00208572830252191,0.0006335156778111555,0.00208572830252191
2011-02-22,-0.020069645382406756,0.00017432084220052064,-0.020069645382406756
2011-02-23,0.0036331245563407306,0.002189833496106832,-0.006144266485741064
2011-02-24,0.006361987904707648,-0.0007307096347641958,-0.0006871804572612076
2011-02-25,0.01069277440570852,0.007717036408446221,0.01069277440570852
2011-02-28,0.006196287652247886,0.0031754490049363867,0.006196287652247886
2011-03-01,-0.016672627863915903,0.0011474987092214804,-0.016672627863915903
2011-03-02,-0.015372574813948403,-0.004698924952864838,0.0021389224462191117
2011-03-03,0.017224168027065848,-0.002001697864313582,0.017224168027065848
2011-03-04,-0.007492495260381831,0.0032802972496122317,-0.007492495260381831
2011-03-07,-0.006388116612117596,-0.0038159258285817366,-0.007850967325516881
2011-03-08,-0.006094933500523435,1.7182357617852133e-05,0.008750394106057506
2011-03-09,-0.0014334342043491569,0.002811033719292146,-0.0014334342043491569
2011-03-10,0.016786872323825072,-0.004618441866949465,-0.018505841895355202
2011-03-11,-0.005647987996989877,0.00147231553784352,0.006926142646872286
2011-03-14,-0.006037884017208917,-0.0005765302620607561,-0.006037884017208917
2011-03-15,0.014971143362488806,-0.0050789639347006655,-0.011457279551792708
2011-03-16,0.011305429614664401,-0.0022575955427796912,-0.018512262168583205
2011-03-17,-0.007665852546852568,0.0033907512381673843,0.013234879763886782
2011-03-18,0.0036369219925442217,0.005519169291290236,0.0036369219925442217
2011-03-21,0.015497932739046882,0.0048792331472740195,0.015497932739046882
2011-03-22,-0.0034685657716367795,-0.00022767100517673744,-0.0034685657716367795
2011-03-23,0.0028617074084657922,0.0036226072614491053,0.0028617074084657922
2011-03-24,0.00956367139903517,-0.0021217629458429674,0.00956367139903517
2011-03-25,0.0030558303328566865,0.0002699412240461084,0.0030558303328566865
2011-03-28,0.001411315852372301,-0.0020753755883044928,-0.0024372925760008826
2011-03-29,-0.007693806142707365,-0.001157879452401239,0.006718568558940497
2011-03-30,0.006901381835933101,0.00605827104372783,0.006901381835933101
2011-03-31,-0.0013557932454398077,0.001734684107771107,-0.0013557932454398077
2011-04-01,0.004861498348792388,0.001455216189493041,0.0042231811022056705
2011-04-04,0.0008263593487580337,0.0021620377735971866,0.0008263593487580337
2011-04-05,-0.004008748727110393,0.0038586720245788954,-0.00015027292214535553
2011-04-06,0.003152384585075368,-0.003147856114418362,0.003152384585075368
2011-04-07,-0.0025434842066472106,-0.001193886719187008,-0.0025434842066472106
2011-04-08,-0.005311208943150047,-0.00015889999459082083,-0.0034506773800100144
2011-04-11,0.0008889236510222393,-0.003136930892508346,-0.0030103745780572823
2011-04-12,-0.007474012560187616,-0.0014192255601277745,-0.007474012560187616
2011-04-13,0.006268002953122055,0.0027411442483886352,-7.623538144796438e-05
2011-04-14,0.0007605135011458608,0.004543996846508726,0.0007605135011458608
2011-04-15,0.0036489047632669797,0.008618517532211446,0.0036489047632669797
2011-04-18,-0.011208651017624227,-0.0008481660591005296,-0.011208651017624227
2011-04-19,0.004306510510019277,0.0032943290818827436,0.005744430091885983
2011-04-20,0.013631970475860232,0.003617752295464289,0.013631970475860232
2011-04-21,0.005108819290930493,0.0019507808448128825,0.005108819290930493
2011-04-25,-0.0010464036710911655,0.0012024004782994241,-0.0010464036710911655
2011-04-26,0.00968261041555222,0.004877412964602852,0.008604841297023122
2011-04-27,0.0065288092577351345,0.005293301170484808,0.0065288092577351345
2011-04-28,0.003243083035508076,0.004992679945200694,0.003243083035508076
2011-04-29,0.002350868067550047,0.007635756220980308,0.002350868067550047
2011-05-02,0.0016040279104242855,-0.004266140890780149,-0.0015390816919888198
2011-05-03,0.005659795337042222,-0.0004688868459339806,-0.003596701842218693
2011-05-04,0.00446039332468759,-0.005430660944953003,-0.006631276129009235
2011-05-05,0.009514975962782612,-0.009184266338504277,-0.009048285261502793
2011-05-06,-0.004398425749021875,0.004024774640528915,0.00441568496127528
2011-05-09,-0.0010528956418482298,0.005548748500450927,0.003874893840435559
2011-05-10,0.008536380597153224,0.0015380278792705858,0.008536380597153224
2011-05-11,-0.010524816173161495,-0.004581640203671718,-0.010524816173161495
2011-05-12,-0.00632681200648862,-0.00047211954197131354,0.004760585512217643
2011-05-13,-0.007699372191847886,-0.0016322590000201662,-0.007699372191847886
2011-05-16,0.005573952197122892,-0.0007673940528306745,-0.0063412421670074135
2011-05-17,0.0102496061216308,0.00209985955984252,-0.00015012702335134238
2011-05-18,0.008935735686391048,0.00022843631663315139,0.008935735686391048
2011-05-19,0.002381784700244732,0.0007585362257539291,0.002381784700244732
2011-05-20,-0.007944754290397087,0.0016096858864443992,-0.007944754290397087
2011-05-23,0.00482604323991072,-0.00141879455977413,-0.011601072824656767
2011-05-24,0.003758691595580919,0.0027112236959573035,-0.0008328018555220952
2011-05-25,0.003334589213652414,-0.0005569285570050306,0.003334589213652414
2011-05-26,0.004607485988428848,0.0036642718381869072,0.004607485988428848
2011-05-27,0.003834872025820084,0.004370460083359737,0.003834872025820084
2011-05-31,0.010411024539086438,0.004058924431774681,0.010411024539086438
2011-06-01,-0.022461081021480166,-0.0023807324842168714,-0.022461081021480166
2011-06-02,-0.019049632013896547,-0.007713322165998089,-0.0010617112772132564
2011-06-03,-0.009944617904768175,0.00027268386800504384,-0.009944617904768175
2011-06-06,-0.010581149574642937,-0.0054094502819565324,-0.010581149574642937
2011-06-07,0.004602163945797088,0.0012093340893041117,-0.0006198981983729515
2011-06-08,-0.0041871598769590524,-9.946069285488306e-05,-0.0041871598769590524
2011-06-09,-0.004029166328956483,0.002781870062375488,0.00763078220414895
2011-06-10,-0.013909949842528838,-0.0048827560129152785,-0.013909949842528838
2011-06-13,-0.005044181082757424,-0.004800450721927336,0.0007834411797148952
2011-06-14,-0.015106577909510324,0.0009764060221713598,0.012686283173249878
2011-06-15,-0.017785892758334487,0.0013313946671180722,-0.017785892758334487
2011-06-16,0.004540209743321953,0.0019160018098894733,0.0022045018521352077
2011-06-17,-0.0047257788907609155,0.0015332339863464131,0.00298454840031917
2011-06-20,0.00511592116135064,0.0022644318673978843,0.00511592116135064
2011-06-21,0.013704012405580186,0.004542956951557623,0.013704012405580186
2011-06-22,-0.006025548361887672,-0.0012272197976112274,-0.006025548361887672
2011-06-23,-0.002875593079492389,-0.004303667084672518,-0.002875593079492389
2011-06-24,-0.004209891680008834,-0.00989046092784547,-0.011613742001528933
2011-06-27,-0.013713399373393631,-0.003048341716172212,0.008911628976686603
2011-06-28,0.013052586988066208,0.0026903585331143533,0.013052586988066208
2011-06-29,0.008563984284838535,0.0027367552977263358,0.008563984284838535
2011-06-30,0.00956250465917339,-4.4773339862648996e-05,0.00956250465917339
2011-07-01,0.014776188618434924,0.001949580254879445,0.014776188618434924
2011-07-05,-0.0008211891881627564,0.006620002554303388,-0.0008211891881627564
2011-07-06,0.0051152854583260375,0.004989837084449911,0.0011956411434474543
2011-07-07,-0.0029695381171783324,0.0030222109904332094,0.01037570116284158
2011-07-08,-0.007092725813419671,0.004735129691964344,-0.007092725813419671
2011-07-11,0.014993759518131077,0.0019621082790914277,-0.018080283447426817
2011-07-12,0.00340933180620737,0.0023718131805399926,-0.004318738497207466
2011-07-13,0.0027802424183433457,0.005067594371142499,0.003348280180239082
2011-07-14,-0.014271605540382254,-0.0061351820698620305,-0.006902357967842089
2011-07-15,0.0016665169014583754,0.00389858048457724,0.0058047901373117165
2011-07-18,-0.00820114267162604,-0.002824241030337374,-0.00820114267162604
2011-07-19,0.02078982204209141,0.00782906235751582,0.016231187045350374
2011-07-20,-0.0006024606739117637,-0.0011457219042418716,-0.0006024606739117637
2011-07-21,0.01387108915218087,-0.0006775664694546437,0.01387108915218087
2011-07-22,0.0006689538778570252,0.005553810338906862,0.0006689538778570252
2011-07-25,-0.010931696744600955,-0.0027375901166973304,-0.005572586635166057
2011-07-26,0.006841843314606158,0.001960570825625906,-0.0037363215988825338
2011-07-27,0.00010480415681765345,-0.007892376893870972,-0.020475372610193863
2011-07-28,0.003762878241285657,0.0005992592151741944,-0.0029094626370370076
2011-07-29,0.019787621116051646,0.00652814849304609,-0.006834669380487377
2011-08-01,0.010092873124128522,0.0007464236821050465,-0.004252666518991789
2011-08-02,-0.02554783825153337,0.009624841055753494,-0.02554783825153337
2011-08-03,0.0019709155671929716,0.002348696191990623,0.005419052609748165
2011-08-04,-0.04684171032365599,-0.004599975868065313,-0.04684171032365599
2011-08-05,-0.028853645411248723,-0.008441180907191675,-0.0014965489670028338
2011-08-08,0.03156779605752969,0.0021861933654910536,-0.06512308243885329
2011-08-09,0.0030317239301811123,0.017653284401086593,0.04649882206865705
2011-08-10,-0.0441773961691125,0.009764000389498465,-0.0441773961691125
2011-08-11,-0.05044907630145912,-0.013464424223166582,0.04488354227654388
2011-08-12,0.006733064895746167,0.007281928611708862,0.006733064895746167
2011-08-15,0.02116509439674494,0.00649381599003754,0.02116509439674494
2011-08-16,-0.008539489032315752,0.007496623699381779,-0.008539489032315752
2011-08-17,0.01750958226062698,0.007338311251011531,0.0006689884958729984
2011-08-18,-0.043118420370005205,0.0011791924026741743,-0.043118420370005205
2011-08-19,0.00806815898573628,0.0027874392466734526,-0.016330443822482107
2011-08-22,-0.0025179735243886334,0.00862371773614402,0.0007993354157442404
2011-08-23,0.03291021073828014,-0.00967393079019462,0.03291021073828014
2011-08-24,0.014084583941344335,-0.018200901538432367,0.014084583941344335
2011-08-25,-0.015243881920716448,0.0007615462771236522,-0.015243881920716448
2011-08-26,0.00986722362992056,0.018198718456485144,0.014533833014732116
2011-08-29,0.02873587801943242,-0.003743822010550993,0.02873587801943242
2011-08-30,0.002637171338869311,0.016919676659977605,0.002637171338869311
2011-08-31,-0.015453882957016715,-0.0068283856875510605,0.004437985755472361
2011-09-01,-0.010473397774466972,0.0038561351727747772,-0.010473397774466972
2011-09-02,0.03248679884385304,0.012654385815039863,-0.025549619153253288
2011-09-06,0.01039819489450793,0.000660307790084253,-0.0072975941321200295
2011-09-07,-0.019088473803432558,-0.008547166879944125,0.02820749215526906
2011-09-08,-0.010391393034632674,0.008513876388035023,-0.010391393034632674
2011-09-09,0.010664933925533752,-0.006727752286546261,-0.026209838592502133
2011-09-12,0.0010554936951191988,-0.005085936979293714,0.006470222025319624
2011-09-13,-0.014231396642934432,0.001358125141921701,0.009170872668819018
2011-09-14,0.0138439476874432,0.0048865593952970255,0.0138439476874432
2011-09-15,0.01725749594967025,-0.004999016176068905,0.01725749594967025
2011-09-16,0.00591870049053914,0.007500020788033301,0.00591870049053914
2011-09-19,-0.009957177792305578,-0.0017102495824676497,-0.009957177792305578
2011-09-20,0.004196130274748632,0.005679009463340995,-0.0011637709431332965
2011-09-21,0.033084088144863265,-0.001907458306502778,-0.029458022743164808
2011-09-22,0.03758684915116195,-0.004840837143909565,-0.03232462604553629
2011-09-23,-0.01859961623538562,-0.022390748603178415,0.00602521044017205
2011-09-26,-0.01605667711349014,-0.0028556078496919275,0.023780071611862293
2011-09-27,0.011183799592786096,0.0036517627615516206,0.011183799592786096
2011-09-28,-0.02041841717603759,-0.015138876812838487,-0.02041841717603759
2011-09-29,0.006920733690499673,0.008006908871573286,0.007903226692429025
2011-09-30,-0.024989557737727038,0.0020074471819333493,-0.024989557737727038
2011-10-03,0.027519867542691954,0.005803253296155771,-0.028457628849132863
2011-10-04,-0.01267967147704456,-0.004220171598291885,0.021923239221500287
2011-10-05,0.01851495580163814,0.007519275910946491,0.01851495580163814
2011-10-06,0.018091323678754243,0.002054876904955168,0.018091323678754243
2011-10-07,-0.006695387645409411,-0.007411972777428832,-0.006695387645409411
2011-10-10,-0.014123542223546,0.015349949795197841,0.0334450902675811
2011-10-11,0.0010040210427075748,-0.003132998093795852,0.0010040210427075748
2011-10-12,0.008771687215835626,0.0008507769628566418,0.008771687215835626
2011-10-13,-0.001987357125202752,0.00041523223871135025,-0.001987357125202752
2011-10-14,0.017093586044872596,0.0036777914954029406,0.017093586044872596
2011-10-17,-0.01909060974752361,-0.0030252872906558455,-0.01909060974752361
2011-10-18,-0.006211518970493613,0.0032285084461355787,0.019545664704250353
2011-10-19,-0.011828760585363276,-0.00836026165128025,-0.011828760585363276
2011-10-20,-0.007120320234536079,-0.005072031132444054,0.0043752254287826794
2011-10-21,-0.010582419630907159,0.007095590916849997,0.018987192166243855
2011-10-24,0.012260999238475423,0.008049332809576544,0.012260999238475423
2011-10-25,-0.01944381575542456,0.010184987157214621,-0.01944381575542456
2011-10-26,-0.017469924686957006,0.001823509221508784,0.010159116063098193
2011-10-27,0.03483438865705944,0.006361115434575397,0.03483438865705944
2011-10-28,-0.00023294193914476311,0.003137627996964259,-0.00023294193914476311
2011-10-31,-0.0241059634812247,-0.0016396992321445472,-0.0241059634812247
2011-11-01,0.03347432047034844,0.0019416628291368584,-0.027888417352827915
2011-11-02,-0.012472979354892494,0.004326783972625621,0.01631156589412522
2011-11-03,0.018227490830582095,0.006587671835905247,0.018227490830582095
2011-11-04,-0.006099273981312772,-0.0033315134602728584,-0.006099273981312772
2011-11-07,0.006216168685627829,0.012315248394133501,0.006216168685627829
2011-11-08,0.012830396906772661,-0.0028488680012972913,0.012830396906772661
2011-11-09,-0.03690940458917833,-0.00836390902637553,-0.03690940458917833
2011-11-10,-0.01490026714635747,-0.003807292696975905,0.009418653830831129
2011-11-11,0.0188225904790066,0.009720188745556285,0.0188225904790066
2011-11-14,-0.00947453408337099,0.000651955266983023,-0.00947453408337099
2011-11-15,-0.0013612276104406323,0.0014787921062953714,0.004941732579933903
2011-11-16,0.009118149887153473,-0.005803099487680102,-0.015862729209610037
2011-11-17,0.00802178644494002,-0.011135554348365873,-0.015876688395967165
2011-11-18,-0.00025099409281588187,0.0006031958706994884,-0.001064714765131868
2011-11-21,-0.019019533419399517,-0.012295908569050319,-0.019019533419399517
2011-11-22,0.011161525188241005,0.0062860624977516995,-0.003927672616537027
2011-11-23,-0.022065876591974756,-0.004527981486177475,-0.022065876591974756
2011-11-25,-0.014521608087103665,-0.008640509052072986,-0.0018876193316839716
2011-11-28,-0.0004960458778596535,0.015477260967275083,0.028967201237937088
2011-11-29,0.002839888676297843,-0.0014569066792285246,0.002839888676297843
2011-11-30,0.04114973249706288,0.014249647350485624,0.04114973249706288
2011-12-01,-0.00016018612584147563,-0.00270567480448765,-0.00016018612584147563
2011-12-02,-0.000880215907923569,0.0047405860114446245,-0.000880215907923569
2011-12-05,-0.002022886822666227,-0.0019474763918985501,0.010892681463564797
2011-12-06,-0.009543868727414227,-0.0014115380457794147,0.00031670210154754645
2011-12-07,0.0035820444843221205,0.004841087769416084,0.003722674013603288
2011-12-08,0.012490309780677594,-0.009913142465915173,-0.021936605368959763
2011-12-09,-0.020561180460456376,-0.0005253270388150648,0.016942168857209977
2011-12-12,-0.014597357846085726,-0.009931526743405257,-0.014597357846085726
2011-12-13,-0.009339034620328963,-0.007029555899418516,-0.009339034620328963
2011-12-14,-0.010646126559925273,-0.008204008873234367,-0.010646126559925273
2011-12-15,-0.0037076885552966743,-0.0012385913750792108,0.003614359931153023
2011-12-16,0.0014827586039551518,0.010508271311357405,0.0014827586039551518
2011-12-19,-0.010692005846658111,0.00020396874400536828,-0.010692005846658111
2011-12-20,-0.024945169569034267,0.00526303419885255,0.030260613836380994
2011-12-21,0.0019362820879959832,-0.0038326305833124405,0.0019362820879959832
2011-12-22,0.008858872847304812,0.002222219012722998,0.008858872847304812
2011-12-23,0.008940765478719193,-0.00023989604549417122,0.008940765478719193
2011-12-27,0.0007910296415067226,-0.0008993391497482814,0.0007910296415067226
2011-12-28,0.018488778214375667,-0.005949001850463259,-0.013123383828330438
2011-12-29,0.0018238625928010458,0.002808904935060392,0.0103340156701194
2011-12-30,-0.004916269253960356,0.0027417359831289735,-0.004916269253960356
2012-01-03,-0.015010590780546179,0.008927598047200688,0.015936469771513563
2012-01-04,0.0015689794486103581,-0.0016254981696112013,0.0015689794486103581
2012-01-05,0.002662263908637104,0.0026529087219046717,0.002662263908637104
2012-01-06,-0.002577502628735058,0.00040416473295298036,-0.002577502628735058
2012-01-09,0.002427377259931894,-0.0012758807538858306,0.002427377259931894
2012-01-10,-0.0016872059918987855,0.007028038119292229,0.008670774961874392
2012-01-11,0.0005419941674217743,0.006572169019879281,0.0005419941674217743
2012-01-12,-0.0014183591282639074,0.0018704309375390342,0.0023994591355060092
2012-01-13,-0.005173607119773828,-0.0009410353029186312,-0.005173607119773828
2012-01-17,0.004632263599989736,0.0054570437958816505,0.0038808532252118666
2012-01-18,-0.012105215142880045,0.002107431941390397,0.011056588846531464
2012-01-19,0.005276048023083335,-0.003428559419088567,0.005276048023083335
2012-01-20,0.0037273877994494745,-0.0005040744166907656,0.0037273877994494745
2012-01-23,-0.0025767385915332806,-0.0005323169976131686,-0.0025767385915332806
2012-01-24,0.0018064523243588228,-0.00228175805774921,-0.0011397442048390785
2012-01-25,-0.0024041943963457866,0.011539705998159646,0.008367611362041446
2012-01-26,-0.0051299104939960755,0.004140904717950638,-0.0051299104939960755
2012-01-27,0.0031423997417552286,0.004406481154708845,-0.0004546665234012575
2012-01-30,0.011771970781808245,0.0005401196357657928,-0.0034138594229812533
2012-01-31,0.011551563444362744,0.006184656508258613,-0.0003806336982965859
2012-02-01,-0.011455352215690471,-0.0004071036128017076,0.008757459937294071
2012-02-02,0.001584911876156828,0.0033295034980876112,0.001584911876156828
2012-02-03,0.014019151231999092,-0.009043561323207461,0.014019151231999092
2012-02-06,-0.0006693914814660311,0.0020857069465623707,-0.0006693914814660311
2012-02-07,-0.012401352546848479,0.0017949339338515103,0.002528753228685053
2012-02-08,0.002967589720903772,-0.0011007304033646597,0.002967589720903772
2012-02-09,-0.007476822223975367,-0.002928722558913275,0.0012578189654489796
2012-02-10,0.012987999046962698,-0.0001244583542623248,-0.007387839367127239
2012-02-13,0.0012815227664261953,0.0037051540543999112,0.00744282576834116
2012-02-14,-0.001256238844405353,0.0005162448157132158,-0.001256238844405353
2012-02-15,-0.0017832351270947004,-0.00023113476892216316,-0.00466001733024076
2012-02-16,-0.007996058840378658,0.0009692239749255036,0.011073353293631547
2012-02-17,0.0026459718150371055,-0.00044969327309009647,0.0026459718150371055
2012-02-21,0.0004399994960739705,0.003818677757783092,0.0004399994960739705
2012-02-22,0.012576858026638906,0.006659681696642732,-0.0032243563861849506
2012-02-23,0.0,0.0016663190440305876,0.004410914980608176
2012-02-24,0.0021954486952761414,0.0012940740046112472,0.0021954486952761414
2012-02-27,0.008851556849622256,0.002388508527393943,0.0016798773655100068
2012-02-28,-0.003290547451431862,0.0034134091204701877,0.0029163118796269186
2012-02-29,-0.003925604967207304,-0.021107000708170096,-0.003925604967207304
2012-03-01,-0.009413185401755007,0.003296584308928989,0.00518152242356886
2012-03-02,-0.003049337841364229,0.0015264105698590568,-0.003049337841364229
2012-03-05,-0.007938990651413767,-0.0053822332709076905,-0.004078005105212312
2012-03-06,0.012132433157769148,-0.006843230038373603,-0.014625345883979768
2012-03-07,-0.006120511120784669,0.002141272582597368,0.006975863738837679
2012-03-08,0.009949045446146961,0.0033206150282198326,0.009949045446146961
2012-03-09,0.003867480793193531,0.004184002027641204,0.003867480793193531
2012-03-12,7.252454663242425e-05,-0.002684736299869125,7.252454663242425e-05
2012-03-13,0.018026039277759292,-0.005393603003943853,0.018026039277759292
2012-03-14,-0.0010710520625534204,-0.014152778110904382,-0.0010710520625534204
2012-03-15,0.0015316845308478704,0.005630611695409109,0.005789784139294355
2012-03-16,0.001978208565790618,0.001568832421325104,0.0013843155795691653
2012-03-19,0.00392016202193461,-0.0018757456633877619,0.00392016202193461
2012-03-20,0.0039957860024259955,-0.0027530651570554596,-0.002911095893596496
2012-03-21,0.011308231388694726,0.003212859188931977,-0.0016374990270800148
2012-03-22,-0.0072033269232632475,-0.0027819483109005135,-0.0072033269232632475
2012-03-23,0.009451612467433446,0.008232150447966269,0.0032322462109361477
2012-03-26,0.01403532379633211,0.009043033764860358,0.01403532379633211
2012-03-27,-0.00310688366084634,-0.0011240102191581365,-0.00310688366084634
2012-03-28,-0.001410406500342107,-0.005681976068200861,-0.004958428927476906
2012-03-29,-0.0017089795659554323,0.0013744278366263768,-0.0017089795659554323
2012-03-30,-0.016910589035915097,-0.002382286743134114,0.004136447620707723
2012-04-02,0.005540816168018736,0.0059712494982565555,0.007314905254729189
2012-04-03,-0.01732912998225738,-0.013372609797184076,-0.0040890800586605705
2012-04-04,0.013746094287438535,-0.004329420661547118,-0.009911229723113126
2012-04-05,0.007225522727095361,0.0045623415231937844,-0.0005003964442910332
2012-04-09,0.023380629278456844,0.006372397827481827,-0.011231054380136362
2012-04-10,0.011336798423068723,0.001968703871267616,-0.01678491021101899
2012-04-11,-0.011979484131957438,-0.0016258716578206583,0.00809402432595899
2012-04-12,0.01306545516491738,0.006162722514124722,0.01306545516491738
2012-04-13,-0.011888089621179281,-0.0021573369571202374,-0.011888089621179281
2012-04-16,-0.001455679947627021,-0.001516256191983976,-0.000655831812755035
2012-04-17,-0.0005989366391260017,0.004157705600525983,0.014811664730839391
2012-04-18,-0.0033789383982235984,-0.0020205270923843643,-0.0033789383982235984
2012-04-19,0.0009404423742209239,-0.0015264006376517248,-0.006420693728359454
2012-04-20,0.0016698386572794775,0.0008283636033471159,0.0016698386572794775
2012-04-23,-0.008408843152037227,-0.0011767467249911058,-0.008408843152037227
2012-04-24,-0.007039165390516402,-0.0007670006192047928,0.0038011760694804777
2012-04-25,0.013691757339208304,0.0033169110504921067,0.013691757339208304
2012-04-26,0.006969166352442878,0.007246598786562031,0.006969166352442878
2012-04-27,0.0016406993899695744,0.00154330216122146,0.0016406993899695744
2012-04-30,0.00025622977407396103,-0.00011204234175275448,-0.003704400137336722
2012-05-01,-0.005186718475419508,-0.000808669533021061,0.006220047297300599
2012-05-02,-0.0029840925048529483,-0.00016861747201808264,-0.0029840925048529483
2012-05-03,-0.00025618210932420554,-0.005977080555651956,-0.0076251562009422395
2012-05-04,0.007848433610654487,-0.0017244074349842455,-0.016158306764538583
2012-05-07,0.0001695334969692821,-0.0005120166878722064,0.0007302952489557575
2012-05-08,-0.004011874166243088,-0.0059129887580683755,-0.004011874166243088
2012-05-09,0.0006737554917370713,-0.004926849269592514,-0.005931641133205297
2012-05-10,-0.002944467901781188,0.00029394798286975045,0.002062553535635239
2012-05-11,-0.0030139640772572744,-0.0006910688444419625,-0.0030139640772572744
2012-05-14,0.013975166325972751,-0.0034807832218609644,-0.011061226399661213
2012-05-15,0.004044232961962483,-0.0038035039039386494,-0.005741744906631752
2012-05-16,0.0028762902638245465,-0.0008177601979634133,-0.0038248823765995
2012-05-17,0.017703408223340013,0.00857634404352129,-0.014830878069656132
2012-05-18,0.0002417226426198928,0.0010405087051823941,-0.008558702435828
2012-05-21,-0.0020932064608309947,0.004871648543224909,0.017188154220728745
2012-05-22,0.0017430397688966187,-0.008797883495935934,0.0017430397688966187
2012-05-23,0.00693557046297092,0.0016786996454067854,0.0005294644096598152
2012-05-24,0.0019652774133173826,-0.0011761848385118893,0.0019652774133173826
2012-05-25,-0.0032442006271210743,0.0029665386437365705,-0.0032442006271210743
2012-05-29,-0.003079698779593041,-0.0007010977613316665,0.012111776923394667
2012-05-30,-0.01451008817500204,0.006219958082172611,-0.01451008817500204
2012-05-31,0.011574686240537693,0.0029105953462757223,-0.0022009165192215614
2012-06-01,0.023739491058172066,0.012447986173493752,-0.02517672942579146
2012-06-04,-0.007900691401607422,-0.0032039692661150927,-0.0004679583558258895
2012-06-05,0.007571896225500614,-0.002442719840209973,0.007571896225500614
2012-06-06,0.02246847150944358,0.0008259878732765173,0.02246847150944358
2012-06-07,0.0006064003276412862,-0.005218209002357159,0.0006064003276412862
2012-06-08,0.00795135803553251,0.0030822206234133328,0.00795135803553251
2012-06-11,-0.012697033091047452,-0.0014001948672504655,-0.012697033091047452
2012-06-12,-0.0091431703074534,0.0032233772165416973,0.011490348025815453
2012-06-13,-0.006394482144188965,0.0024977688242816287,-0.006394482144188965
2012-06-14,-0.0012712620715971915,0.004472211683540331,0.010600378415201527
2012-06-15,0.01022745195021968,0.005414030470154879,0.01022745195021968
2012-06-18,0.001938260071864169,0.0025892992076933406,0.001938260071864169
2012-06-19,0.009672552437139487,-0.002665233164088568,0.009672552437139487
2012-06-20,0.0049431620688677475,-0.0015239941946305752,-0.0016212342841234021
2012-06-21,-0.02243869952509529,-0.01441667429963427,-0.02243869952509529
2012-06-22,-0.01333740407860101,-0.00045975320921156975,0.0077015592896092205
2012-06-25,-0.016035134374010537,0.001767150818719307,-0.016035134374010537
2012-06-26,-0.0039416332571503765,-0.002122692487453606,0.005026445483609686
2012-06-27,0.009016074844269752,0.004007582335881002,0.009016074844269752
2012-06-28,-0.0028532633505683872,-0.004043490599440072,-0.0028532633505683872
2012-06-29,-0.013007722934217288,0.01318435536348204,0.024926592775261013
2012-07-02,0.0030123878823535843,0.004228669960058032,0.0030123878823535843
2012-07-03,0.006592528686000186,0.004686925636212818,0.006592528686000186
2012-07-05,-0.0045116074347269835,-0.0036021328421137716,-0.0045116074347269835
2012-07-06,0.009293887613338101,-0.004270917855333236,-0.009503696857868102
2012-07-09,-0.0012546029087748055,0.003277511167891593,-0.0012546029087748055
2012-07-10,0.002028752653057078,-0.006228975260814536,-0.008719934565988283
2012-07-11,0.0012449823266466628,0.002284221977773532,0.00014857818508225157
2012-07-12,-0.004844930328705549,-2.3164672961075968e-05,-0.004844930328705549
2012-07-13,-0.0026241787348965694,0.007906447828215537,0.016778082205353723
2012-07-16,-0.0023572971455486794,0.0009595029959689344,-0.0023572971455486794
2012-07-17,-0.007860497799925103,-0.0020148834815685353,0.006867102783319334
2012-07-18,0.007406545082685144,0.0017459554319768176,0.007406545082685144
2012-07-19,0.0026207297371395825,0.0007036984467192394,0.0026207297371395825
2012-07-20,-0.009148225016801055,0.0017095536387579302,-0.009148225016801055
2012-07-23,0.00561287138431018,-0.0027752849411306285,-0.010112001496194681
2012-07-24,0.00787522598750362,0.0009515343933799271,-0.008586815529667365
2012-07-25,0.002579389832679576,0.005546110562619504,0.00022405195158325202
2012-07-26,0.016497276073206234,0.004479292494650785,0.016497276073206234
2012-07-27,0.018432767593107455,0.001187730043674653,0.018432767593107455
2012-07-30,0.0,0.002277798526977438,0.0
2012-07-31,0.002008305285424211,-0.0036172792497167453,-0.006994371018971459
2012-08-01,-0.004998908267396459,-0.004832364078828501,-0.0008713959562622629
2012-08-02,0.0056680095372644975,-0.002583438143829104,-0.0069045031298499435
2012-08-03,0.019832871325414028,0.004233038805963275,0.019832871325414028
2012-08-06,0.001937479382390956,0.00238750499785807,0.001937479382390956
2012-08-07,-0.012865860339519829,-0.002574020189181303,0.00501389742013138
2012-08-08,-0.005324952524514164,-0.0008911662735176444,0.0012115563258273824
2012-08-09,0.0008537374223278513,0.0011499968950619988,0.0008537374223278513
2012-08-10,0.005036705867562359,0.0025920673986522726,0.0016361505994583782
2012-08-13,-0.0004973226348305405,-0.0032469451917997165,-0.0004973226348305405
2012-08-14,0.0001422023664047921,-0.0061851346279377,0.0001422023664047921
2012-08-15,-0.014056585198257712,-0.0030596420651893487,0.0011363517815704896
2012-08-16,0.00737859277851321,0.0018439697745623639,0.00737859277851321
2012-08-17,0.0013380134117828395,0.0023464102780826955,0.0013380134117828395
2012-08-20,7.060130764302563e-05,0.0018345337822483787,7.060130764302563e-05
2012-08-21,0.0044321630763876525,0.003720301767719247,-0.0030244915200613003
2012-08-22,0.016504385825254177,0.00902011479180404,0.00042342202392853034
2012-08-23,0.004179899453903222,0.0013992069697535297,-0.008179196521768382
2012-08-24,-0.0009608128637307544,0.001905203220584145,0.006042723933595828
2012-08-27,0.0002117069546833425,0.0006473721731034591,0.0002117069546833425
2012-08-28,0.0023903170000687405,0.001020764151018127,-0.0009884897026366003
2012-08-29,-0.004370664108945092,-0.003351202506248828,0.0007775962041418602
2012-08-30,0.005188512041905636,-0.0009369205938063241,-0.007207728238655811
2012-08-31,0.01413338379841831,0.013998642463352258,0.00476932577037306
2012-09-04,-0.0009214165753139284,-0.0001142540902500269,-0.0009214165753139284
2012-09-05,-0.004712231241492816,-0.0021977990084527956,-0.0008507445135254889
2012-09-06,0.020296781951482493,0.0024177718140081256,0.020296781951482493
2012-09-07,0.003894994873065911,0.0070105208325131315,0.003894994873065911
2012-09-10,-0.005681230407589413,-0.003461327936875435,-0.005681230407589413
2012-09-11,-0.006273854314885133,0.00014211016909117453,0.002787305303261176
2012-09-12,-0.012464636240999446,-0.002843269245983524,0.003334671834212789
2012-09-13,0.01523709528433964,0.010811157274565494,0.01523709528433964
2012-09-14,0.0044339065455757665,-0.005849953945292051,0.0044339065455757665
2012-09-17,0.012003589400343118,-0.00030680331832933275,-0.0033962664256757956
2012-09-18,0.005011557694874977,0.003943781591309918,-0.0008169112561540993
2012-09-19,0.0005448537426270388,0.0022738427688040286,0.0005448537426270388
2012-09-20,6.835971105401129e-05,0.00025732826328955387,6.835971105401129e-05
2012-09-21,0.0011528270182734274,0.001201524897170471,-0.0004176884010052468
2012-09-24,0.007815919857925194,0.00011375164536038009,-0.0015084188769514972
2012-09-25,0.0098777699483993,-0.0010689712778266646,-0.010641908992523702
2012-09-26,0.010751283368186124,-0.00038812852355679813,-0.0056210754980823615
2012-09-27,-0.007118397686819566,0.005941731393313884,0.009421575214128184
2012-09-28,-0.0046320352459305195,-0.002280009967318637,-0.0046320352459305195
2012-10-01,0.0037109514961430495,0.00289239105786861,0.002639187539905813
2012-10-02,-0.0013664268613666586,-0.00047697734203817785,0.0010389682464197695
2012-10-03,0.0040833311572529415,0.0020697693027151723,0.0040833311572529415
2012-10-04,0.007167665982377379,0.000564432231710633,0.007167665982377379
2012-10-05,6.912267566727692e-05,-0.006140896710547652,6.912267566727692e-05
2012-10-08,-0.0034216669780502674,0.00048020014695758745,-0.0034216669780502674
2012-10-09,-0.0018009542110351301,-0.005985119221203119,-0.009887568165241787
2012-10-10,0.007051909225672144,-0.00010929748618565853,-0.006380389404101053
2012-10-11,0.006921155324428066,0.0034249475712997473,0.0005589164219732476
2012-10-12,-0.003279142358632538,-0.002707113929134809,-0.003279142358632538
2012-10-15,-0.002258653610837468,-0.0013216263296949473,0.00832849144958639
2012-10-16,0.010133562973527016,0.0008632513253704109,0.010133562973527016
2012-10-17,-0.009263295643803302,-0.0012860888871494695,0.004534519546078581
2012-10-18,-0.0025989325926012866,-0.004357820666253586,-0.0025989325926012866
2012-10-19,0.013571247813732373,-0.004830656267255536,-0.016664380902637187
2012-10-22,-0.006407644287389329,-0.0008834456170622401,0.00013899770107238311
2012-10-23,-0.01387604706887502,-0.004198902907542276,-0.01387604706887502
2012-10-24,-0.009862487389070468,-0.005403277699882583,-0.0028283262542508594
2012-10-25,0.002907152454016445,0.0015743200467783075,0.002907152454016445
2012-10-26,-0.0005654748141375063,0.004542887255082544,-0.0005654748141375063
2012-10-31,0.0,0.0037610480941373857,0.0
2012-11-01,-0.008187546568193944,-0.0007574289489402663,0.010470762319794078
2012-11-02,-0.008892118691731971,-0.010179053071372637,-0.008892118691731971
2012-11-05,0.0056437348351001514,0.003849196996423991,0.0020486983981741597
2012-11-06,-0.009434868473686103,0.005657508633178371,0.007825476413416186
2012-11-07,-0.02266372503907873,-0.0012912044133097924,-0.02266372503907873
2012-11-08,0.014838653656206747,0.004018374204848036,-0.012024040602534305
2012-11-09,0.0008693927966979724,0.0003213073929602297,0.0008693927966979724
2012-11-12,0.0016668957687572949,8.728545596908859e-05,0.0007958076260414558
2012-11-13,-0.0034714376969262302,-0.0006953247922290764,-0.0034714376969262302
2012-11-14,0.0009480510207714815,-0.003978354335942957,-0.013498847670477132
2012-11-15,-0.001972807803507555,-0.0033259755612479853,-0.0016917519476535735
2012-11-16,-0.000869393029053388,0.0008686944258526747,0.004936910598946682
2012-11-19,0.020239285138592814,0.008613734355420554,0.020239285138592814
2012-11-20,0.00043129091378796454,-0.0042093033891475624,0.00043129091378796454
2012-11-21,0.0018680289083625194,0.0007644491372898002,0.0018680289083625194
2012-11-23,-0.0009649854701893009,0.008255676548296191,0.013624839131402154
2012-11-26,-0.00212224370134078,0.0005228602088093553,-0.00212224370134078
2012-11-27,0.003926560529434426,-0.001797190644201198,-0.0051042858701900165
2012-11-28,-0.0014364322767746714,-0.002123461923257472,0.008052125878715804
2012-11-29,0.004665441799822338,0.0028564593073420286,0.004665441799822338
2012-11-30,0.00021083629096406014,-0.0030833216539432693,0.00021083629096406014
2012-12-03,0.0009237693456335532,-0.001172824000254296,-0.004924034960273799
2012-12-04,0.0057750094464724955,-0.001977253056299811,-0.0014139656743963312
2012-12-05,-0.00047889671624514303,-0.00017722059334206988,0.001770028252228984
2012-12-06,0.003392058402836784,0.0026199196863846315,0.003392058402836784
2012-12-07,-0.009236054804180683,-0.0007718691500076898,0.003028487489856647
2012-12-10,0.00042135745583244045,0.002901556592603306,0.00042135745583244045
2012-12-11,-0.007600977733026807,-0.0005680962544113602,0.006808895386551015
2012-12-12,0.00048780622707027125,-0.003446084468050623,0.00048780622707027125
2012-12-13,0.0007341456051796858,-0.004645208415883309,-0.006132021950555384
2012-12-14,0.0074991245075296895,0.0007430571664058566,-0.0037159550547163087
2012-12-17,-0.014967034613135349,-0.0004154050714426927,0.011752593576275585
2012-12-18,0.011128580472227199,-0.0043346890648040225,0.011128580472227199
2012-12-19,-0.007429334269726051,-0.0022705177037747938,-0.007429334269726051
2012-12-20,0.00016664481767931943,-0.001960682040718385,0.0057524745517589385
2012-12-21,0.010914805369067896,0.0016739050124451546,-0.009077352607609541
2012-12-24,-0.0017995388939112595,-0.001060260847989501,-0.003081266529251978
2012-12-26,0.0035969434603270413,8.03266425769731e-05,-0.004214615576024278
2012-12-27,0.0033551814373681743,0.0014347286556712167,-0.001341190845174578
2012-12-28,0.005709458653134255,-0.0030201615921959116,-0.01080773008011058
2012-12-31,-0.017273798823612713,0.002925724880886428,0.016996098384461204
2013-01-02,0.025631012080287573,0.006453417265252861,0.025631012080287573
2013-01-03,-0.002260082248550592,-0.00922211404333035,-0.002260082248550592
2013-01-04,0.004391963962452985,0.0012030507709242166,0.004391963962452985
2013-01-07,-0.0027327282190697075,-0.0028812728337305232,-0.0027327282190697075
2013-01-08,0.006584848906892671,0.0035029387974506374,-0.0028775728401667236
2013-01-09,0.0025420563363193795,0.00041980433806492547,0.0025420563363193795
2013-01-10,-0.002770106738608284,0.004875774824429134,0.007949320178767915
2013-01-11,-6.767001618002144e-05,0.0009957338473419394,-6.767001618002144e-05
2013-01-14,-0.0006801427515902134,-0.00015396073124024866,-0.0006801427515902134
2013-01-15,0.004602110769514829,0.0038260824672819303,0.0006806056605969597
2013-01-16,0.0020826069759334234,0.0008189064315915948,-0.00013580645222397155
2013-01-17,0.006460208466065823,0.00035914281183583685,0.006460208466065823
2013-01-18,0.007723537290251747,0.0027404093568671383,0.0022297441376714325
2013-01-22,0.005393820672091773,0.0036514015872000346,0.005393820672091773
2013-01-23,-0.001496392887968622,-0.0008654265978454859,0.0016089045765942673
2013-01-24,-0.003497281055110794,-0.004670850648738591,0.0002676878682274966
2013-01-25,-0.013704269827860723,-0.004084204885876456,0.005622319939511717
2013-01-28,-0.003643013966889921,-0.002328810418252802,-0.001198179488425464
2013-01-29,-0.0055277631407488394,0.0010284682886154027,0.003931803584459487
2013-01-30,-0.003916405049049439,0.0005347100808012185,-0.003916405049049439
2013-01-31,0.004882352468460839,-0.0013267690769471533,-0.0024654273933488466
2013-02-01,-0.012985322810393381,-0.0003824251392202816,0.01028717887701992
2013-02-04,-0.01124064140075396,0.0015671563034797675,-0.01124064140075396
2013-02-05,-0.008887833247319085,0.00031781304132679974,0.010098261235476679
2013-02-06,0.0007279857145365792,0.003833393415380219,0.0007279857145365792
2013-02-07,-0.0013232252987457297,-0.0023108070937716027,-0.0013232252987457297
2013-02-08,0.003857659481527107,0.0025859185021768908,0.005564400766680128
2013-02-11,-0.00019726726923992047,-0.004166375078734022,-0.00019726726923992047
2013-02-12,-0.0024779322992441225,0.00012373495511024124,0.0016475731623319702
2013-02-13,0.0008543454992411019,-0.004146669387305898,0.0008543454992411019
2013-02-14,0.009067717694956196,0.0018589405167507183,0.0009202941304240436
2013-02-15,-0.001182003195452194,-0.006729510661871771,-0.001182003195452194
2013-02-19,0.007494458151957798,-2.488808591244885e-06,0.007494458151957798
2013-02-20,-0.012463274582905179,-0.011385217088872739,-0.012463274582905179
2013-02-21,0.005847656695930152,0.0023721323240180714,-0.006078899816955579
2013-02-22,0.0006850643301991927,0.004295808602833219,0.009772722598739104
2013-02-25,-0.019026938695789267,0.0029835530275679513,-0.019026938695789267
2013-02-26,-0.005782972074635731,0.004233037009685392,0.006845827578507466
2013-02-27,0.012597897157090497,-0.00020114276144140436,0.012597897157090497
2013-02-28,-0.001974343339059162,-0.003305457829290748,-0.001974343339059162
2013-03-01,0.005445798971871472,0.0016944102343910887,0.003297546493352423
2013-03-04,0.005325214173842409,-0.00029915975487694547,0.005325214173842409
2013-03-05,0.00895901807578717,0.002224795585744067,0.00895901807578717
2013-03-06,0.001361138414825237,-0.0006997624766904172,0.001361138414825237
2013-03-07,-0.007701391301650147,-0.0030886970219064897,0.0018121563149135992
2013-03-08,0.0042638955070012806,-0.0019165679016072395,0.0042638955070012806
2013-03-11,0.003795971330892095,0.0022219743161699017,0.003795971330892095
2013-03-12,-0.002243306730418897,0.004184007621157818,-0.002243306730418897
2013-03-13,-0.001037762401241405,-0.0010051924572866708,0.0014127939744157246
2013-03-14,0.005324241697649271,0.0008792382455058901,0.005324241697649271
2013-03-15,-0.0013203945577505475,0.0017568648859800184,-0.0013203945577505475
2013-03-18,0.0076015587383917345,0.0035666747834327958,-0.005518298517565169
2013-03-19,0.006772704616033444,0.0029287198147358215,-0.002323328672562947
2013-03-20,-0.011154675438709452,-0.002818797167124691,0.006985413088585035
2013-03-21,-0.008542446226138636,0.002116569773658091,-0.008542446226138636
2013-03-22,0.0007671784224807323,0.0014496648187294217,0.00803267298628758
2013-03-25,-0.004177527395776098,-0.002389116465394244,-0.004177527395776098
2013-03-26,0.001194034834965448,0.001978651782728547,0.008002647817386873
2013-03-27,0.0,0.004159861227662589,0.0
2013-03-28,-0.005069225611028503,-0.0025699519710531285,0.003073331798341104
2013-04-01,-0.003957241934054075,0.001666060191764961,-0.003957241934054075
2013-04-02,-0.0040541612092861255,-0.004549988564766558,0.004934624545072961
2013-04-03,-0.010139705702072614,-0.004056826975818965,-0.010139705702072614
2013-04-04,0.011935949239034056,0.004450038298752748,0.004058894919569825
2013-04-05,-0.0044911952641138965,0.010869987381677807,-0.0044911952641138965
2013-04-08,-0.007653865832425551,-0.0018203089294155056,0.006767339755493427
2013-04-09,0.003456901060465698,0.0028263392860004106,0.003456901060465698
2013-04-10,0.012248670838602009,-0.0061844117110919205,0.012248670838602009
2013-04-11,0.0032772621792262497,0.002398645800560105,0.0032772621792262497
2013-04-12,-0.002449977694430155,-0.011014319846555992,-0.002449977694430155
2013-04-15,-0.023173937701077497,-0.032282536839527434,-0.023173937701077497
2013-04-16,-0.00821205857782945,0.005427249089455921,0.014762530451730684
2013-04-17,-0.014611264639260593,-0.002526578211984002,-0.014611264639260593
2013-04-18,0.0024434379980544183,0.001941328894387969,-0.0062535899284989266
2013-04-19,-0.002112310249523157,0.0047968385442699775,0.00869306816298443
2013-04-22,0.004437828053463548,0.00717137947772959,0.004437828053463548
2013-04-23,0.010309610458458254,4.479344460967937e-06,0.010309610458458254
2013-04-24,0.0006339564227399409,0.00440222999894767,0.0006339564227399409
2013-04-25,-0.004315742855823562,0.007013944817320516,0.004053526836721138
2013-04-26,0.009159791158685501,0.001038084733712833,-0.0017662244760108575
2013-04-29,-0.00364733358933707,0.0040154187385335145,0.006698782882381835
2013-04-30,0.0005697227556853324,0.0020320586824065703,0.0023852430147570476
2013-05-01,-0.008767147968922268,-0.0033736698713745863,-0.008767147968922268
2013-05-02,-0.001290798648625858,0.004540352713595802,0.009287142754847304
2013-05-03,0.010140414162656406,-0.004145940486186106,0.010140414162656406
2013-05-06,0.0025411717958736114,0.00018179036251638663,0.0025411717958736114
2013-05-07,0.005068633533432423,-0.00370739320935646,0.005068633533432423
2013-05-08,0.0015812451187961728,0.006962393759502608,0.004551082236414756
2013-05-09,-0.0028159493403159866,-0.005652122993942889,-0.0028159493403159866
2013-05-10,-0.010746409584514437,-0.005249413704847738,0.003253622861609763
2013-05-13,0.0007955497909281526,-0.004983701993101378,0.0007955497909281526
2013-05-14,-0.010861998846839268,-0.0014173297807327481,0.01033392612929487
2013-05-15,0.006691612053508478,-0.0035074921005878615,0.005386410029378314
2013-05-16,0.010397190650360811,0.00043259520406539113,-0.004695774735467554
2013-05-17,-0.012651536427442085,-0.007941540515924685,0.009677313736440275
2013-05-20,-5.969939920169587e-05,0.00931183475244825,-5.969939920169587e-05
2013-05-21,0.007868378120828827,-0.002272856352427406,0.0014374548431880655
2013-05-22,-0.014850325914466047,-0.009737781497721235,-0.007417715299289564
2013-05-23,0.004737496635354764,0.006935579116623992,-0.0028928132733012394
2013-05-24,0.0013716945806054542,-0.0018869079660786359,-0.0008463247653356028
2013-05-28,-0.025342299847318943,-0.006773989778096916,0.005989000956046098
2013-05-29,0.011243751836550606,0.004494054232748124,-0.006493974071494866
2013-05-30,-0.002431991947994319,0.005017963962395384,0.0036918462148704295
2013-05-31,-0.01435178034356547,-0.012810187752186014,-0.01435178034356547
2013-06-03,0.0052990990244883174,0.010048339530658874,0.005506042228009481
2013-06-04,-0.009235873805744525,-0.007813478291611138,-0.004806754457229431
2013-06-05,0.01380669998344776,0.0006342517797283884,-0.014000927680020987
2013-06-06,-0.0006068882099268628,0.00527224787771262,0.00905268384438736
2013-06-07,0.012720746954643916,-0.009803013008548647,0.012720746954643916
2013-06-10,0.0,6.635793281947397e-05,0.0
2013-06-11,0.011898417843722867,-0.0012744036998450091,-0.010315391986984737
2013-06-12,-0.014303088768095683,-0.005037909156428903,-0.008276963729348408
2013-06-13,0.01566848128693735,0.008957547300238348,0.015207888886878518
2013-06-14,-0.0062718879745750945,-0.0011703225074101323,-0.0062718879745750945
2013-06-17,-0.005271468086781002,-0.0008251645058751826,0.007721355508360077
2013-06-18,0.007905784352547138,-0.0012570373647384698,0.007905784352547138
2013-06-19,-0.013816656231154788,-0.011947711785594315,-0.013816656231154788
2013-06-20,-0.016412599858645738,-0.03148060884252592,-0.024778594419665307
2013-06-21,-0.01695814633755403,-0.0008450478902812912,0.0032101109705102004
2013-06-24,-0.01263583271957071,-0.005865516200014902,-0.01263583271957071
2013-06-25,-0.00891154038035077,-0.0009291655954508458,0.00961454120228604
2013-06-26,0.009900380596485145,-0.008081155979733414,0.009900380596485145
2013-06-27,0.005869862533522887,-0.000698701034298544,0.005869862533522887
2013-06-28,-0.00409685692246085,0.00929320747070485,-0.00409685692246085
2013-07-01,0.00201524557079575,0.008277902603341825,0.005859377085041213
2013-07-02,-0.0009299542558260823,-0.0035168689404097295,-0.0009299542558260823
2013-07-03,-0.0029906353489482524,0.0010732221544766613,0.00043460293969575206
2013-07-05,0.010788619765277096,-0.015057520725994512,0.010788619765277096
2013-07-08,0.005704647654286944,0.009107170902502147,0.005704647654286944
2013-07-09,0.007197573658052672,0.00589314028209937,0.007197573658052672
2013-07-10,0.000363443066482245,-0.0014848738172389103,0.000363443066482245
2013-07-11,0.013620362096915079,0.01759209290840508,0.013620362096915079
2013-07-12,0.0004184324375371401,-0.0004252702197652936,0.0004184324375371401
2013-07-15,0.0038203192456007676,0.003127312512863514,0.0038203192456007676
2013-07-16,0.0034169986062912395,0.0017542985294254744,-0.003746595778437013
2013-07-17,0.001840319800193905,-0.002821059322280942,0.002566871209128185
2013-07-18,0.005477939143778181,-0.00026544443676689337,0.005477939143778181
2013-07-19,0.015813781917114664,0.008644392782074751,0.0017765183620514565
2013-07-22,0.0019506372471606208,0.011248403844889402,0.0019506372471606208
2013-07-23,-0.0021237638600906535,0.0002830817613667302,-0.0021237638600906535
2013-07-24,-0.012672392714530406,-0.011211727932125068,-0.0036656027122512176
2013-07-25,-0.00037260218704669994,0.0039343243070005165,0.0024328529316352794
2013-07-26,0.0010656901501100294,0.00258496548059414,0.0010656901501100294
2013-07-29,-0.003074957951120177,-0.004175326584853085,-0.003074957951120177
2013-07-30,-0.00037267888047256713,-0.0010637408100387837,0.0
2013-07-31,0.003634100773170804,0.0009493180172367514,0.0007111779888550548
2013-08-01,-0.019268130522962258,-0.006086466751095127,0.01155889034923334
2013-08-02,0.0016993481687991982,0.003542766690816421,0.0016993481687991982
2013-08-05,-0.001462381792289209,-0.00477007243761837,-0.001462381792289209
2013-08-06,-0.00568241354540416,-0.0055014466274013385,-0.00568241354540416
2013-08-07,0.007451717215545021,0.0018569683161409616,-0.0032406338216070824
2013-08-08,0.0027157717339455936,0.009286042762297539,0.003664511142448838
2013-08-09,-0.0028858518513122425,-0.00044121541810064396,-0.0028858518513122425
2013-08-12,-0.00680658033320668,0.0032602227013114986,-0.0011808559502967393
2013-08-13,0.002956473952198543,-0.007403353928190788,0.002956473952198543
2013-08-14,-0.00512982985120065,0.0020725507949117435,-0.00512982985120065
2013-08-15,-0.013504307318238026,-0.0020700743634316588,-0.013985502196366895
2013-08-16,-0.0034710446348932443,0.000115369095858697,-0.0033055403225483626
2013-08-19,-0.0063927282257446845,-0.006411801242701348,-0.0063927282257446845
2013-08-20,0.007709360396022672,0.005264361816212055,0.0049165106667021456
2013-08-21,-0.006160590675705622,-0.006560174520820027,-0.006160590675705622
2013-08-22,0.010182726534099016,0.008233023142341554,0.009115701557152986
2013-08-23,0.003371953373609114,0.010084636562505571,0.003371953373609114
2013-08-26,-0.003721157149226338,0.0018135107141934142,-0.003721157149226338
2013-08-27,0.01259423914516496,0.002193559447343522,-0.01608456008781466
2013-08-28,-0.008103653340852215,-0.0016135076589023367,0.0035509936316283864
2013-08-29,0.001586836673770051,0.0009261143379010829,0.001586836673770051
2013-08-30,-0.001130856403822703,-0.004621157605488681,-0.0031676020687875406
2013-09-03,-0.014105188826708009,0.0012626516484615649,0.004522150479522021
2013-09-04,0.008272964299459666,-0.002310017919469663,0.008272964299459666
2013-09-05,0.0012666035794838776,-0.010246593436666705,0.0012666035794838776
2013-09-06,0.0004821291188790103,0.006674831192231951,0.0004821291188790103
2013-09-09,0.00048550977302535804,0.0028153892169119933,0.00957616576332508
2013-09-10,0.007397244972924682,-0.005127553271890189,0.007397244972924682
2013-09-11,0.0031381476838216182,0.0038769256369434483,0.0031381476838216182
2013-09-12,-0.0026559919267729487,-0.011372298623105206,-0.0026559919267729487
2013-09-13,0.0038780793010506085,0.002442259599151738,0.0022493860984739737
2013-09-16,0.005787047051868103,-0.003615716314992434,0.005787047051868103
2013-09-17,0.00826325763672829,0.00442127596603265,0.004462736989679903
2013-09-18,0.012342994137376467,0.02196084908580725,0.011573833073052152
2013-09-19,-0.0016756590808428469,-0.0031567596149971603,-0.0016756590808428469
2013-09-20,-0.006991337130261717,-0.010037852644092278,-0.006991337130261717
2013-09-23,0.007338653961089313,-0.00020486336729095417,-0.004627525256726635
2013-09-24,0.010786642465347458,0.0030578986694272015,-0.0023540494888619227
2013-09-25,-0.0028906127743883506,0.0024888663185118403,-0.0028906127743883506
2013-09-26,-0.0070061153199493745,-0.0035018376160779025,0.0038459065381530795
2013-09-27,0.0024448200645645858,0.0021470884726333284,-0.0045965808696265525
2013-09-30,-0.001500336729438753,-0.00429797187455458,-0.005328902857443891
2013-10-01,-0.0030342427130358313,-0.007708557806067761,0.00791603179306479
2013-10-02,-0.0009442300432439987,0.006659532045804068,-0.0009442300432439987
2013-10-03,-0.001604280448120935,-0.003320823057849967,-0.009221659645778243
2013-10-04,-0.0007556699800020557,0.0005810883081102838,0.007577466675809627
2013-10-07,-0.008645048793707068,0.0013455454137193267,-0.008645048793707068
2013-10-08,0.00028190076536666834,-0.004410035876047363,-0.011646853556933059
2013-10-09,-0.008005023341418109,-0.0058261643333420935,0.0007256067787990345
2013-10-10,0.021557913716202522,0.002868270594976025,0.021557913716202522
2013-10-11,0.00644319756411717,-0.0022971734401117296,0.00644319756411717
2013-10-14,0.003993738408966271,-0.0007314536961269178,0.003993738408966271
2013-10-15,-0.000669688453738908,-0.0003441942553529219,-0.007254049246978504
2013-10-16,0.0125312315754104,0.008434028400683802,0.013965799090579411
2013-10-17,0.0066837916703898805,0.015462327440916804,0.0066837916703898805
2013-10-18,0.006753870915163538,0.0015452552537613723,0.006753870915163538
2013-10-21,5.7658322859532873e-05,-0.0007015531453941271,5.7658322859532873e-05
2013-10-22,0.011152378255347662,0.011745110485248565,0.005791124300702476
2013-10-23,0.0038929350617965836,-0.0019912139741574287,-0.004788470448734559
2013-10-24,-0.0038778388868301447,0.0029161405281073324,0.0033222926509405932
2013-10-25,0.004567459024820978,0.004198443757997602,0.004567459024820978
2013-10-28,0.0015911862166790212,-0.0003372189398432512,0.0015911862166790212
2013-10-29,0.0012970817889108447,0.00024342488208244084,0.0053339594126531
2013-10-30,-0.006014610105386938,-0.004112663330378952,-0.004966847779384785
2013-10-31,0.002141691717553156,-0.004985824934924757,-0.0028359469868465747
2013-11-01,-0.010825067486494939,-0.004873502320722732,0.0023890049328027813
2013-11-04,0.0035182263986585495,0.001126226133834145,0.0035182263986585495
2013-11-05,-0.0031666431077242646,-0.005678896449498104,-0.0031666431077242646
2013-11-06,0.0004757558218814679,0.0035652776746737816,0.005105648914366083
2013-11-07,-0.012643011570037242,-0.004222433658205852,-0.012643011570037242
2013-11-08,-0.024065588788557985,-0.008433671640902142,0.013490879194452736
2013-11-11,0.00016907745338797688,-0.002265654939792182,0.00016907745338797688
2013-11-12,-0.002029867934707595,-0.002958584097538881,-0.002029867934707595
2013-11-13,0.0036709924156428215,0.00503465357767342,0.008024270990678723
2013-11-14,0.004989312256213618,0.0075205134655844524,0.004989312256213618
2013-11-15,0.004351368777209797,0.0022874402229516523,0.004351368777209797
2013-11-18,-0.0034992471339080834,-0.002970686786852566,-0.0034992471339080834
2013-11-19,-0.007592805266547726,-0.0031304282887348552,-0.0021738123213796597
2013-11-20,-0.01702375964081134,-0.014186800775814124,-0.003127941071633629
2013-11-21,0.0016537350120978797,0.002871707445257614,0.00806810562967895
2013-11-22,0.005002878665562166,0.004760195370330983,0.005002878665562166
2013-11-25,-0.0009953435432847237,0.002043292157538867,-0.0009953435432847237
2013-11-26,0.0037429001646638186,-0.00037145528115063156,0.00027665495539443396
2013-11-27,-0.0017205774325014078,-0.0006773797570323661,0.002435336558439728
2013-11-29,0.0002865085894083266,0.003166400245277142,-0.0006623220016155279
2013-12-02,-0.007777999498153146,-0.012074709494386847,-0.0025969558609567848
2013-12-03,0.00367832930266231,0.0008397207719457319,-0.0043204740752674255
2013-12-04,-0.009545677026078742,0.0023441488978902985,-0.00011114053789486932
2013-12-05,-0.0028232953146360255,-0.007030217169167382,-0.00439533301142888
2013-12-06,0.004783433313321424,0.006037793665633932,0.01117652991154334
2013-12-09,0.0025424558947634538,0.004895192632755722,0.0025424558947634538
2013-12-10,-0.003583439931137105,0.00700677336321166,-0.003583439931137105
2013-12-11,-0.007699255643378672,-0.008933535164371247,-0.011230979370567254
2013-12-12,-0.0037827245383580954,-0.00949961721342508,-0.0033010912906009954
2013-12-13,0.004868221548600627,0.004650731944108909,-0.00011204499659015616
2013-12-16,-0.003682707846518358,0.0017041318803476045,0.006232271065304804
2013-12-17,0.00447369709547034,-0.00247494306623673,-0.003180938963395924
2013-12-18,-0.005034181838855002,0.001094327633624343,0.01707242488787041
2013-12-19,-0.0011557545477481291,-0.00851096500532215,-0.0011557545477481291
2013-12-20,0.015389586916160863,0.010301288737177061,0.00581717760775798
2013-12-23,0.005342460737291155,-0.001125372603901885,0.005342460737291155
2013-12-24,0.0021914788525232145,-0.000457704410763724,0.0021914788525232145
2013-12-26,0.005083771343335314,0.002246892613691212,0.005083771343335314
2013-12-27,-5.439322057654295e-05,0.00010077995595516247,-5.439322057654295e-05
2013-12-30,0.006875461116132479,-0.0026092954146170427,-0.00016298365604810604
2013-12-31,-0.00634085927741755,0.0015577834096745782,0.004732419383196273
2014-01-02,0.0030426975790154194,0.0032163997867981522,-0.009583622305345523
2014-01-03,0.0,0.003637356317572592,-0.00016360641670747268
2014-01-06,-0.0028981301535700344,0.0010461813399446607,-0.0028981301535700344
2014-01-07,0.006141634876827059,0.0009133595666804667,0.006141634876827059
2014-01-08,0.00021822881958932008,-0.0028286491273537633,0.00021822881958932008
2014-01-09,0.005849108099771973,0.0031370884618775745,0.0006533121159122398
2014-01-10,0.011920335425805194,0.010003217405244971,0.0027234333207527754
2014-01-13,-0.01330525415728466,-0.0005282963085968193,-0.01330525415728466
2014-01-14,-0.004574511546806707,-0.0012183638718385103,0.010897242135090704
2014-01-15,0.005390603962980949,0.0007539272737970477,0.005390603962980949
2014-01-16,0.006708744741409306,0.0021907842115844495,-0.001299679623822116
2014-01-17,0.004188021593705961,0.0032378656653664567,-0.004230093992216653
2014-01-21,0.0007589740512258779,-0.0022408712987429576,0.0029409592884921225
2014-01-22,-0.002463100722213741,-0.002054224114925193,0.0006513801282634217
2014-01-23,0.014149832485087877,0.009431568148233054,-0.008192951974563429
2014-01-24,0.006461559042188737,-0.0032511831886965882,-0.021335884756507034
2014-01-27,-0.006978662844996315,-0.007664252018522236,-0.0049192707919336566
2014-01-28,0.0059548433635917995,0.0026875315973563085,0.0059548433635917995
2014-01-29,-0.00960525843883567,0.004055696975897145,-0.00960525843883567
2014-01-30,-0.0028738767905585228,-0.00524288344992712,0.01060022676996382
2014-01-31,0.006694337792026267,0.0013538376539640922,-0.005858092059725396
2014-02-03,0.012184215805336006,-2.6315863033124845e-05,-0.022505509921558222
2014-02-04,-0.010611068800016098,-0.002213798406840938,0.007004735425202052
2014-02-05,-0.00125411784262094,-0.002671012283416497,-0.00125411784262094
2014-02-06,-0.004292752634177556,0.0027763878505601284,0.01318665415597259
2014-02-07,0.012395938235197421,0.006989864959121189,0.012395938235197421
2014-02-10,0.0018367341163063372,0.0036075395517011087,0.0018367341163063372
2014-02-11,-0.005789299774878988,0.005720454498343904,0.010943388172163837
2014-02-12,0.0004948035280185458,-0.0013158789985038032,0.0004948035280185458
2014-02-13,0.005163024420095962,0.00646931572948054,0.005163024420095962
2014-02-14,0.005518716771255305,0.00655480272486742,0.005518716771255305
2014-02-18,0.0011959176070594996,0.0017992684652666474,0.0011959176070594996
2014-02-19,-0.004213503615651844,-0.0066227932667821225,-0.00662197767935866
2014-02-20,-0.0024432994248758215,0.004808240476943658,0.005901017592120491
2014-02-21,-0.0011404615247688102,0.0012471384864472827,-0.0011404615247688102
2014-02-24,0.005546177416635825,0.00485590573936995,0.005546177416635825
2014-02-25,-0.0003783868680302069,0.0033047083366132836,-0.0003783868680302069
2014-02-26,5.4308625218491e-05,-0.0012312676291238174,5.4308625218491e-05
2014-02-27,0.005467477489995409,0.0037560077106663196,0.005247476976634802
2014-02-28,0.0025292117675139235,-0.0005255513856074134,0.0025292117675139235
2014-03-03,0.006675604250327968,0.006854985011999115,-0.007032060294791289
2014-03-04,-0.015041632560198318,-0.00456903784035264,0.014055389319561537
2014-03-05,0.0009061462418626185,0.0015570937036463461,0.0009061462418626185
2014-03-06,0.002290549721901894,0.0008474999530529007,0.002290549721901894
2014-03-07,-0.00628859396439507,-0.004718130794917284,0.00042505619709300787
2014-03-10,-0.0005307193463056811,0.0003873676236293288,-0.0005307193463056811
2014-03-11,0.0026407533002041398,0.0011039768811711497,-0.004942965170527923
2014-03-12,0.006959824637982055,0.007319112658885984,0.00026707093796414467
2014-03-13,-0.011213280511319798,0.0018335163133926542,-0.011213280511319798
2014-03-14,0.00018468942554631507,0.0014406655632477837,-0.0028077777283941727
2014-03-17,-0.007463831707246697,-0.0032786205795499903,0.009043497807791304
2014-03-18,0.0071380971118805816,0.0009079402733721505,0.0071380971118805816
2014-03-19,-0.005328877029766998,-0.010877556695847576,-0.005328877029766998
2014-03-20,-0.0017719157685419816,0.0007655647167230015,0.005839016292742177
2014-03-21,-0.0038783057435478317,0.0038628202994508004,-0.0038783057435478317
2014-03-24,0.007113925851904347,-0.004979060253712253,-0.0041350943855282315
2014-03-25,-0.003761937249263941,0.0009218803051995451,0.00474574838341588
2014-03-26,-0.007192537273325299,-0.00240600576090381,-0.007192537273325299
2014-03-27,0.005025676311046967,-0.0011536748119185712,-0.002108565153852198
2014-03-28,0.004930245939343135,-0.00035267386614600796,0.004930245939343135
2014-03-31,0.008194285229057864,-0.0005830724723072766,0.008194285229057864
2014-04-01,0.006630790950255187,-0.0012319214739137095,0.006630790950255187
2014-04-02,0.0033468961599593294,0.0017338742336533946,0.0033468961599593294
2014-04-03,0.0043813087426207474,-8.464549490063734e-05,-0.001323729888419096
2014-04-04,0.006683329727208181,0.0026792303012204604,-0.011822001372205394
2014-04-07,0.005992678458483165,-0.0034500135878086187,-0.01105163451765212
2014-04-08,0.0023827920766445587,0.005335007605761427,0.004122804251479749
2014-04-09,0.01075099217836144,0.0025009593058930523,0.01075099217836144
2014-04-10,-0.02100577604469374,-0.0020352812526040747,-0.02100577604469374
2014-04-11,0.008102767862957928,-0.0004283862562101319,-0.009009109539494353
2014-04-14,-0.0026189803308339465,0.004120896242099565,0.007878408277023937
2014-04-15,0.006887472499719205,-0.0019863575005759923,0.006887472499719205
2014-04-16,0.010477876430503939,0.003975383091143224,0.010477876430503939
2014-04-17,0.0013971848171575865,-0.0053442208634292415,0.0013971848171575865
2014-04-21,0.0034873340309677647,-0.0004898692645969184,0.0034873340309677647
2014-04-22,0.004544496233203875,0.0014007164377500781,0.004544496233203875
2014-04-23,0.005709948240735881,0.0010842301782531061,-0.002342056398969553
2014-04-24,0.0018926392117965963,0.0034511782150497953,0.002027151526500582
2014-04-25,0.001439199227343684,9.025251734860957e-05,-0.008198820191691145
2014-04-28,-0.004850763719174528,-0.002062478401467361,0.0031669092956229375
2014-04-29,-0.0013535437941812434,0.0010280785821702618,0.0046557498375036565
2014-04-30,0.0029827859116546038,0.0006743402859247906,0.0029827859116546038
2014-05-01,0.00010634640069709237,0.0024844968426139514,0.00010634640069709237
2014-05-02,-0.001433930711536004,0.004966040758275469,-0.001433930711536004
2014-05-05,0.0019141877928100994,0.001692207805901215,0.0019141877928100994
2014-05-06,0.004017456490246787,-0.0021735306461345277,-0.008704169978515178
2014-05-07,-0.0035570694357927343,-0.004084704537882643,0.005889236810606177
2014-05-08,-0.0010643016229202,-0.0017925175799898068,-0.0010643016229202
2014-05-09,-0.0032258691105074653,-0.0007740797646711803,0.0014920493968859072
2014-05-12,0.00973634639952607,0.00413885165003584,0.00973634639952607
2014-05-13,0.0008956108940666852,0.002266049501745564,0.0008956108940666852
2014-05-14,0.010827252278876973,0.005257484227574707,-0.004738097701153925
2014-05-15,0.007967337573523121,-0.0029864908250068524,-0.008780133948938819
2014-05-16,-0.0028098110776226,-0.0005313190362623123,0.0034686392129932297
2014-05-19,0.003669137653436943,-0.0010813439841161072,0.003669137653436943
2014-05-20,0.002219032315657884,-0.0010513613181866392,-0.006304850269989273
2014-05-21,-0.006109349779229351,-8.305969259987623e-05,0.008424512318486017
2014-05-22,0.0024320903871900925,0.0010775651852408415,0.0024320903871900925
2014-05-23,0.00535240213349384,0.00270083383318916,0.00400863779305455
2014-05-27,0.006146217381620367,-0.0030513556106120726,0.006146217381620367
2014-05-28,0.012349553334170187,0.002203223295547469,-0.0007307731470240757
2014-05-29,-0.005314746417817841,-0.0007724998951704047,0.005173138830080367
2014-05-30,0.0016111431962121535,-0.0009623673510545677,0.0016111431962121535
2014-06-02,0.0011419168944530307,-0.00411772714825063,0.0011419168944530307
2014-06-03,-0.012305726607928558,-0.0034003980832537344,-0.0005184964419712099
2014-06-04,-0.00026862553523639675,-0.0001058107343998991,0.0020229322714495593
2014-06-05,0.0004480534386012689,0.004854291565228891,0.006522432898530179
2014-06-06,0.004782594272921358,0.0014745587645824847,0.004782594272921358
2014-06-09,0.0010237338886915194,-1.18114888851822e-05,0.0010237338886915194
2014-06-10,-0.00367950913494218,0.0008830382470252701,0.0001021057073062225
2014-06-11,-0.0034766080054971617,-0.0005355441937661375,-0.0034766080054971617
2014-06-12,0.008901776438336494,0.003920713638920726,-0.0070800216177402805
2014-06-13,-0.0005353311397983428,0.0017253770968181901,0.003048374045493851
2014-06-16,0.0008244927669497765,-0.00039585684078700804,0.0008244927669497765
2014-06-17,-0.007915629579305495,-0.0020512491514429673,0.0027792125670552913
2014-06-18,0.007339588166536971,0.006058958944726637,0.007339588166536971
2014-06-19,0.001121087158363991,0.007916139254970884,0.001121087158363991
2014-06-20,0.007570096099463963,0.0019015905499827576,0.0020302795475628187
2014-06-23,-0.003130516436599502,-0.00015781858980839448,-0.0003062963909027073
2014-06-24,0.010139044261821429,0.001589772800431686,-0.006023959792759748
2014-06-25,0.0025760154648396733,0.002360465747809624,0.004519999064523703
2014-06-26,-0.000716197728586376,0.0006050992938845378,-0.000716197728586376
2014-06-27,-0.0014988671901359437,-3.0230654014020905e-05,0.0019448401770676123
2014-06-30,-0.0005110925086016896,0.0043669440029150556,-0.0005110925086016896
2014-07-01,-0.008372546052256229,-0.0014448250018962551,0.006693462765706472
2014-07-02,0.0010147712005394124,-0.0031967545664827336,0.0010147712005394124
2014-07-03,0.004918269022881498,-0.0009357075400996352,0.004918269022881498
2014-07-07,-0.0034814903181406786,0.0008495958662935539,-0.0034814903181406786
2014-07-08,0.011212583266532985,0.0016552349958239418,-0.006429943678821975
2014-07-09,0.0007978286182687416,0.0037797476473318214,0.004484338194948403
2014-07-10,-0.003957259327156056,0.0005815442304116672,-0.003957259327156056
2014-07-11,0.006379727599887323,0.0032003661252592358,0.0013755260160898321
2014-07-14,0.005035148655911035,-0.0076884077089430765,0.005035148655911035
2014-07-15,-0.001872487979036963,-0.004419556221639854,-0.001872487979036963
2014-07-16,0.005316455432767285,0.004187376084882349,0.003701853737037685
2014-07-17,-0.011366452665437562,0.005917562557905365,-0.011366452665437562
2014-07-18,-0.0032213610078344664,-0.00018206732158545678,0.010219304113190518
2014-07-21,-0.0018714459092949059,0.0015912414917930722,-0.0018714459092949059
2014-07-22,0.0020847827740579205,0.0006067125281143591,0.004357967233919102
2014-07-23,0.0022199961791734783,-4.427496433675516e-06,0.0022199961791734783
2014-07-24,5.0355508953714434e-05,-0.005795456178158648,5.0355508953714434e-05
2014-07-25,0.011809791916132113,0.006148020898055501,-0.004681887105439538
2014-07-28,-0.0013834699112600373,-0.0008773312803464354,0.0004048130181976431
2014-07-29,-0.0042970746003698984,-0.0011961171831970146,-0.0042970746003698984
2014-07-30,-0.013887398787312552,-0.005636780224460542,0.0001522680357081773
2014-07-31,-0.0029734138197483172,-0.011408875523262384,-0.019748345983298485
2014-08-01,0.007740780653527853,0.004236072335330479,-0.0030558870016701655
2014-08-04,-0.002618811796522539,0.00046448670176245333,0.007221218588513354
2014-08-05,-0.009696447972354284,-0.002473184070726152,-0.009696447972354284
2014-08-06,0.0006104817827107717,0.005160071601225204,0.00031285717617959163
2014-08-07,-0.005414943405524455,0.002699874125022857,-0.005414943405524455
2014-08-08,-0.0021589670437676674,0.0030781959665081675,0.011568962793728684
2014-08-11,0.0028976471452839313,0.000311785915503963,0.0028976471452839313
2014-08-12,-0.0013931688505624306,-0.0025498295081499605,-0.0013931688505624306
2014-08-13,0.006535760320876643,0.0049737018708739394,0.006769304054099688
2014-08-14,0.004721526573289121,0.0045395233403877685,0.004721526573289121
2014-08-15,-0.00020419472397821567,0.0013842665951684025,-0.00020419472397821567
2014-08-18,-0.009939824620171267,-0.0019611681936322948,0.008379414455495766
2014-08-19,0.00521883743784231,-3.3137979689930666e-05,0.00521883743784231
2014-08-20,0.002671452705880573,-0.0008676184848793803,0.002671452705880573
2014-08-21,0.0029155705992502676,-0.0006994142002640482,0.0029155705992502676
2014-08-22,0.005572740494918757,0.0021684826204214484,-0.0015537307404270067
2014-08-25,0.0050703648976350695,0.001781369508527457,0.0050703648976350695
2014-08-26,-0.003228174952394077,0.0007413447068333508,0.0006494276423698251
2014-08-27,0.008522046220252556,0.0026519075401255335,-0.00039916626882005514
2014-08-28,0.00523850143805954,0.0033776846000617743,-0.0005491776314256822
2014-08-29,0.0006720754314050433,0.0008164273015896058,0.0028483788399801518
2014-09-02,-0.017250157016382793,-0.011863869534501746,-0.0004987334086764412
2014-09-03,0.005568237139316109,0.003022796148256327,-0.0005484711877275312
2014-09-04,-0.01218217922864993,-0.0063540664942878635,-0.0014464837767364184
2014-09-05,-0.0018978232069519158,0.0024757504219483184,0.0044957125189821175
2014-09-08,-0.0025859550755724134,-0.004358199277751943,-0.0025859550755724134
2014-09-09,-0.0007771096476111467,-0.0020193081478562572,-0.006331306690006907
2014-09-10,-0.006310328738217989,-0.002492040927266518,0.0037633110920820114
2014-09-11,0.001149245276700747,-0.0028721946556182114,0.001149245276700747
2014-09-12,-0.010472851308895468,-0.008449225811237098,-0.005841276703185389
2014-09-15,0.0014994134746503804,0.0009588098698243108,-0.0007534739930578802
2014-09-16,-0.004051393245338801,0.001767319114605233,0.007538451928969093
2014-09-17,0.0013470275706412688,-0.003955143829615079,0.0013470275706412688
2014-09-18,0.0031911232486353685,0.003552880324417801,0.005330013319223275
2014-09-19,-0.0009012715168518983,0.0019408306360636947,-0.0009012715168518983
2014-09-22,0.0012217481743305315,-0.002922086471677329,-0.007722646995726192
2014-09-23,0.006188322214229561,0.0021769147769451673,-0.005724369029012677
2014-09-24,-0.0055439322073327,-0.0007108705817079858,0.007827745876538063
2014-09-25,-0.01613602216463339,-0.0006608688311073741,-0.01613602216463339
2014-09-26,-0.001463403124670162,0.0012767484342189397,0.00794579651574698
2014-09-29,-0.0018189016345804532,0.0019866329011830053,-0.0018189016345804532
2014-09-30,-0.005643937580243539,-0.005064761965895081,-0.0026324764432569072
2014-10-01,0.019390537676380992,0.0035525265174840177,-0.013551799557588057
2014-10-02,-0.008711756766374189,-0.002985011698563266,0.00015406501792255062
2014-10-03,0.01100955619769141,-0.0010513427436634965,0.01100955619769141
2014-10-06,-0.0011702335901935805,0.003887180461225932,-0.0011702335901935805
2014-10-07,0.013500656662480893,0.000388357794704074,-0.015436773566797473
2014-10-08,0.00025099777609044965,0.008954838503832274,0.01748985936662166
2014-10-09,-0.01983327478337531,-0.007509179637717366,-0.01983327478337531
2014-10-10,0.009926617295538117,-0.0004719438154188395,-0.011414707050723928
2014-10-13,0.006080424203160215,-0.0005275319923276761,-0.016426798455916377
2014-10-14,0.006540998331408344,0.002949752802932054,0.0015475512731665815
2014-10-15,-0.006766186031570975,0.0017454870319709376,-0.006766186031570975
2014-10-16,-0.006365928083278986,-0.001836428744250135,-0.0008581481078148013
2014-10-17,-0.005585026863644896,0.0011004087924285037,0.011810892494661959
2014-10-20,0.00970940191830585,0.0066300146477513925,0.00970940191830585
2014-10-21,0.01981117949953297,0.004159964031621747,0.01981117949953297
2014-10-22,-0.007111093840462459,-0.0038386853361023305,-0.007111093840462459
2014-10-23,-0.008867217527596557,-0.0016130203671997916,0.011625118182981996
2014-10-24,0.007694909827583083,0.0023631329763083857,0.007694909827583083
2014-10-27,-0.0013743614358757165,-0.0006458979962401526,-0.0013743614358757165
2014-10-28,-0.006252993078147849,0.0017395485259729718,0.011470415533874668
2014-10-29,-0.0015122134665357186,-0.004502756226778574,-0.0015122134665357186
2014-10-30,0.0008369051577274619,-0.0010503955310902347,0.006410458354663741
2014-10-31,0.011435440446636745,-0.004242221118254622,0.011435440446636745
2014-11-03,0.000545748056169636,-0.0013272033933476096,0.000545748056169636
2014-11-04,0.003110641454382889,8.69679908140871e-05,-0.0034695246977629185
2014-11-05,-0.0014244751749386312,-0.005573664160606667,0.00631645849682595
2014-11-06,0.004002838449795125,-0.0005564420796137926,0.004002838449795125
2014-11-07,0.0009354592546279536,0.013365976701138935,0.0009354592546279536
2014-11-10,0.00314740746526131,-0.009395448410265128,0.00314740746526131
2014-11-11,0.0009808260392875977,0.005248201770876459,0.0009808260392875977
2014-11-12,-0.000841695229218326,-0.002237718824122429,-0.0010777513886726408
2014-11-13,0.00236030039960063,0.0016685672407570507,0.001127363784692852
2014-11-14,0.004877337972761035,0.00998122732165955,0.00024506809554519836
2014-11-17,0.0006365298274565971,-0.0018477141470513675,0.0006365298274565971
2014-11-18,0.0027682116350568266,0.005780453305695172,0.005774112851595554
2014-11-19,-0.0016057167818865567,-0.006628765333513944,-0.0016057167818865567
2014-11-20,0.005221143508140601,0.005775693794330582,0.001754294341843967
2014-11-21,0.005350615335671873,0.005328312491961035,0.005350615335671873
2014-11-24,0.0028063476337291692,0.0004024931447811521,0.0028063476337291692
2014-11-25,-0.0007235970426623099,0.0032874244784701083,-0.0007235970426623099
2014-11-26,0.00255854895978233,0.001123389870684035,0.00255854895978233
2014-11-28,-0.0021189598194693016,-0.00689289832994606,-0.0021189598194693016
2014-12-01,-0.005833477897255099,0.00902950089698877,-0.006949584806189841
2014-12-02,-0.009711710585485842,-0.005312335389830907,0.00646361701299831
2014-12-03,0.003863220243557479,0.006084901347361411,0.003863220243557479
2014-12-04,-0.0011065880633233886,0.0010364741559175446,-0.0011065880633233886
2014-12-05,0.0016372568970028092,-0.005639810285174492,0.0016372568970028092
2014-12-08,-0.006682634428944626,0.005784790684585342,-0.006682634428944626
2014-12-09,0.005139314217676253,0.00856486912212975,-0.0006774162024469044
2014-12-10,0.00730573247262465,-0.003485511346782475,-0.016031056139778836
2014-12-11,0.004109906314874557,0.002209750457029448,0.005069387040834169
2014-12-12,0.01356224018798308,-0.0015043681536399994,-0.016161121993424146
2014-12-15,-0.0020584510573362466,-0.011712308276862055,-0.00686967959741124
2014-12-16,-0.008019712298093161,0.0033295901101287988,-0.008019712298093161
2014-12-17,-0.009012178505661265,0.001074868246322946,0.019604928121395446
2014-12-18,0.024728967853915748,0.004466043347882484,0.024728967853915748
2014-12-19,0.004254555414095362,0.004774404197336902,0.004254555414095362
2014-12-22,0.004600316324297984,-0.0045159143976816266,0.004600316324297984
2014-12-23,0.0013493785468487798,-0.005720677455744588,0.0013493785468487798
2014-12-24,9.629875769268104e-05,0.001939514519245815,9.629875769268104e-05
2014-12-26,0.003224853107411877,0.008380858022467843,0.003224853107411877
2014-12-29,0.007475566505130217,-0.0004457165597851106,0.0013433649972679988
2014-12-30,0.002712164726826818,0.0036009907518118165,-0.0053660741445766364
2014-12-31,0.0019096357546925335,-0.007332711791898912,-0.00992282258983763
2015-01-02,0.011118170665131733,0.004995020396934932,-0.0005352928863655328
2015-01-05,-0.018059984373233827,0.00430409538721111,-0.018059984373233827
2015-01-06,0.018016854342741407,0.006896283590019595,-0.009418466817780198
2015-01-07,-0.001974865063013192,0.0013035847805517291,0.012460968758736167
2015-01-08,0.017745083304373046,-0.0002182391215171395,0.017745083304373046
2015-01-09,-0.008013650686616448,0.0048724040468701765,-0.008013650686616448
2015-01-12,0.00572226386014993,0.0031357904474674653,-0.007833561021580806
2015-01-13,0.0,-0.0020460473649379154,-0.002812809390117929
2015-01-14,0.007585529237584065,0.00010835793958183996,-0.006037033035161117
2015-01-15,0.015735828775468003,0.011005634212289474,-0.009160903069388542
2015-01-16,-0.01274945164445804,0.004171278392386844,0.013114479902101807
2015-01-20,0.002132670267536597,0.009925003488132024,0.002132670267536597
2015-01-21,0.005047798853800222,-0.002274950077587109,0.005047798853800222
2015-01-22,0.01487149571922259,0.006266831364357978,0.01487149571922259
2015-01-23,-0.005483136230233747,0.00012335430017495715,-0.005483136230233747
2015-01-26,-0.003042850133949047,-0.003744938111702137,0.002341885338013198
2015-01-27,-0.013190554792386011,0.0002850554033048177,-0.013190554792386011
2015-01-28,0.0163483902213761,-0.0012083535793620376,-0.012824549951690321
2015-01-29,-0.006580049080630894,-0.006853740673609433,0.009243980272272495
2015-01-30,-0.012575305598472966,0.009748501625885347,-0.012575305598472966
2015-02-02,-0.0037745152627412138,8.879182175212247e-05,0.012384339936252372
2015-02-03,0.014460981523979993,-0.005847693808740636,0.014460981523979993
2015-02-04,-0.0038078325159713383,0.0006870351222893322,-0.0038078325159713383
2015-02-05,-0.010979083689554314,0.0004372358169237277,0.01009505364550332
2015-02-06,-0.0027653666682977214,-0.015229237371829065,-0.0027653666682977214
2015-02-09,-0.0016038767681063758,-0.0006262375689909866,-0.0044758059515286035
2015-02-10,-0.007953856002138868,-0.0007745085039128673,0.010653445700710949
2015-02-11,0.0005800613771750524,-0.00306490369175327,0.0005800613771750524
2015-02-12,0.009617062736272152,0.0030910102927449836,0.009617062736272152
2015-02-13,0.004116418013384958,-4.820654696131182e-05,0.004116418013384958
2015-02-17,0.0015732451461300772,-0.009633779943910565,0.0015732451461300772
2015-02-18,0.00594058845811178,0.0028224992377769344,9.477747120167912e-05
2015-02-19,-0.0007136647458318732,-0.0034560451241923834,-0.0007136647458318732
2015-02-20,0.006000895049349527,0.0012565654729229199,0.006000895049349527
2015-02-23,-0.0001428048855885708,0.003976664608343862,-0.0001428048855885708
2015-02-24,0.013125389171026524,0.004725386248798967,0.0028412872642355575
2015-02-25,-0.0008498141816403564,0.0022892100443977913,-0.0008498141816403564
2015-02-26,-0.013667436992192713,-0.0037913996373928746,-0.0011814468416132973
2015-02-27,0.008407925750856004,0.001687269537769595,-0.0034062595229452787
2015-03-02,0.006313608294793388,-0.00548184395086334,0.006313608294793388
2015-03-03,-0.004103773695885827,-0.0031825607439397597,-0.004103773695885827
2015-03-04,0.00031614928184262264,-0.002358803499654648,-0.004215970603791994
2015-03-05,-0.0012651094519900877,-0.0003681493786045481,0.001094327824906037
2015-03-06,-0.01406474316235391,-0.021128065800355415,-0.01406474316235391
2015-03-09,0.009230969047590663,0.004769813761548124,0.004144945519414409
2015-03-10,-0.016222051840916026,-0.0027746631052069856,-0.016222051840916026
2015-03-11,0.007285729217577383,-0.00031957762498682264,-0.002341680828290335
2015-03-12,-0.00070774219853712,0.003915807433954934,0.012713996769198698
2015-03-13,-0.006132422542831937,-0.0026266172237182305,-0.006132422542831937
2015-03-16,0.009627241604085816,0.007517118664608061,0.013360777059275578
2015-03-17,-0.0029728497962923546,3.094389550365459e-05,-0.0029728497962923546
2015-03-18,0.019302482357258052,0.016948532199295017,0.012021813848914287
2015-03-19,-0.004561678286126952,-0.0034952876776473425,-0.004561678286126952
2015-03-20,0.005274140379710456,0.008454061829869785,0.008827099233444031
2015-03-23,-0.001948415243193946,0.001002632382980997,-0.001948415243193946
2015-03-24,0.009668128499189238,0.0022013851154547414,-0.00561924145976435
2015-03-25,-0.008444635047243342,-0.007272963183952774,-0.014653662169355191
2015-03-26,-0.015589605792060448,-0.003930886225615852,-0.002381605915277655
2015-03-27,0.012437195076370783,0.0037249845434597006,0.002289635279090128
2015-03-30,0.012199880237690329,-0.0014527694217561548,0.012199880237690329
2015-03-31,-0.008739591797373181,-0.0024445651889900876,-0.008739591797373181
2015-04-01,0.013135097696600888,0.008889032202914055,-0.003536404655563783
2015-04-02,0.0035977706535423736,-0.003292606306833758,0.0035977706535423736
2015-04-06,0.006733229264131332,0.004488913208748285,0.006733229264131332
2015-04-07,0.00838477193627964,0.00019496396938006747,-0.0026462716594082745
2015-04-08,0.0003049440358659299,-0.0006379931048116983,0.0033767489730189594
2015-04-09,0.004423484071345466,-0.00515613198737911,0.004423484071345466
2015-04-10,0.005457090176374806,0.00611211670866173,0.005457090176374806
2015-04-13,-0.0045230830198237666,-0.003471433332424728,-0.0045230830198237666
2015-04-14,0.007087365979450279,0.0009377205951292668,0.0019132202622973438
2015-04-15,0.004487201152833315,0.004107389004196663,0.004487201152833315
2015-04-16,-0.00028508555931525657,-0.0028960825620572726,-0.00028508555931525657
2015-04-17,-0.011503449146453243,0.0015579044032254744,-0.011503449146453243
2015-04-20,-0.0088248075144573,-0.0024512834901268053,0.00913663968416935
2015-04-21,-0.001191256477177712,2.3736415724636903e-05,-0.001191256477177712
2015-04-22,-0.015266221166616419,-0.007877724877632029,0.00491390402146223
2015-04-23,0.0025165344573655915,0.0046940219413969695,0.0025165344573655915
2015-04-24,0.002320527119527596,-0.0018761286244350726,0.002320527119527596
2015-04-27,-0.004157789908309519,0.0052488467149318044,-0.004157789908309519
2015-04-28,-0.013790451506097003,-0.000530345130970064,0.0031785232763045803
2015-04-29,-0.004114430287439476,-0.007735562675159682,-0.004114430287439476
2015-04-30,0.0017492330983325736,-0.008826642259996045,-0.010020531377338514
2015-05-01,-0.013461158282428682,-0.0020187785040121156,0.010841849169024887
2015-05-04,0.0028469311095035694,0.0008545545073294615,0.0028469311095035694
2015-05-05,-0.0013844759850195848,-0.0033845343035488686,-0.011451823286081766
2015-05-06,-0.017120383178992372,-0.007153018441857806,-0.004116653390831421
2015-05-07,0.013437930240746748,0.0028960050228863552,0.003989578352548262
2015-05-08,0.0027002809488513423,0.006949109343247762,0.013165918751849956
2015-05-11,-0.004772447519241526,-0.010831000198124151,-0.004772447519241526
2015-05-12,0.0025933152386487927,0.0026985075105714932,-0.0029913635804779764
2015-05-13,-0.008011077544554249,0.0035760428340050098,0.00019040594038497637
2015-05-14,0.0026923342421951626,0.006242103424543226,0.010427600628202428
2015-05-15,0.00108354586680075,0.007736392752385625,0.00108354586680075
2015-05-18,0.0031072235827993007,-0.004351591885285245,0.0031072235827993007
2015-05-19,-0.008866365424205228,-0.0076881878109105566,-0.0003289790783287167
2015-05-20,0.001688246736379456,0.0008529279092255015,-0.0007037565596248905
2015-05-21,0.013985752552820115,0.004264268597549364,0.0029123834089865687
2015-05-22,-0.0023886411285067646,-0.000946927832008325,-0.0023886411285067646
2015-05-26,0.01710961991648964,-0.0031649539076164645,-0.010751653883073128
2015-05-27,0.0022863256971856413,0.0038961333042745257,0.009491953381301071
2015-05-28,-0.0011280857646072983,-0.00079717990036024,-0.0011280857646072983
2015-05-29,0.0022050098977734627,-0.001160533161522765,-0.0062132532841412975
2015-06-01,-0.010747585943080815,-0.003195675955690414,0.0020369689038656855
2015-06-02,-0.01395166821838094,-0.003599827500335462,-0.0009927704475854377
2015-06-03,-0.01607594086549065,-0.0067845952011268045,0.0026494966521934046
2015-06-04,-0.008446612785216938,-0.001011352427740027,-0.008446612785216938
2015-06-05,-0.01218006917659714,-0.0063609390923468016,-0.0017131303908928155
2015-06-08,-0.006149850788507673,-0.0014568656345378237,-0.006149850788507673
2015-06-09,-0.007916646268653437,-0.001890614182536625,-0.0001437878446519231
2015-06-10,0.011993189651856282,0.004072764530581521,0.011993189651856282
2015-06-11,0.0032237610842395696,0.00629600132228349,0.0032237610842395696
2015-06-12,-0.007654966603753584,-0.0026825572949916617,-0.007654966603753584
2015-06-15,0.0016108909583686791,0.0005664708715770019,-0.004285535891647676
2015-06-16,0.00787209930790531,0.00318473527716886,0.005451785178433384
2015-06-17,0.0016171592421637911,-0.00042490011646642133,0.0016171592421637911
2015-06-18,0.010399112522433812,0.0062561932438175046,0.010399112522433812
2015-06-19,-0.004438995467572804,0.0020497730307759325,-0.004438995467572804
2015-06-22,-0.020406900939996125,-0.009272898121957225,0.005122931161518563
2015-06-23,0.0007080045017926011,-0.00391454980857138,0.0007080045017926011
2015-06-24,-0.007262765554440814,-0.0006083556721381972,-0.007262765554440814
2015-06-25,-0.0035057065944323804,-0.0026188073595895768,-0.003040517100919893
2015-06-26,-0.011240581484047102,-0.0033504489568254247,-0.00019037750297796322
2015-06-29,0.02646881245704348,0.0028835913240097353,-0.020970633890263685
2015-06-30,-0.006932923751314857,-0.003675188479533539,0.0020936218437307935
2015-07-01,0.008015495587543251,-0.0029843258394599576,0.008015495587543251
2015-07-02,-0.0009159670565853927,0.00012075367864412562,-0.0009159670565853927
2015-07-06,0.018534237402840905,0.006066712025045886,-0.002845676560617462
2015-07-07,0.009395427424332772,0.0014014265902768347,0.00628855369019812
2015-07-08,-0.016777441447877475,-0.0017355542366919302,-0.016777441447877475
2015-07-09,-0.01970184862975249,-0.005324999653113057,0.0018092320137157115
2015-07-10,-0.015857934459254163,-0.0007568406841394889,0.012591464975014004
2015-07-13,0.011037388561646322,0.0012049709399365254,0.011037388561646322
2015-07-14,0.004337983921514439,0.0018164816542311332,0.004337983921514439
2015-07-15,-0.0003323633755018418,0.0016647134760381526,-0.0003323633755018418
2015-07-16,0.00802412582007258,0.0038481534098339203,0.00802412582007258
2015-07-17,0.0008481027171526695,-0.0012595562929833678,0.0008481027171526695
2015-07-20,0.0005177501031882433,-0.009954880974447959,0.0005177501031882433
2015-07-21,0.00541381254222309,-0.0005219655141857212,-0.003951322067528505
2015-07-22,0.006225738240529733,-0.00020306730457564685,-0.0017950795166897515
2015-07-23,-0.0056294847293212645,0.0009229269136249237,-0.0056294847293212645
2015-07-24,0.002478136989029606,0.0003509774223623436,-0.010372446399288865
2015-07-27,0.005354125617414016,-0.0015728197011641424,-0.005816952787830212
2015-07-28,-0.007292296632214829,0.0020710231541667796,0.012283003009041463
2015-07-29,0.006879073578573036,0.0015042603451884665,0.006879073578573036
2015-07-30,0.00023748714117823808,5.645248766870684e-05,0.00023748714117823808
2015-07-31,-0.0015179942127664244,0.0040128972954518016,-0.0015179942127664244
2015-08-03,0.01052650511173219,-0.000252179455829745,-0.0033729907903743543
2015-08-04,-0.007931811839470403,-0.002654540145106179,-0.001954223145047291
2015-08-05,-0.0075060096652240305,-0.0026305091503514644,0.0032952329039743224
2015-08-06,-0.008187632779281325,0.0016914426264537752,-0.008187632779281325
2015-08-07,0.013118754289663753,0.004599883585389037,-0.0019197683523441414
2015-08-10,0.012599087282354237,0.0033466575381216356,0.012599087282354237
2015-08-11,-0.009023347644766937,0.004006617461588556,-0.009023347644766937
2015-08-12,-0.005450503173577486,0.0032491172775813587,0.0011982457303616038
2015-08-13,-0.0012446420734222423,-0.0042809070446531445,-0.0012446420734222423
2015-08-14,0.003642360813260246,0.0019485085004573104,0.003642360813260246
2015-08-17,0.005586993011845427,0.004231047612762913,0.005586993011845427
2015-08-18,-0.007870022592640896,-0.003652628669324214,-0.002896343039925173
2015-08-19,0.009874968892513025,0.005221701711112442,-0.007905866619158944
2015-08-20,0.010099160869742186,0.0025134352791938265,-0.020881356420610946
2015-08-21,0.003015621674218898,-0.006383780143729132,-0.030102568331257178
2015-08-24,-0.00031650971111203116,-0.015041709099798949,-0.04210660117782941
2015-08-25,-0.016064772627368978,-0.013475646798470416,-0.011767946388663615
2015-08-26,0.0383938047648737,0.00011086265617621209,0.0383938047648737
2015-08-27,0.024734970692426684,0.008141290853707621,0.024734970692426684
2015-08-28,5.051407253175988e-05,0.004118786314571557,5.051407253175988e-05
2015-08-31,-0.007683428308785248,-0.004757740418343495,-0.008079088184390949
2015-09-01,0.007206525177561879,-0.006382999747587841,-0.02984750433655057
2015-09-02,-0.008604886161293096,0.0014819109342798847,0.0189806268462626
2015-09-03,0.000716483532539192,-0.0005324654827706702,0.000716483532539192
2015-09-04,-0.015136927730119673,-0.0030262826503283705,-0.015136927730119673
2015-09-08,-0.0147539773434319,0.0033017790440930395,0.025131278329444364
2015-09-09,-0.013371840793806142,-0.007150989238272034,-0.013371840793806142
2015-09-10,-0.006751784011088173,0.0003009698113541851,0.005441842080315202
2015-09-11,0.004544260965369187,0.0029532284611168934,0.004544260965369187
2015-09-14,-0.0037105741036197112,-0.000529103387733145,-0.0037105741036197112
2015-09-15,-0.019164458192305438,-0.003290651494910234,0.012499800418882259
2015-09-16,0.008666424500703287,0.006059280200255484,0.008666424500703287
2015-09-17,-0.002248262444481383,0.006645441183978657,-0.002248262444481383
2015-09-18,-0.016341236278414974,0.0020371987679184116,-0.016341236278414974
2015-09-21,-0.016298497978899467,-0.00583577832725629,0.0051675598009996064
2015-09-22,-0.012980144160598584,-0.0020026772568696866,-0.012980144160598584
2015-09-23,-8.27800216961494e-05,0.0007688543282510767,-0.0015979881067769777
2015-09-24,-0.0036161105242725083,0.008093258125679199,-0.0036161105242725083
2015-09-25,-0.00864584503800357,-0.005069993643245251,-0.00025880628010142707
2015-09-28,0.017113786763610167,-0.006755375128609034,-0.02509767934550939
2015-09-29,0.0028315718757093884,-0.00020004712600823395,0.000585209358817583
2015-09-30,0.018658257020582606,0.0013482084787651448,0.018658257020582606
2015-10-01,0.0026090152212190094,0.0018866214245700334,0.0026090152212190094
2015-10-02,0.014938160648884737,0.014043181222512757,0.014938160648884737
2015-10-05,0.017794820403357926,0.0007681794844336121,0.017794820403357926
2015-10-06,-0.0034262861806243165,0.003590190589221551,-0.0034262861806243165
2015-10-07,0.00819064056980441,0.0011859331635856564,0.00819064056980441
2015-10-08,0.009026918690440292,-0.0013708712172915446,0.009026918690440292
2015-10-09,0.0005960428437802509,0.006342215312728418,0.0005960428437802509
2015-10-12,0.000943496386172673,0.00410791250015182,0.000943496386172673
2015-10-13,-0.006302176886494748,7.202442209760813e-05,-0.006302176886494748
2015-10-14,0.008750446573042941,0.007112661066178289,-0.0047940239042012665
2015-10-15,-0.004899412181705461,0.0019759344442759844,0.015354898217190643
2015-10-16,0.00454613796919129,-0.0007565967482994955,0.00454613796919129
2015-10-19,0.0004922810580888842,-0.0021272260884699717,0.0004922810580888842
2015-10-20,-0.00614911188919948,-0.00028182873630101443,-0.0012786205723442571
2015-10-21,0.009932380967917227,-0.0019405039768816993,-0.006203359613782111
2015-10-22,0.0016927925056526652,0.006158788927341499,0.01689381353637425
2015-10-23,0.010961483039620487,0.0004367764261648177,0.010961483039620487
2015-10-26,0.006655918873443392,0.0010669789375866373,-0.002457701794812845
2015-10-27,0.00250012034223493,0.0008844340746621815,-0.0019322342373118925
2015-10-28,-0.004021784694788199,-6.866133188095872e-05,0.011374558108948555
2015-10-29,-0.0005739642763657117,-0.00847034558246986,-0.0005739642763657117
2015-10-30,0.007549734300614282,-0.00037508368523666473,-0.004309950611770687
2015-11-02,-0.004595465607615405,0.00024648324517673485,0.011830859478947306
2015-11-03,0.0028995064218809846,-0.0066514189873845345,0.0028995064218809846
2015-11-04,0.0011581748895207996,-0.003749108924252996,-0.003033242096761343
2015-11-05,-0.0026427110794193798,-0.002236480663168927,-0.0009985486985717028
2015-11-06,-0.0005232957129345033,-0.009809768583347128,-0.0005232957129345033
2015-11-09,-0.009331502919811167,-0.004141479910180755,-0.009331502919811167
2015-11-10,0.002958500773113803,0.0010792128762002213,0.002306856142004448
2015-11-11,-0.00393176547513921,-0.003140968140773147,-0.00393176547513921
2015-11-12,0.004813337516246237,-0.003124807494540425,-0.013959671922556148
2015-11-13,0.005714455957498998,-0.0028088725935245967,-0.011228478793421273
2015-11-16,-0.0009192689800841435,0.005274350384959419,0.015207211049146307
2015-11-17,-0.0007295391453668319,-0.003989118737612396,-0.0007295391453668319
2015-11-18,0.002086872118417891,0.006389011285585389,0.01586565828919867
2015-11-19,-0.0008619848207978123,0.005479408788168065,-0.0008619848207978123
2015-11-20,-0.0030623301910185975,-0.0012481566745806037,0.0036438536008611103
2015-11-23,-0.0011464762599821834,-0.0019528927640894904,-0.0011464762599821834
2015-11-24,-8.257202297790034e-05,0.002557526835481001,0.0013392069870761193
2015-11-25,0.002317582016443798,-0.0007668356763858644,-0.00014323865290262803
2015-11-27,0.0011467692403505235,-0.003715396854824761,0.0011467692403505235
2015-11-30,0.003967572401167622,0.0020068500232278694,-0.0041517554994295195
2015-12-01,0.013507633000249692,0.008858547388828995,0.009535821010633055
2015-12-02,-0.010205123968313318,-0.008449435633617478,-0.010205123968313318
2015-12-03,-0.027183398547553674,-0.01034764353493918,-0.014002916375664911
2015-12-04,0.008784580698650383,0.016853341910814598,0.019503177135181904
2015-12-07,-0.006058650453286958,-0.003204517176927449,-0.006058650453286958
2015-12-08,0.0004932261024814424,-0.0015098456676795038,-0.006719523469089594
2015-12-09,-0.0010673557902446805,-0.0035763636651117195,-0.0077795433008837735
2015-12-10,0.0013149552878858935,0.0009939810987009126,0.002581208402054659
2015-12-11,-0.019381079001079094,0.0007399079467624867,-0.019381079001079094
2015-12-14,-0.012928878206417221,-0.0070883141802996355,0.005052391243628121
2015-12-15,0.01049745164185537,0.000542654461930784,0.01049745164185537
2015-12-16,0.01463224208246823,0.008152294910138589,0.01463224208246823
2015-12-17,-0.015238413148633115,-0.008640022701910222,-0.015238413148633115
2015-12-18,0.005549011230699185,0.0010854341510134783,-0.01781457621680658
2015-12-21,-0.00024402660591037173,0.006235684016019415,0.008248575883920983
2015-12-22,0.009074438015945957,-0.001273084495860926,0.009074438015945957
2015-12-23,0.01238332267977911,0.0005380098827391907,0.01238332267977911
2015-12-24,-0.001650305493202268,0.003788527769464598,-0.001650305493202268
2015-12-28,0.0029552681474962076,-0.002306251410637637,-0.002285031726627598
2015-12-29,-0.016613268205856985,-0.0023028320721523877,0.010672086557854212
2015-12-30,-0.007087885327405438,-0.005250818267478688,-0.007087885327405438
2015-12-31,0.00449840509071439,-0.0017020585178870462,-0.0100036307645198
2016-01-04,0.0072146151833577836,0.0024431553197383094,-0.013979376684022922
2016-01-05,-0.004033979461840886,0.0001538961030784189,0.0016912638532777474
2016-01-06,-0.012614074749280196,0.005234590409484114,-0.012614074749280196
2016-01-07,0.0017942986793617044,-0.0023105481621945693,-0.02399158265464626
2016-01-08,0.004479341895576636,-0.003486778177323843,-0.01097656180775056
2016-01-11,-0.01094359344337788,-0.00649637279501552,0.0009904084477633708
2016-01-12,0.008067959474696542,0.005683812444612052,0.008067959474696542
2016-01-13,-0.024940926703317042,-0.0028459608899071686,-0.024940926703317042
2016-01-14,-0.009360607036211912,-0.003757156415940241,0.016417075123030537
2016-01-15,-0.021466094091637505,0.002092932748050635,-0.021466094091637505
2016-01-19,-0.0031012080584237305,-0.001001215617846554,0.001331068499529533
2016-01-20,-0.012814955442686767,0.004293933077573841,-0.012814955442686767
2016-01-21,-0.006788870494268902,-0.0002827334820329969,0.0056021647053776285
2016-01-22,0.020515285492190387,0.0033266795705006458,0.020515285492190387
2016-01-25,-0.015116624382336172,0.0007169776393405655,-0.015116624382336172
2016-01-26,0.0004762495769294825,0.008296352591765742,0.013643174867744265
2016-01-27,-0.010883196809645924,-0.002127852528904285,-0.010883196809645924
2016-01-28,0.0014280833818316311,-0.0016618108141421956,0.005209292892870421
2016-01-29,0.024377094567848027,0.011746292377380967,0.024377094567848027
2016-02-01,-0.0003612952026593437,0.002287556868423543,-0.0003612952026593437
2016-02-02,-0.018022407463970457,0.00028391727490583406,-0.018022407463970457
2016-02-03,-0.008293792580872846,0.0027626985804665,0.005995165833608079
2016-02-04,0.0015681038555163881,0.006223622956005583,0.0015681038555163881
2016-02-05,0.0011667122123154964,-0.00042788365250457424,-0.019050395393852664
2016-02-08,0.021519869961803738,0.00753585225099825,-0.013460917520282214
2016-02-09,0.0010640687984083876,-0.00038764767761585874,5.388217140467333e-05
2016-02-10,0.008812912759961121,0.005411292645339078,-0.000862556329213233
2016-02-11,-0.01300822729639081,0.012335031485549312,-0.01300822729639081
2016-02-12,-0.01660245271357826,-0.0014653846460180135,0.020616966911755435
2016-02-16,0.016878258701435334,-0.00909695054737834,0.016878258701435334
2016-02-17,0.01633479472069437,0.005312340664248044,0.01633479472069437
2016-02-18,-0.004095902427269473,0.011221457782244744,-0.004095902427269473
2016-02-19,-0.0004683834570844289,-0.0019940361703706796,-0.0004683834570844289
2016-02-22,0.01447880342318639,-0.001839518866591579,0.01447880342318639
2016-02-23,-0.012629299718883227,0.0024547164301836222,-0.012629299718883227
2016-02-24,-0.0019778539571647788,0.001966543984377318,0.004575557924630189
2016-02-25,0.012111844504627715,0.0059677151793748814,0.012111844504627715
2016-02-26,-0.00230133822498446,-0.0063182014873703046,-0.00230133822498446
2016-02-29,0.004371094957362269,0.003482386202218565,-0.007842208784591131
2016-03-01,-0.01760864968079541,-0.0004784289080220529,0.023506494708733776
2016-03-02,0.0044928116566613704,0.005443571610154554,0.0044928116566613704
2016-03-03,0.003919368317119029,0.008260180833322668,0.003919368317119029
2016-03-04,0.0032537665189915225,-0.00151068168228493,0.0032537665189915225
2016-03-07,-0.0003110925853033413,0.0018377041531251561,0.0007981836918764305
2016-03-08,0.011045911291061382,-0.0017010294455212308,-0.010918157266471598
2016-03-09,-0.006077919924525857,-0.003099406086144856,0.004939732129824701
2016-03-10,0.0008022966126344145,0.004281212488965739,0.0008022966126344145
2016-03-11,0.016137380071718783,-0.003594572523222545,0.016137380071718783
2016-03-14,-0.0012822888637519024,-0.0037196316246526796,-0.0012822888637519024
2016-03-15,0.000938853297770315,-9.59265275735598e-06,-0.0016297441809310321
2016-03-16,0.002971659265834155,0.010314943473889247,0.005787363949498728
2016-03-17,0.00634366652514037,0.0022442648179365698,0.00634366652514037
2016-03-18,0.003929704556162809,0.0011256105211189323,0.003929704556162809
2016-03-21,0.0014191610351311907,-0.004298629499296951,0.0014191610351311907
2016-03-22,-0.0005376336518020363,0.0007056951432589575,-0.0005376336518020363
2016-03-23,0.011324650494427267,-0.006128988171804526,-0.006599611896272584
2016-03-24,0.00038625217039851595,-0.0008070188833215767,-0.00044225317492314924
2016-03-28,0.00059049324492032,0.0013875240838847579,0.00059049324492032
2016-03-29,0.010484818102566245,0.012662229193807271,0.009249883561362787
2016-03-30,0.004387583159848038,-0.006476230545798419,0.004387583159848038
2016-03-31,-0.002426441552929558,0.0029496995271090024,-0.002426441552929558
2016-04-01,0.0026081707078608614,0.0011281840483065252,0.006811735807649782
2016-04-04,-0.0032381519760245393,-0.003088786270855244,-0.0032381519760245393
2016-04-05,0.010935927504448714,0.0046036149585953895,-0.009987759969687976
2016-04-06,-0.007262100394028485,-0.000875963337446278,0.010921427486755059
2016-04-07,-0.011965806746795116,0.004860499583865745,-0.011965806746795116
2016-04-08,-0.006323773906247684,-0.001754871883049557,0.0026967747210013167
2016-04-11,-0.0023475311080230375,0.003304276876116487,-0.0023475311080230375
2016-04-12,-0.006902409211054338,0.0008044769895193464,0.009312929305000233
2016-04-13,0.010101001268287169,0.0009149585910051671,0.010101001268287169
2016-04-14,4.813265220438012e-05,-0.006236776600968331,4.813265220438012e-05
2016-04-15,-0.0011056992376881518,0.004769125768216202,-0.0011056992376881518
2016-04-18,0.007026487900843625,0.000396717246173415,0.007026487900843625
2016-04-19,0.0031544869901076102,0.005190113461591621,0.0031544869901076102
2016-04-20,0.0009529096385505305,-0.005016265448530605,0.0009529096385505305
2016-04-21,-0.005948332042016602,-0.0025046562663073187,-0.005378368272229432
2016-04-22,-0.002563916961723072,-0.00514604256888141,0.0
2016-04-25,-0.00172292237276086,-0.000974786259428718,-0.00172292237276086
2016-04-26,-0.0045375320949581745,0.0003510119041448891,0.0014859364295420816
2016-04-27,0.002058349138832325,0.0049059508983036884,0.002058349138832325
2016-04-28,-0.009075736703690482,0.004623563532458679,-0.009075736703690482
2016-04-29,0.0025573961379498533,0.005656956443651126,-0.005399073298830094
2016-05-02,-0.010068403634198917,-0.0018118620257566481,0.007948657888912724
2016-05-03,-0.008702962706102952,0.0004783016350053005,-0.008702962706102952
2016-05-04,0.005485635147400371,-0.0020496191666171826,-0.005578542064146174
2016-05-05,0.006684882349700897,0.0018099994817015392,-0.00019507511314097213
2016-05-06,0.003659184634253214,0.0027630527630441775,0.003659184634253214
2016-05-09,0.0008261858642476798,-0.00548107593075136,0.0008261858642476798
2016-05-10,0.012433894755824852,0.005073039132706644,0.012433894755824852
2016-05-11,-0.009354807249679731,0.0018319422435293378,-0.009354807249679731
2016-05-12,-0.004559353293053627,-0.004029722111556896,0.0002905449252038809
2016-05-13,-0.00871425186624373,0.001856086236805029,-0.00871425186624373
2016-05-16,-0.008617979576165044,0.0005628592840077776,0.009865300651903138
2016-05-17,-0.009333438758527702,-0.0014164883976428885,-0.009333438758527702
2016-05-18,-0.014235460254921688,-0.0104504480125495,0.0002928851241605889
2016-05-19,0.0043243369908249965,-0.00032503854272774267,-0.0034649975579547857
2016-05-20,0.0007690990517054662,0.0019325648284950624,0.006317163233138202
2016-05-23,-0.0013624238456068796,-0.00062577638512431,-0.0013624238456068796
2016-05-24,-0.0044472459876349745,-0.002808332237999865,0.012962614901847577
2016-05-25,0.006782457051570558,0.0001520709639723024,0.006782457051570558
2016-05-26,0.0002868575861356112,0.0007577172518563067,0.0002868575861356112
2016-05-27,0.004299307421253349,-0.0016436923267180285,0.004299307421253349
2016-05-31,-0.0019025662375942577,0.0013584293442981082,-0.0019025662375942577
2016-06-01,0.0040569060496002925,0.0016907463414285763,0.002049238882936927
2016-06-02,0.007207462426429276,0.002648878470497422,0.00304355153459516
2016-06-03,-0.002987018630639763,0.012961225410508174,-0.002987018630639763
2016-06-06,0.005088443855684585,-0.0007134751383858899,0.005088443855684585
2016-06-07,0.0024190348326877144,0.0010406158644903235,0.0015614120030979636
2016-06-08,0.005355855178730669,0.007834270982575393,0.003259673113991481
2016-06-09,0.0064535717210342574,0.0035789141836241917,-0.0013654284769502496
2016-06-10,0.004846643047220619,-0.00011407385139897142,-0.00947775835549611
2016-06-13,0.004451126608726116,0.0015070300169661524,-0.007711569505742454
2016-06-14,-0.0007382041950112802,-0.0005183928050913447,-0.001966759790024534
2016-06-15,-0.0013941934974046187,0.0033849718764859863,-0.0013941934974046187
2016-06-16,0.0029840888752136587,-0.0010209256492476368,0.0029840888752136587
2016-06-17,-0.003723830910492742,0.0010606302719702017,-0.003723830910492742
2016-06-20,-0.010691912214956498,-0.0036009724753737074,0.00643975094853253
2016-06-21,0.002838981462289477,-0.007238318976411451,0.002838981462289477
2016-06-22,0.0016471868389413462,0.00018964075888395408,-0.0016311382749775963
2016-06-23,-0.011438113436396983,-0.0018263598401745563,0.0130223930896149
2016-06-24,-0.03590894830778288,0.013653441842377382,-0.03590894830778288
2016-06-27,0.024967078863148404,0.004677240079359389,-0.01791004021855209
2016-06-28,0.018035987434122044,0.0024875574328251,0.018035987434122044
2016-06-29,0.017027778759738134,0.004099590841982772,0.017027778759738134
2016-06-30,0.013645695927371833,0.007281951192007257,0.013645695927371833
2016-07-01,0.002100032631828737,0.010441602933667974,0.002100032631828737
2016-07-05,-0.007193142015701066,0.004574626799649664,-0.007193142015701066
2016-07-06,0.0016160230355079118,0.004477700421909594,0.00599783331591358
2016-07-07,-0.0006202928551234191,-0.0014931596108125138,-0.0006202928551234191
2016-07-08,0.01489088252440445,0.009375430344700057,0.01489088252440445
2016-07-11,0.003526894720322376,-0.004941270200148193,0.003526894720322376
2016-07-12,-0.016439923637452156,-0.008605813905775436,0.007263366018816078
2016-07-13,0.011786027108854734,0.006908091290203262,-0.0001395062545303554
2016-07-14,0.005583195835765698,-0.0055377944880807845,0.005583195835765698
2016-07-15,-0.0013415916452309508,-0.004568793114828046,-0.0013415916452309508
2016-07-18,0.002687368843552451,0.0011256124153679412,0.002687368843552451
2016-07-19,-0.001016888797063896,0.0019506452366631526,-0.001016888797063896
2016-07-20,0.0041630063663952825,-0.005122441738377878,0.0041630063663952825
2016-07-21,-0.0037771505127023115,0.004365883609312795,-0.0037771505127023115
2016-07-22,0.0017325359236945869,-0.0003783337772538277,0.004485325245302532
2016-07-25,-0.00271610311313293,-0.003456079728638997,-0.00271610311313293
2016-07-26,0.001585994689901415,0.002066541723135785,0.00046170273388532754
2016-07-27,0.012453795296526004,0.009044506272720644,-0.001061161760556573
2016-07-28,0.0011548670128316164,-0.0011787087632617178,0.0011548670128316164
2016-07-29,0.001614072810946809,0.0067213435815530005,0.001614072810946809
2016-08-01,-0.0008287545572218606,-0.003269742362696401,-0.0008287545572218606
2016-08-02,-0.010303026483697172,-0.002826715977028098,-0.006407222395808254
2016-08-03,0.0005784182299743785,-0.0004490459615922429,0.0029229723001586074
2016-08-04,0.0010637937330632962,0.0033972285622372368,0.0010637937330632962
2016-08-05,0.008178898262034768,-0.00672004869662332,0.008178898262034768
2016-08-08,-0.0005956595589277239,0.00013061731802096462,-0.0005956595589277239
2016-08-09,0.009836478764822626,0.004798308747217669,0.0005960145807099841
2016-08-10,0.0038677246578577113,0.002005442015369469,-0.002475086569736569
2016-08-11,-0.008918384484112954,-0.0037094224336727067,0.00464038822581436
2016-08-12,-0.0008684247242484368,0.0017827087297685009,-0.0008684247242484368
2016-08-15,0.0028834621290682173,-0.0010146077470842966,0.0028834621290682173
2016-08-16,-0.00266628259005684,-0.0009853022901892767,-0.005157811890104162
2016-08-17,0.005997341733035376,0.002683489255130258,0.001881324588610664
2016-08-18,0.002243982182018599,0.0028598419891742517,0.002243982182018599
2016-08-19,-0.0014627095017677274,-0.005166772931239275,-0.0014627095017677274
2016-08-22,0.008434043165057942,0.002268295273082335,-4.557427106166578e-05
2016-08-23,0.0010725801425961327,0.0009820355483081743,0.002013638476274552
2016-08-24,-0.0023568010378976953,-0.006188225868011836,-0.005114499289300572
2016-08-25,-0.0037933276365536427,-0.0017815861834097897,-0.0006886567583417096
2016-08-26,-0.005820488535763985,-0.0030398541883510377,-0.001883735356781903
2016-08-29,0.013371419824019713,0.006749503704966402,0.004924778781489413
2016-08-30,-0.001648834035859081,-0.005147933276800402,-0.001648834035859081
2016-08-31,0.001431482836594614,-0.001140847054068484,-0.002844188698727579
2016-09-01,0.0011027682269275003,0.0017454577125113684,4.639429015673713e-05
2016-09-02,-0.008155544700294969,0.0021966652730342007,0.004507783125737329
2016-09-06,0.003022218663861259,0.00910409242861656,0.003022218663861259
2016-09-07,-0.0007159704174599967,-0.001426072271289323,-9.118995448187396e-05
2016-09-08,-0.01254189957688153,-0.006683803320978503,-0.0022829830815346707
2016-09-09,-0.01647360065339927,-0.01560703023319596,-0.02393517664946703
2016-09-12,0.0005162591428501745,0.004480373914054531,0.014347697436745537
2016-09-13,-0.014375520925708873,-0.010758188664188633,-0.014375520925708873
2016-09-14,0.00149255891755312,0.0015297724836183242,-0.0003752695438395168
2016-09-15,-0.004320825855188293,-0.00028701864017697176,0.009992959898989547
2016-09-16,-0.0038655726636711908,0.00048197469135149,-0.0038655726636711908
2016-09-19,0.0001874463253210676,-0.0002989481279844023,0.0001874463253210676
2016-09-20,0.0034997226526982113,0.0014815037865864977,4.710334867219501e-05
2016-09-21,0.008087153141539774,0.011350823645993623,0.011245144261825473
2016-09-22,0.006301570078240851,0.0054923320093546845,0.006301570078240851
2016-09-23,-0.005479191464525127,-0.0019258573030806066,-0.005479191464525127
2016-09-26,0.006359242114543493,-0.0008863857270282579,-0.008102206664280685
2016-09-27,0.007334863010873283,0.001977280305954808,0.006207945414738317
2016-09-28,0.0049635126056006285,-0.0001355535701405891,0.0049635126056006285
2016-09-29,-0.009047383790645529,-0.0025819812446579104,-0.009047383790645529
2016-09-30,-0.008936788850901035,-0.001614165941985227,0.007546331753829963
2016-10-03,-0.002404369873646743,-0.0027505261570319782,-0.002404369873646743
2016-10-04,-0.01169412685622453,-0.017168453685961486,-0.005097698032013961
2016-10-05,-0.004660703626058631,-0.000581864942891462,0.004425515310390014
2016-10-06,0.0006952256652418481,-0.004656902090907929,0.0006952256652418481
2016-10-07,-0.003429027093477006,-0.0007275064703135839,-0.003429027093477006
2016-10-10,-0.005899007295720274,0.0009462135353860131,0.005208399381125327
2016-10-11,-0.0022535182238699295,-0.006720739620474047,-0.012629734233280766
2016-10-12,0.0009787048348641558,0.0012918802466545063,0.0013122563945566468
2016-10-13,0.0037601603424628188,0.00093268749511779,-0.0032758411903815268
2016-10-14,-0.01401134661476482,-0.006333939678211319,0.0005165159164801401
2016-10-17,-0.003472409809421748,0.001812335767471986,-0.003472409809421748
2016-10-18,0.003247320846040092,0.005233157642189136,0.006262818502467272
2016-10-19,0.002666859485853143,0.003063447140632742,0.002666859485853143
2016-10-20,-0.0018666689956360917,-0.0012909289259976343,-0.0018666689956360917
2016-10-21,0.00046749832479759854,0.0009026962664749969,0.00046749832479759854
2016-10-24,0.004252663307860108,-0.0007416883614316792,0.004252663307860108
2016-10-25,-0.003350250885212519,0.002213625378399111,-0.003350250885212519
2016-10-26,-0.006762643229749858,-0.004769257228973841,-0.002008102982644595
2016-10-27,-0.01089409915999927,-0.0039054153495378494,-0.002666569714645763
2016-10-28,-0.002217863585649008,-0.00016840247124663796,-0.0029556342163948733
2016-10-31,0.006132478612650142,0.003012981582812435,4.7044585352651325e-05
2016-11-01,7.58601829959904e-05,-0.00023021623932152537,-0.007245112310099847
2016-11-02,0.0043509854351041774,0.0019466980155664632,-0.0060188268993255556
2016-11-03,-0.007675932875837046,-0.0022674006361314584,-0.0045769964226839025
2016-11-04,0.008960857466266885,0.0028640638745291353,-0.0011015972477142898
2016-11-07,-0.008501963273157154,-0.001755279854830847,0.02205675482668319
2016-11-08,0.004503941021559879,-0.001236428073285312,0.004503941021559879
2016-11-09,-0.042431987755172165,-0.010711799508326417,0.01060222951158101
2016-11-10,0.0024953236363258586,-0.00888423283866659,0.0024953236363258586
2016-11-11,-0.005622258736622608,-0.009985373639181483,-0.0023049802873365646
2016-11-14,0.0007856669315753112,-0.004429763960954089,0.0007856669315753112
2016-11-15,0.004945978602589747,0.007184106354845791,0.007802773020937038
2016-11-16,-0.001878269702316653,0.0012329306070415335,-0.001878269702316653
2016-11-17,-0.014713990486867024,-0.004609622422566712,0.005140664110091646
2016-11-18,-0.0022376958065218415,-0.004587849707392521,-0.0022376958065218415
2016-11-21,0.007551357945819244,0.004690944274663902,0.007551357945819244
2016-11-22,0.0019534763524031063,0.00047784604766595715,0.0019534763524031063
2016-11-23,-0.0038805298610501307,-0.007492800770316704,0.0005442004273609903
2016-11-25,0.0014916746892275012,-5.901814762466909e-06,0.003715267038099026
2016-11-28,0.007366012572972644,0.004037289504684113,-0.0046947809082128296
2016-11-29,0.004190981906334588,0.0005415823708756136,0.0019503093891074935
2016-11-30,-0.0023992956214104696,-0.010365872765518919,-0.0023992956214104696
2016-12-01,-0.010558524695480772,-0.005371054846055872,-0.003675453404452812
2016-12-02,0.0073273446804772895,0.004396391619087257,0.0005010841942394096
2016-12-05,-0.0010869060212340916,-0.0001544234961363966,0.006008700689467084
2016-12-06,0.003167461321083446,0.0004812185692941108,0.003167461321083446
2016-12-07,0.013080688282104336,0.008418734409618657,0.013080688282104336
2016-12-08,-0.011794312504464898,-0.00385841193305321,0.002448834873109964
2016-12-09,-0.01243926345426276,-0.005522841236463594,0.006040517204937556
2016-12-12,-0.0011482714002757316,0.0014729933543954745,-0.0011482714002757316
2016-12-13,0.0035680947695257512,0.0023476749252080843,0.0066742948974224834
2016-12-14,-0.011173315501571805,-0.01131855923762487,-0.008254453333212276
2016-12-15,0.005050778733400198,-0.0014117913168592941,0.004117233081126321
2016-12-16,-0.001955758738205459,0.0007043150805709659,-0.001955758738205459
2016-12-19,0.0021774548116122085,0.0059147738659823,0.0021774548116122085
2016-12-20,0.0038573213014218614,-0.0027125027422558925,0.0038573213014218614
2016-12-21,-0.002782499671293568,0.0006695091830654587,-0.002782499671293568
2016-12-22,-0.0017274629885698494,-0.0019685181291949514,-0.0017274629885698494
2016-12-23,0.002037064259143601,0.002202412346967718,0.0014642530430519346
2016-12-27,-0.0032186675074780727,0.0016829763377670007,0.002481469249603075
2016-12-28,0.007308120943499244,0.0004465235170152174,-0.008264897712464317
2016-12-29,0.0035435048525866973,0.005379394241671165,-0.00022274883911607422
2016-12-30,0.0015131983587357478,-0.0027702411526015045,-0.0036552059061417006
2017-01-03,0.004281113767639224,0.00659240718794611,0.0076501028188910546
2017-01-04,0.0059491523490399776,0.004442066227181308,0.0059491523490399776
2017-01-05,-0.000794524661545031,0.01011064324058798,-0.000794524661545031
2017-01-06,0.003577812631091188,-0.004357181896202162,0.003577812631091188
2017-01-09,-0.0033008463258617313,0.004320850681688307,-0.0033008463258617313
2017-01-10,-0.0006566980403201505,0.0012101783934777696,0.0
2017-01-11,0.0033674701021681112,0.0030964572203743645,0.002826360397685608
2017-01-12,-0.002509972987946845,-0.00034973990773269647,-0.002509972987946845
2017-01-13,-0.004758081457755955,6.336663589257615e-05,0.0022954780092236246
2017-01-17,-0.003523554773635875,0.007166341832037779,-0.003523554773635875
2017-01-18,-0.012808160961378096,-0.0064178815734825725,0.0022099794524145988
2017-01-19,-0.006858945956130384,-0.0037806817457864085,-0.0037046628318443404
2017-01-20,-0.0019969758911880697,0.001386957357557389,0.0036740452153135967
2017-01-23,-0.0026019513071881663,0.004619171127985685,-0.0026019513071881663
2017-01-24,-0.00685125697243663,-0.001693389376823114,0.006411766153051535
2017-01-25,0.008655370157419656,-0.004068327737900054,0.008655370157419656
2017-01-26,-0.0010453627541510406,-0.0024082043864641963,-0.0010453627541510406
2017-01-27,-0.0015698395484597476,0.0013389388327831224,-0.0015698395484597476
2017-01-30,-0.0030092785740302662,-0.0016302962296260014,-0.00620147672190451
2017-01-31,0.006959264259534123,0.0069607415542055654,-8.814642398058403e-05
2017-02-01,-0.006183092160250283,-0.0029388183921862476,0.0003956815035678521
2017-02-02,0.0006591045441625545,0.0019327141815195263,0.0006591045441625545
2017-02-03,-0.00042017530264669173,0.003000539272169818,0.0068928960058449356
2017-02-06,-0.0017877216689110198,0.005919389909700875,-0.0017877216689110198
2017-02-07,0.0073502577318080384,0.0017559908129318057,4.3575342114854365e-05
2017-02-08,0.013598852427873146,0.007038855907388274,0.001310376500865269
2017-02-09,-0.011534789872297979,-0.004451085089687298,0.0059324552497767415
2017-02-10,0.003946398745942623,0.0020079991747217426,0.003946398745942623
2017-02-13,-0.003146773867375934,-0.0014974273235500296,0.005442547263047924
2017-02-14,-0.007226890072168362,-0.0006737314512946441,0.003995320650249383
2017-02-15,0.005220422471032363,0.0017365454554475017,0.005220422471032363
2017-02-16,0.005464144154746873,0.0032868383158012747,-0.0008513971118871772
2017-02-17,0.0015762909415923617,0.0013400075904874183,0.0015762909415923617
2017-02-21,0.005955244580469503,0.0016385261448654694,0.005955244580469503
2017-02-22,0.0016648693582110704,0.0006960415898782198,-0.0008880021853903613
2017-02-23,0.0029922161484248026,0.00412070084278276,0.0006770173023364167
2017-02-24,0.01110458618398327,0.006203170786533078,0.0012690357231980756
2017-02-27,0.0015629158582145654,-0.003038143516223996,0.0015629158582145654
2017-02-28,0.0037103397202251616,0.0006140807643730496,-0.002699037783091377
2017-03-01,-0.01675650632437235,-0.0013950134974160429,0.013997330073953524
2017-03-02,-0.006297435830739777,-0.0074562406433680275,-0.006297435830739777
2017-03-03,0.0006294213428567982,0.0008738540778726918,0.0006294213428567982
2017-03-06,-0.0029776892174459535,-0.004811262770351857,-0.0029776892174459535
2017-03-07,-0.003030983168757964,-0.0046761492470402295,-0.002987029569677101
2017-03-08,-0.005404168906217293,-0.0044663119583790035,-0.0018564406401030127
2017-03-09,-0.007981361738174472,-0.003890071854000867,0.0012681670301288115
2017-03-10,0.003509122625375081,0.0030721792690217853,0.0035040443768319337
2017-03-13,0.0005051236580135593,-0.001846577997069465,0.0005051236580135593
2017-03-14,-0.003826749290475518,-0.0015167676589254787,-0.003826749290475518
2017-03-15,0.012214740644790776,0.013106265614435248,0.008653283971903269
2017-03-16,-0.0019666093884853006,-0.0009793255988378964,-0.0019666093884853006
2017-03-17,-0.0017564290578749612,0.002197401656680924,-0.0017564290578749612
2017-03-20,0.004298778074204247,0.002514733045285447,-0.0010967969450453269
2017-03-21,0.008308943800451262,0.0013038454693031082,-0.012839595402641362
2017-03-22,0.003995119586903016,0.0029298977795204546,0.002353108477055302
2017-03-23,-0.0014094595397480488,-0.0012742161703387714,-0.0010668989626801538
2017-03-24,0.0035698479110547986,0.0014796926810715526,-0.0007263988228056504
2017-03-27,-0.0010265691918799672,0.003057500999115701,-0.0010265691918799672
2017-03-28,0.0072771162728599605,-0.001187518292024316,0.0072771162728599605
2017-03-29,0.0009348834555690594,0.003107080770526862,0.0009348834555690594
2017-03-30,0.0031840237656552135,-0.004031122226037164,0.0031840237656552135
2017-03-31,0.0029078532687204896,0.0008840693605872748,-0.002327465156525745
2017-04-03,0.010087243956381192,0.0045514873919771095,-0.0017393623645149303
2017-04-04,-0.005424867601599301,-0.0008523641491438136,0.0006376729629813336
2017-04-05,-0.002973036715426285,3.389696393158196e-05,-0.002973036715426285
2017-04-06,-0.0014826864417273255,-0.00079726480449978,0.002811026702912636
2017-04-07,-0.001019155874274734,-0.0009065113029958823,-0.001019155874274734
2017-04-10,0.004639092958023117,0.0017440347166853942,0.0005951203581041821
2017-04-11,0.009482968338855492,0.007615201562353684,-0.0011896077652772388
2017-04-12,0.005473075227976272,0.0026973577916648978,-0.0043817757397239246
2017-04-13,0.0030867391752733187,0.0005232152777656747,-0.0064949975274095
2017-04-17,-0.0030772405363580033,0.0008384028154022017,0.008860119152175277
2017-04-18,-0.00298449517078411,0.0050160836559499525,-0.00298449517078411
2017-04-19,-0.0018384370561803527,-0.005438024661382088,-0.0018384370561803527
2017-04-20,-0.00387054898912775,0.0019741328311502875,0.008138831339001147
2017-04-21,-0.0031869553800008173,-7.650961288650402e-05,-0.0031869553800008173
2017-04-24,-0.0049374665770468935,-0.0003640300030870293,0.0109981230603968
2017-04-25,0.005818607791974402,-0.005506296571950642,0.005818607791974402
2017-04-26,0.005516541299922935,0.003262535850039886,-0.0006287696969391645
2017-04-27,-0.00032738061740359423,-0.0010758621807749281,0.0008390350667519085
2017-04-28,-0.002179529268408126,0.0010646795794471554,-0.002179529268408126
2017-05-01,-0.0083135434464133,-0.004967112965805276,0.002520414408207088
2017-05-02,0.0003770414640650915,0.0017723726657142553,0.0003770414640650915
2017-05-03,0.0006571215527865497,-0.004812444084684083,-0.0012146340984047783
2017-05-04,-0.004926562695370542,-0.004566978761134611,0.0011740182004630773
2017-05-05,0.003936957256146005,0.0022517286948005987,0.003936957256146005
2017-05-08,-0.005441341014686545,-0.0026023384745361682,-0.00016707356808558845
2017-05-09,-0.0009175123020186555,-0.0022967387289380067,-0.0009175123020186555
2017-05-10,-0.0011604649539665407,0.0001951526252478205,0.0017955960373103417
2017-05-11,0.0,0.0005924587552098541,-0.00204273684373096
2017-05-12,0.007552734505513672,0.002876392468114777,-0.001671052867222006
2017-05-15,0.005523394810444855,0.0018238546010591143,0.005523394810444855
2017-05-16,0.0037168549779590717,0.0023510142834611398,-0.0009153622497647804
2017-05-17,0.014566724187235579,0.004810081186788899,-0.01774415435089974
2017-05-18,0.0011356679805403192,-0.0009951445137206868,0.004028607979411843
2017-05-19,0.006504330980012288,0.004593100853930478,0.006504330980012288
2017-05-22,0.005077345400810305,0.002143777134035166,0.005077345400810305
2017-05-23,0.002212773304240221,-0.003610482067831734,0.002212773304240221
2017-05-24,0.0023326794873396615,0.003967194113705929,0.0023326794873396615
2017-05-25,0.004779442764955642,0.001355752309537986,0.004779442764955642
2017-05-26,0.001703801409855083,0.0034127814380054793,-0.00020651516675114108
2017-05-30,-0.0008688566564608496,0.0002649481453233971,-0.0008688566564608496
2017-05-31,0.0024983251585692407,0.0020695357276106618,-0.0002487424080602304
2017-06-01,0.00010514579191122428,0.002962237885402355,0.007952530624666767
2017-06-02,0.003328333921378524,0.007502783913233805,0.003328333921378524
2017-06-05,-0.0007371280229238894,-0.00199040624625027,-0.0007371280229238894
2017-06-06,0.005446720543043219,0.004496885014550013,-0.003196746435050276
2017-06-07,-0.004779857953093008,-0.0027503126109782615,0.0018500937342138422
2017-06-08,-0.0026420205121022206,-0.0029016719772632818,0.0004924955252198172
2017-06-09,-0.0015177200619911088,-0.004058841800566517,-0.0015177200619911088
2017-06-12,-0.0003214676529153493,-0.0006716879532389656,-0.00020540514134724088
2017-06-13,0.00016094502323775114,0.0020231389942075503,0.00488977721142415
2017-06-14,-0.0012677340651317402,0.002890379615693655,-0.0012677340651317402
2017-06-15,-0.0015833153958457248,-0.002548513405562107,-0.0019241316577587556
2017-06-16,0.001982322150827719,0.0007961195965519946,0.0002184905854005462
2017-06-19,0.008324995506690332,-0.00019463025636908297,0.008324995506690332
2017-06-20,0.008956498545586073,5.412403427051699e-05,-0.0067440205677485685
2017-06-21,0.0020423275163136264,0.0015459129615586272,-0.00024679188609536294
2017-06-22,-0.0004528043591778124,0.0016925134517913425,-0.0004528043591778124
2017-06-23,0.0011940479788083234,0.0016361989135066713,0.0011940479788083234
2017-06-26,0.0006581961194806701,-0.0014308319415908247,0.0006581961194806701
2017-06-27,-0.008056534583153096,-0.005108660064999201,-0.008056534583153096
2017-06-28,-0.003309643222617888,0.0021096289314970285,0.008950651345667636
2017-06-29,-0.008788905759493707,-0.007374041686473329,-0.008788905759493707
2017-06-30,-0.002312503351310824,-0.0009849005314882765,0.001864542907291654
2017-07-03,0.0016956005942478432,-0.005958936292568395,0.0016956005942478432
2017-07-05,0.00024072613882654425,0.002078841801711917,0.0023120379204082156
2017-07-06,-0.009144304893761907,-0.005974306827031983,-0.009144304893761907
2017-07-07,-0.005994343494722238,-0.0032179131177427433,0.006484908518072178
2017-07-10,0.001074156383333544,0.0013938215344267376,0.001074156383333544
2017-07-11,0.0017085666152929187,0.0007446926656395329,-0.0007429100836859775
2017-07-12,0.007514871060450165,0.0060017270537891885,0.007514871060450165
2017-07-13,0.0016804593217105055,-0.0021206284451544747,0.0016804593217105055
2017-07-14,0.004664077994319217,0.0046884414527805915,0.004664077994319217
2017-07-17,-0.00012240050847684276,0.0023406564751426544,-0.00012240050847684276
2017-07-18,0.008732783220199504,0.005378921867593236,0.0005295614107469599
2017-07-19,0.0004006742435091528,0.0018723612033227511,0.005414161407444741
2017-07-20,0.00044518457851621594,0.0015532909036040591,0.00044518457851621594
2017-07-21,-0.0008903282050589054,0.00395812517311211,-0.0008903282050589054
2017-07-24,-0.00024313660010113217,-0.0012338912984813817,-0.00024313660010113217
2017-07-25,-0.013019535905054076,-0.004573517480355775,0.002430961469587802
2017-07-26,0.0016184022873097564,0.0032369174222104525,4.0375195551778376e-05
2017-07-27,-0.004928531101006479,-0.002177694697994882,-0.0009294434692032286
2017-07-28,0.005927376676731094,0.004058917677645357,-0.0011732720391020189
2017-07-31,0.0012108463261368313,0.00037252060601769294,-0.0005668469479821294
2017-08-01,0.007021134101195583,0.0028072739783978045,0.0022288325472159354
2017-08-02,0.00048498212941651376,-0.00033868214511067633,0.00048498212941651376
2017-08-03,0.010344104456004831,0.0033421105173585186,-0.001939697667417358
2017-08-04,-0.008491961568030252,-0.0048405084448033785,0.0018221162154836593
2017-08-07,0.0018592499334030615,0.0006112064549070254,0.0018592499334030615
2017-08-08,-0.0035974921396410547,-0.0010679048594490286,-0.002461036248827179
2017-08-09,0.00545625859338727,0.005817603913459432,-4.047232768500386e-05
2017-08-10,0.00853971920811758,0.0006479339302749932,-0.014115118041610947
2017-08-11,0.0004747101563901785,0.0022333447327036,0.0014766994359544819
2017-08-14,0.009913235278782235,-0.0008752828678738316,0.009913235278782235
2017-08-15,-0.0001214867211665605,-0.004029053313824621,-0.0001214867211665605
2017-08-16,0.0017443225654960337,0.00425813781665397,0.0017443225654960337
2017-08-17,-0.015591014962667729,-0.0009493418999708281,-0.015591014962667729
2017-08-18,-0.00023659650392395638,-0.001110052529074958,-0.0015631750509057102
2017-08-21,0.0007828835315533095,0.002346180898609328,0.0007828835315533095
2017-08-22,0.010457048560438234,0.0005879770788517744,0.010457048560438234
2017-08-23,-0.0035854705360515763,0.0023747623816821974,-0.0035854705360515763
2017-08-24,-0.00369212192156365,-0.003048688559514604,-0.0023306684918040933
2017-08-25,0.0038636487699063404,0.0033030225790617864,0.0023361131972263567
2017-08-28,4.08473594479819e-05,0.0051192581823920015,4.08473594479819e-05
2017-08-29,0.0032224760485719465,0.0007245973277191543,0.001144756123946312
2017-08-30,-0.00031342900539015756,0.001270648093415858,0.004737486488472757
2017-08-31,0.006016486998461942,0.0069196122711918835,0.006016486998461942
2017-09-01,0.001414079590534151,-0.001442460011246495,0.001414079590534151
2017-09-05,-0.007182113485723571,0.006566672722252141,-0.007182113485723571
2017-09-06,-0.006135557744435562,-0.0026389500713894995,0.0034136861960186973
2017-09-07,-0.00012145180126946992,0.006858405096542502,-0.00012145180126946992
2017-09-08,-0.002165396892099251,-0.001530691805004623,-0.0011744848552256975
2017-09-11,-0.011937552761571867,-0.00515227180719308,0.010665669678587363
2017-09-12,0.0033706785486031093,0.0003618538559471082,0.0033706785486031093
2017-09-13,0.0004797574377850523,-0.003649165214602146,0.0004797574377850523
2017-09-14,0.004117485096075862,0.002708350250274506,-0.00031966152791742993
2017-09-15,0.0003939791529145617,-0.001082949842598252,0.0013465177552766303
2017-09-18,0.0021268118860579923,-0.00428333150912992,0.0021268118860579923
2017-09-19,-0.002457574412344637,0.00021895851630297927,0.0010010206787126725
2017-09-20,0.0007148832408289889,-0.0023000776630783923,0.00035971074699279245
2017-09-21,-0.002679150412613864,-0.003599308251491234,-0.002679150412613864
2017-09-22,0.00020048310684643155,0.002513420759998256,0.00020048310684643155
2017-09-25,0.006259863406536253,0.00482037363980198,-0.002044699892053524
2017-09-26,-0.0018111788604318398,-0.004086732600991507,0.0006028415381539581
2017-09-27,-0.015068007455044656,-0.0067843756655806406,0.0038942264058891523
2017-09-28,0.0011998633159082009,5.051294348762717e-05,0.0011998633159082009
2017-09-29,0.003514957742840342,0.00025596217273782414,0.003514957742840342
2017-10-02,-0.001831544370157677,-0.001385105688219658,0.00433854985681641
2017-10-03,0.0009660477660994554,0.0012040945271704058,0.0021401716540769564
2017-10-04,8.017589991515806e-05,0.0013572099448955024,0.0011865985866523002
2017-10-05,-0.00377792708309769,-0.0010489410645259708,0.0059252021209938105
2017-10-06,-0.0011389030967846306,0.00024101712135541394,-0.0011389030967846306
2017-10-09,0.003155311757153436,0.0031998093686829514,-0.0016513076194343414
2017-10-10,0.001612996638499391,0.0022935495940818737,0.0026384549058379673
2017-10-11,0.0015710579536369214,0.0022294596445593495,0.0015710579536369214
2017-10-12,-0.0014901570717210794,0.0011794165055643447,-0.0014901570717210794
2017-10-13,0.007202882948015475,0.005321006416047016,0.0012172032768577765
2017-10-16,0.001333718977106498,-0.0020895126960679346,0.001333718977106498
2017-10-17,0.0012721483053521132,-0.0016157105072618836,0.0007047716923615837
2017-10-18,-0.00659208087910652,-0.0031176638236239803,0.000978764241932454
2017-10-19,0.00027374229352592394,0.002635538945170465,0.00027374229352592394
2017-10-20,-0.010613668055892827,-0.003907098915993404,0.005160477540356635
2017-10-23,0.001774129695053039,-0.00021555290757800075,-0.003889200424449332
2017-10-24,-0.006199249028974123,-0.0027357445199400286,0.0017570041081344673
2017-10-25,-0.004779666217080395,-0.0031984503000866424,-0.004950108743464778
2017-10-26,-0.003337764842600018,-0.003455377577281453,0.0012925262380156543
2017-10-27,0.006615294892797951,0.006524771903097932,0.008176321002046866
2017-10-30,-0.0037251806020810133,0.0025076196799461996,-0.0037251806020810133
2017-10-31,0.0003215217759260295,-0.0006196451633505675,0.001558160730743283
2017-11-01,0.0013219005938633266,0.0031402491935971825,0.0013219005938633266
2017-11-02,0.004409020028675898,0.0018211589951797993,0.00038848855359783217
2017-11-03,0.003338781771241709,0.000450542243566895,0.003338781771241709
2017-11-06,0.001547640959464276,0.004600319914858094,0.001547640959464276
2017-11-07,0.004202459646066795,-2.612117225041401e-05,-0.0006954162525877451
2017-11-08,-0.0022107109928055342,0.0009693963822582834,0.001700916766109055
2017-11-09,-0.00362778728505955,-0.0007948700814141815,-0.00362778728505955
2017-11-10,-0.015079637110909254,-0.007885137013379109,-0.0003097150722835224
2017-11-13,0.0020954801488174525,0.0015028569946008248,0.0009297038309483512
2017-11-14,0.006754751044937464,0.0021593303697767666,-0.0023225402791064833
2017-11-15,0.010862155784192796,0.0015543386116851935,-0.005005045444245493
2017-11-16,-0.008691385959906501,-0.00015291295655803097,0.008500944950614731
2017-11-17,-0.0029388281164506916,0.005503667966511207,-0.0029388281164506916
2017-11-20,0.0017062598905148029,-0.0037966413985469566,0.0017062598905148029
2017-11-21,0.006543014765981662,0.0037825565983542757,0.006543014765981662
2017-11-22,-0.0008848106012780304,0.0038468436004599066,-0.0008848106012780304
2017-11-24,-0.002752863619657842,-0.0010012189506544032,0.0023099562159491554
2017-11-27,-0.0004992129344460979,0.0007453459060388915,-0.0004992129344460979
2017-11-28,0.00134316361348303,0.0037613539142562643,0.010144723221370467
2017-11-29,-0.00985858838589724,-0.005576127595219245,-0.0006087537189801256
2017-11-30,-0.0033462547653969796,-0.0007319728360850432,0.008755034587101165
2017-12-01,0.013494757055227465,0.005155085494916425,-0.0020757257558092087
2017-12-04,0.00047401791252087963,-0.0013637910749492513,-0.0012097914764462258
2017-12-05,0.004976222522559513,-0.0018730901389686667,-0.0035965346704909637
2017-12-06,0.00018997105496930007,0.0005483079798622648,0.00018997105496930007
2017-12-07,0.0031531063692257382,-0.005959970538941762,0.0031531063692257382
2017-12-08,0.005453092311786774,0.0018168617082702102,0.005453092311786774
2017-12-11,0.0030129774766903946,-0.000983241830937046,0.0030129774766903946
2017-12-12,0.00176488566323611,0.0008453981898556495,0.00176488566323611
2017-12-13,0.007516823176078255,0.005315588263638427,-0.00011276311475288798
2017-12-14,0.004241257483763121,-0.0005878294836852573,-0.004085929944465368
2017-12-15,0.0037536079641448685,0.004738465873310051,0.008327371104055898
2017-12-18,0.006341224848408478,0.0005229373311154205,0.006341224848408478
2017-12-19,-0.012973618524705232,-0.005415050506915427,-0.003840394600221044
2017-12-20,-0.01107238889784953,-0.002998625147489529,-0.000524153680792194
2017-12-21,0.002059897070887157,0.003095681202632346,0.002059897070887157
2017-12-22,-0.0002613829548692322,0.002094567455391102,-0.0002613829548692322
2017-12-26,0.002965710616180136,0.00285584850696019,-0.0011967374205152455
2017-12-27,0.013025819573628968,0.005746753159321667,0.0004865802405617948
2017-12-28,-0.0008678265805680876,0.002079487453566994,0.0020575975159544666
2017-12-29,-0.003770702022272723,0.0014375082809011109,-0.003770702022272723
2018-01-02,-0.01079918898981393,0.0028298526728878087,0.007157732196592699
2018-01-03,0.006324828210011608,0.0028023939278726873,0.006324828210011608
2018-01-04,0.0042146845377447955,0.0030792816494170016,0.0042146845377447955
2018-01-05,-0.0028558106011336735,0.000956117204833718,0.006664152624581143
2018-01-08,-0.0006361224723539254,0.00035716337053445904,0.0018290597953737975
2018-01-09,-0.013372910434116057,-0.005151837101705916,0.0022629720188180108
2018-01-10,-0.0012099514584161415,-0.00010942271762739557,-0.001529805697456265
2018-01-11,0.0072961617763297685,0.0049202364162337165,0.0072961617763297685
2018-01-12,0.0016894033013385825,0.00683168668697773,0.006519296786126689
2018-01-16,0.0041759972707417796,0.0007335945489135159,-0.0034183359241282945
2018-01-17,-0.0013597357950642344,7.29381357506549e-05,0.00953167765747517
2018-01-18,-0.00928946268187272,-0.004314769386313631,-0.0016811528438025207
2018-01-19,-0.005254688520009891,0.0013701233933416529,0.004549838637669835
2018-01-22,0.008130934462416951,0.003729680038695542,0.008130934462416951
2018-01-23,0.0021224296359547467,0.003771788551706904,0.0021224296359547467
2018-01-24,-0.005416191336906699,0.0022313561237245158,-0.0003882470834379409
2018-01-25,0.008208886570553795,0.0004738944285285262,0.0004237514140647414
2018-01-26,-0.003708166507865291,0.0030814369082951057,0.011577550810685656
2018-01-29,-0.00662971778030362,-0.006395074340225998,-0.00662971778030362
2018-01-30,-0.005866818606248428,-0.0068749835808324875,-0.010257178287807443
2018-01-31,0.0059014412918229784,0.004296467606046386,0.0004967037549496755
2018-02-01,-0.0011349706225851047,-0.004112527767034316,-0.0011349706225851047
2018-02-02,-0.009279372537204587,-0.014744334225667115,-0.02176986483268368
2018-02-05,0.009449734176518282,-0.009896901847195286,-0.041822757953438525
2018-02-06,-0.006212888648977088,0.0006533316009817653,0.019702561028686626
2018-02-07,-0.005424814884060959,-0.006552450982738024,-0.005424814884060959
2018-02-08,-0.03750914922232255,-0.012145343117414133,-0.03750914922232255
2018-02-09,-0.006319364212442714,0.002082149160593658,0.015021824492343232
2018-02-12,0.01468432285078528,0.007868827258304309,0.01468432285078528
2018-02-13,0.002487331783150608,0.004231031935702237,0.002487331783150608
2018-02-14,0.013496095498404595,0.0064766334276696,0.013496095498404595
2018-02-15,0.012760372275199374,0.005696834095644851,0.012760372275199374
2018-02-16,0.0002927696029905321,0.0007551304636734189,0.0002927696029905321
2018-02-20,-0.004380073537248065,-0.008088924577833768,-0.006260979226569795
2018-02-21,-0.012268806500050843,-0.007258894081253662,-0.004974249778271473
2018-02-22,0.001296055356373366,0.003147295178162579,0.001296055356373366
2018-02-23,0.01593941666674166,0.007755454574481352,0.01593941666674166
2018-02-26,0.011612213051152004,0.004807055505392994,0.011612213051152004
2018-02-27,-0.01248674852818749,-0.008172764138270314,-0.01248674852818749
2018-02-28,0.006355986670853699,-0.001630346657046907,-0.010129872794861156
2018-03-01,0.006826275826787349,-0.0033181486196578475,-0.014540731451385876
2018-03-02,-0.0081293350926414,0.0007542358867232294,0.005154999954551199
2018-03-05,0.011557981071014602,0.002362160375413462,0.011557981071014602
2018-03-06,0.002535077619989903,0.004757105028215808,0.002535077619989903
2018-03-07,-0.000366688598767898,-0.0026364893144356577,-0.000366688598767898
2018-03-08,0.004839108530003877,0.002727111371768282,0.004839108530003877
2018-03-09,0.017402170770757647,0.003960934047585746,0.017402170770757647
2018-03-12,-0.0012548774995490698,0.001470532974212996,-0.0012548774995490698
2018-03-13,0.0050594725047405885,0.00011775553869797749,-0.006462557864664339
2018-03-14,0.008809403339748681,0.0009873213102006015,-0.0051318703633669895
2018-03-15,0.0,-0.002473709165150652,-0.0010897017064690146
2018-03-16,0.0010844437062289504,-0.0016293193289886624,0.0010844437062289504
2018-03-19,-0.013530255358655183,-0.004884919720954199,-0.013530255358655183
2018-03-20,-0.004018538699861922,-0.0022717022155851457,0.0017005030724257463
2018-03-21,-0.001919002811129819,0.005512371660356064,-0.001919002811129819
2018-03-22,-0.02499717853603055,-0.006308684645789796,-0.02499717853603055
2018-03-23,-0.0007486045422033202,-0.002833058709677638,-0.021314591177344522
2018-03-26,-0.0038274022787976804,0.009225846598591127,0.0273591617444961
2018-03-27,-0.017011866776161132,-0.004040827938915956,-0.017011866776161132
2018-03-28,0.0026442942663027096,-0.004735781598266754,-0.002954795351192791
2018-03-29,0.004863133783444526,0.005929780705766775,0.012777786365208725
2018-04-02,-0.02158478785126934,-0.002641668748303241,-0.02158478785126934
2018-04-03,-0.007712626649540366,-0.0009422490870060786,0.012816980274989741
2018-04-04,0.010698972968433406,0.0032581546733371396,0.010698972968433406
2018-04-05,0.007892159448235953,-0.0015544642227608733,0.007892159448235953
2018-04-06,-0.022285905734715863,-0.0023500604442352867,-0.022285905734715863
2018-04-09,0.0016514618220577432,0.0033230091663673973,0.004928525351034251
2018-04-10,-0.0018133085782236706,0.005454048430318102,0.01590019979964967
2018-04-11,-0.005242184743545462,0.0020317841234411124,-0.005242184743545462
2018-04-12,0.008227207173940848,-0.003614850520923913,0.008227207173940848
2018-04-13,-0.0029332645374443387,0.001973003086054816,-0.0029332645374443387
2018-04-16,0.0082216855689394,0.003331549376949232,0.0082216855689394
2018-04-17,0.010698440965532765,0.0048053210233222005,0.010698440965532765
2018-04-18,0.0007402871114564828,-0.002112003981422968,0.0007402871114564828
2018-04-19,-0.008146284120361919,-0.005191143762591549,-0.005547469968010777
2018-04-20,-0.007207108780066863,-0.007770744449112729,-0.008479455093963119
2018-04-23,0.0002531414717237267,-0.002650508483545498,-0.00015012343626823492
2018-04-24,-0.013467223886614315,-0.004431796775842383,-0.013467223886614315
2018-04-25,-0.006697765218152515,-0.003546956072230332,0.0024715990909075997
2018-04-26,0.010165924845886258,0.004533351306774749,0.010165924845886258
2018-04-27,0.0009386782435249089,0.0042495101081248396,0.0009386782435249089
2018-04-30,-0.007690787492450914,-0.004450524605918975,-0.007690787492450914
2018-05-01,-0.003601525467108581,-0.0029625440353395582,0.001777038712112976
2018-05-02,-0.006717340550134659,-0.0027764191256774953,-0.006717340550134659
2018-05-03,0.004481330969884502,0.0024553471770412294,-0.0022039393739083256
2018-05-04,0.0015143879912124663,0.005503027667949726,0.012946388166729907
2018-05-07,0.003383642523877773,0.000680324021334386,0.003383642523877773
2018-05-08,-0.0009261854962223445,-0.0002543981047972659,0.0
2018-05-09,-0.005981851755912346,0.0005626632793037092,0.00966555201516404
2018-05-10,0.009350831213546162,0.008088881674736915,0.009350831213546162
2018-05-11,0.0030513257350361666,0.0013901156984286193,0.0030513257350361666
2018-05-14,0.0004764256541224403,-0.0029305460910996448,0.0004764256541224403
2018-05-15,-0.011383130671900107,-0.011422328555286866,-0.006886966999341956
2018-05-16,-0.0038374598778322046,-0.0003344219284385861,0.0042049735929574426
2018-05-17,-0.0008447223642915882,-0.0017611878488514054,-0.0008447223642915882
2018-05-18,0.008604937381938562,0.0020897456820716314,-0.002500223865023464
2018-05-21,0.0005119625664481596,0.0029316318815090373,0.0075183873117277145
2018-05-22,-0.0027801655434000227,-0.001648224571405206,-0.0027801655434000227
2018-05-23,0.007259673107347687,0.0036793238597781015,0.0027515925961394405
2018-05-24,-0.0020489438825973027,0.004725001420820249,-0.0020489438825973027
2018-05-25,0.00622528989265445,0.00023825403222529787,-0.002382439133353836
2018-05-29,0.021902512242608637,0.0033239752362175905,-0.01150096780183188
2018-05-30,-0.0067083319126869136,0.0026747186661308666,0.013344381041956867
2018-05-31,-0.006125643318919773,-0.0033402245526174233,-0.006125643318919773
2018-06-01,-0.005283775129835525,-0.00014041764911967023,0.009817848079412161
2018-06-04,0.004751070253110528,-0.001123790920133331,0.004751070253110528
2018-06-05,0.000727981381309456,0.002320676847039004,0.000727981381309456
2018-06-06,0.008360283975539165,0.0003451683593747065,0.008360283975539165
2018-06-07,-0.00010815067279638874,0.0029661876402091373,-0.00010815067279638874
2018-06-08,-0.0030032454634933655,0.00042085695301888,0.002956583761738594
2018-06-11,-0.0018403507830916299,0.0004425288005947068,0.0013300908505444351
2018-06-12,0.0002512575236430652,-0.0005817792604728192,0.00129196822587203
2018-06-13,-0.0005023888183158544,-0.00025689897590589286,-0.0031902819695101927
2018-06-14,0.008299500301544159,0.004086090399469098,0.0025171943733945487
2018-06-15,-0.0012757776523454663,-0.005610490060841076,-0.0012757776523454663
2018-06-18,-0.002056500819298068,-0.0016257659726920664,-0.002056500819298068
2018-06-19,0.005820195072657641,-0.0002197876675608236,-0.003832828217931167
2018-06-20,-0.008762151368720848,-0.003799110879301899,0.0017059673261997964
2018-06-21,-0.006268874208662563,-0.0009730970542578465,-0.006268874208662563
2018-06-22,-8.279094700247569e-05,0.0013808520072413261,0.0018231533117904777
2018-06-25,-0.013612853605022507,-0.005108476656434444,-0.013612853605022507
2018-06-26,0.0014069778770019901,-0.0004997442574357736,0.00221399149266103
2018-06-27,-0.008284222292092499,-0.001491641725965627,-0.008284222292092499
2018-06-28,0.0002453377317789808,0.0010206126230079121,0.0057175851173739845
2018-06-29,0.0014396723280587357,0.0004928223420481274,0.0014396723280587357
2018-07-02,0.0021380757978523342,-0.002891223081435819,0.0021380757978523342
2018-07-03,-0.003531217962420681,0.003959097877969216,-0.003531217962420681
2018-07-05,0.0028691915182965026,0.004794931667830178,0.008157841649022576
2018-07-06,0.008457893407018056,0.0033827924337900784,0.008457893407018056
2018-07-09,0.009004690819174889,0.001678206400686339,0.009004690819174889
2018-07-10,0.003598470143209458,0.0005768077489377873,0.003598470143209458
2018-07-11,0.0038541078480866294,-0.004785549518226332,-0.00731461966752248
2018-07-12,-8.196582419195408e-05,0.004403698833863938,0.009065918452424635
2018-07-13,0.000787405412184547,-0.00033599419473278924,0.000787405412184547
2018-07-16,-0.0008939796147004201,-0.001855499193553285,-0.0008939796147004201
2018-07-17,-0.0018814278103625277,-0.0027857612115988663,0.004045109276870278
2018-07-18,0.002103843136059592,-0.00053240427585459,0.002103843136059592
2018-07-19,0.00633784221111707,-0.0005904193189582132,-0.003771277937904416
2018-07-20,-0.012268745220622638,-0.002391259730972636,-0.001142750783202174
2018-07-23,-0.0123385238209946,-0.00501118622719702,0.0018589250462590298
2018-07-24,0.005032179438975545,0.002977427193562445,0.005032179438975545
2018-07-25,0.008522489779487068,0.004223345261069543,0.008522489779487068
2018-07-26,-0.0023589398108685377,-0.003992136764205662,-0.0023589398108685377
2018-07-27,-0.006776653573238247,-0.0016405044128457707,-0.006776653573238247
2018-07-30,-0.0034319961904219374,-0.003440430583649468,-0.00522366410844019
2018-07-31,0.005459792262392843,0.004454291345503101,0.004929557045363572
2018-08-01,-0.001670737582277928,-0.005715284133359996,-0.001670737582277928
2018-08-02,0.0014353251212126303,0.0005086220009700387,0.005447927810952703
2018-08-03,0.004284963270435549,0.004252019764484343,0.004284963270435549
2018-08-06,0.003667190519194917,-0.0002683437267577576,0.003667190519194917
2018-08-07,0.0033019506242281636,0.0001306346872029969,0.0033019506242281636
2018-08-08,-0.00041990207917304767,0.0011137674320932252,-0.00041990207917304767
2018-08-09,0.008418165200454424,0.0018402892775387244,-0.001366251192677446
2018-08-10,0.00726305758354119,2.146027290869353e-05,-0.006700162542133313
2018-08-13,-0.002072163666143503,-0.006912631262925802,-0.0037434917527965966
2018-08-14,-0.002242363097484822,0.0017039062519773273,0.0063806887927983355
2018-08-15,-0.0074671044564175405,-0.005981073856171486,-0.0074671044564175405
2018-08-16,-8.285233833194017e-05,0.0024374237529461696,0.008090864086865449
2018-08-17,0.0035208003333508583,0.004595493680670066,0.0035208003333508583
2018-08-20,0.0021399772181540074,0.0046037379874829445,0.0021399772181540074
2018-08-21,0.002345111315867803,0.0005962977693822371,0.002345111315867803
2018-08-22,0.00395477922824056,0.0018515722029839022,-0.0005935732186889266
2018-08-23,-0.0013279317526187725,-0.0029810090505659947,-0.0013279317526187725
2018-08-24,0.0019663766162563052,0.008326454672531697,0.006018795831974117
2018-08-27,0.00789490704855447,0.0019519942702282932,0.00789490704855447
2018-08-28,-0.006004024746402617,-0.00443342988860632,0.00048339995744066063
2018-08-29,0.0013238251569473104,0.0037609587154612623,0.005380695053405658
2018-08-30,-0.004048039606269134,-0.002256183283655861,-0.004048039606269134
2018-08-31,-0.0023085918288358893,-0.001133025828756852,3.4195312463847216e-05
2018-09-04,-0.0017225299629147683,-0.004204520567201638,-0.0017225299629147683
2018-09-05,-0.0026662065877180985,-0.0006366595779757128,-0.0026916073966335727
2018-09-06,0.003675814533284221,0.0008663141848384609,-0.0030098900988817854
2018-09-07,-0.008489795265770709,-0.0043871876554146365,-0.0019434536621915249
2018-09-10,0.00369355000224946,0.0015672302876233546,0.0017388215383761692
2018-09-11,0.0032972904551574946,-0.001224702843705027,0.0032972904551574946
2018-09-12,0.00024213153018764485,0.0036727802299160554,0.00024213153018764485
2018-09-13,0.0015135360205339628,0.0012621264332493228,0.0059149602195095775
2018-09-14,0.00017161312665000633,-0.0037010803635693927,0.00017161312665000633
2018-09-17,-0.005294446720245439,-3.591971228953869e-05,-0.005294446720245439
2018-09-18,-0.010459863225088364,-0.0021348540585038192,0.005426149085259762
2018-09-19,0.0010660078910886598,-0.0002871996176864432,0.0010660078910886598
2018-09-20,0.008103542983184525,0.005395810276523465,0.008103542983184525
2018-09-21,-0.0004268414568494578,-0.0027473256672799692,-0.0009137804740739014
2018-09-24,-0.003321903078647793,-0.002019160556493563,-0.003321903078647793
2018-09-25,-0.0010277030823772676,-0.00011517660011929517,-0.0009275687535135428
2018-09-26,0.00702779060606866,-0.0005057941877628083,-0.0029922894407172994
2018-09-27,0.0006807814370323557,-0.0017980887149908068,0.0027943594350911677
2018-09-28,0.00010304901131383203,0.001277852158202471,0.00010304901131383203
2018-10-01,0.003473798387030023,-0.0018508291425354227,0.003473798387030023
2018-10-02,-0.000582451050940587,0.005681238513423122,-0.000582451050940587
2018-10-03,-0.017371288712496297,-0.006903580533776628,0.0005485433179750197
2018-10-04,-0.007815603235631007,-0.004759182940819781,-0.007815603235631007
2018-10-05,-0.008594310597988314,-0.0037323681503013593,-0.005596919598850722
2018-10-08,-0.0033619543998796267,-0.0048635807466444105,0.0
2018-10-09,0.010118694839106454,0.002992389015638662,-0.0014589797263453044
2018-10-10,-0.002724052840864696,-0.01063202450692189,-0.0316633646001395
2018-10-11,0.012160069610609656,0.005609827309448854,-0.02202664436172423
2018-10-12,-0.0034823501771376704,0.0015981639375171634,0.013888560575731691
2018-10-15,-0.0056171113025752185,0.0003627582547717468,-0.0056171113025752185
2018-10-16,0.0022719812405127223,0.007146720170981248,0.02186558762188001
2018-10-17,0.00017841829974569347,-0.0019275398256117793,0.00017841829974569347
2018-10-18,-0.01444092327601497,-0.004423787826170712,-0.01444092327601497
2018-10-19,-0.002193691385928444,-0.0006280384422290257,-0.0005428146363432386
2018-10-22,-0.004488152109397884,-0.002781221005003493,-0.004488152109397884
2018-10-23,-0.00509131311971826,0.0014581727073411123,-0.00509131311971826
2018-10-24,0.0075489968027410625,-0.0063695767328286485,-0.030298129860647574
2018-10-25,-0.0041821143077288075,0.0034031127181674784,0.017940583106294178
2018-10-26,-0.017587610906394664,-0.002437071791635631,-0.017587610906394664
2018-10-29,-0.0022617199256134,-0.0038754234647168434,-0.005540490227179155
2018-10-30,-0.004967482938713026,0.0013892319534585741,0.014818701167712717
2018-10-31,0.010681111555770277,-0.0003021673825717693,0.010681111555770277
2018-11-01,0.010641578890746753,0.008140303277257298,0.010641578890746753
2018-11-02,-0.005923086935317135,-0.0060364617465926,-0.005923086935317135
2018-11-05,0.003928716636020221,0.00232673167962657,0.005516987147390513
2018-11-06,-0.0006225771718925863,0.0009652853264283884,0.006327694394048866
2018-11-07,0.0013346697898297304,0.007626216603010021,0.021409201451097568
2018-11-08,-0.0018152316200013305,-0.0013634459491371734,-0.0018152316200013305
2018-11-09,0.007465340461859821,-0.0046132183737013655,-0.009767915669308585
2018-11-12,0.006528187908707516,-0.006543690489801562,-0.018685346804412174
2018-11-13,-0.0006129870460710948,-0.0007178120846045404,-0.0018709361239344787
2018-11-14,-0.006836886749559049,0.000636047866613359,-0.006836886749559049
2018-11-15,-0.0004376802927723471,0.0037016247748894154,0.010436600353010727
2018-11-16,0.002600502807026081,0.005255744925904438,0.002600502807026081
2018-11-19,-0.016914236203124197,-0.004574083471639347,-0.016914236203124197
2018-11-20,0.00034711338563470697,-0.005988450532033145,-0.018506175972172034
2018-11-21,-0.00034699293974060224,0.0015430791848418078,0.0034072740956291965
2018-11-23,-0.006678312816623626,-0.0020871423990534866,-0.006678312816623626
2018-11-26,-0.0022580377308355788,0.004101254782318178,0.016144221547387476
2018-11-27,0.003364606126546204,-0.0005054057593208774,0.003364606126546204
2018-11-28,-0.004868990229848865,0.007196922774973824,0.02302498289939243
2018-11-29,-0.002184713342365736,0.00161283839598658,-0.002184713342365736
2018-11-30,0.0037424391114132738,0.002714303566198644,0.006094897730493966
2018-12-03,0.013241379482042267,0.00929056378541827,0.013241379482042267
2018-12-04,-0.03240222166514797,-0.0032451322657809072,-0.03240222166514797
2018-12-06,0.0031401907171208954,0.000629946911281395,-0.001517012845789918
2018-12-07,0.0018616075146734798,-0.004176142098574908,-0.023235908846789072
2018-12-10,0.00413824069671183,0.0008392282014193231,0.0018968725199601084
2018-12-11,0.00022713397272571312,-0.00038803821907776483,0.00022713397272571312
2018-12-12,0.005035305271552775,0.0007919001482860681,0.005035305271552775
2018-12-13,-0.00033865852317868026,-0.00166396927314612,-0.00033865852317868026
2018-12-14,-0.018464887801078963,-0.006081303361504875,-0.018464887801078963
2018-12-17,0.005823943822985425,-0.0018511320748929427,-0.019618671257727677
2018-12-18,0.0059888027909219795,0.0025518700824063963,-0.0010963365241172453
2018-12-19,0.013210676143502237,-0.00211571947519261,-0.014975788613754313
2018-12-20,-0.003631156882452151,-0.0010073199812660099,-0.016277958675850156
2018-12-21,-0.0001654284099294381,-0.007732552200353428,-0.020489495616914963
2018-12-24,0.004969979510756946,-0.002275373223796201,-0.02642301585203782
2018-12-26,-0.01071563677743714,0.009747735162228184,0.05052511916892221
2018-12-27,0.007677421768688501,0.005016591168841787,0.007677421768688501
2018-12-28,-0.0012902540882626804,0.0039646198237488,-0.0012902540882626804
2018-12-31,0.008758831913402123,0.004513750322685154,0.008758831913402123
2019-01-02,0.0010403967266678683,0.0023224722935454834,0.0010403967266678683
2019-01-03,-0.023862734003633944,-0.0011227240875000908,-0.023862734003633944
2019-01-04,-0.011575568248866392,0.004260353968377777,0.03349552822087664
2019-01-07,0.007884753784083763,0.002806050943692233,0.007884753784083763
2019-01-08,-0.0026281012767452147,0.0013912230228449347,0.009395530154695905
2019-01-09,0.004673534788984088,0.0031925595905907263,0.004673534788984088
2019-01-10,0.0035275590093028246,-0.002868334381863118,0.0035275590093028246
2019-01-11,0.0003861660954338122,0.0019802171495567258,0.0003861660954338122
2019-01-14,-0.006101058085782268,-0.0025143715076707046,-0.006101058085782268
2019-01-15,-0.0036524118373748543,0.002129993229832987,0.011460817352007857
2019-01-16,0.0024200736589732015,0.002215969888424656,0.0024200736589732015
2019-01-17,0.0002504887024287693,0.0022522766148384567,0.007586537559105694
2019-01-18,0.013310066641144295,-5.5871657677441025e-05,0.013310066641144295
2019-01-22,-0.01351067271513816,-0.001375398915706278,-0.01351067271513816
2019-01-23,-0.00041511893026909284,0.00012738913635937734,0.0020926967996403776
2019-01-24,0.0005313091308047409,0.001804656913838763,0.0005313091308047409
2019-01-25,0.008461353661257876,0.006146844920058283,0.008461353661257876
2019-01-28,-0.007599828776024454,-0.0017998838186799445,-0.007599828776024454
2019-01-29,0.005066388674391086,0.00303954383461849,-0.0013271889758534878
2019-01-30,-0.0007440026287777556,0.007095282942879879,0.015830810451371795
2019-01-31,0.008782108922399343,0.005964716630612496,0.008782108922399343
2019-02-01,0.00048188870039228776,-0.002520502264963904,0.00048188870039228776
2019-02-04,0.007035306388480649,-0.0005772577046248358,0.007035306388480649
2019-02-05,0.004191919768422991,0.0037810701951694684,0.004191919768422991
2019-02-06,-0.0013183992613116206,-0.002523102234998978,-0.0013183992613116206
2019-02-07,-0.00953272344282732,-0.00021811773136062298,-0.00953272344282732
2019-02-08,0.004267929825305217,0.003093965762572184,0.001221527628080615
2019-02-11,0.0005546484140776724,-0.0027564754405212484,0.0005546484140776724
2019-02-12,-0.0025442578792101607,0.00415002650859834,0.012859260364836266
2019-02-13,0.003247103183206616,-0.0014665842182719085,0.003247103183206616
2019-02-14,0.005697907416922986,0.00297758343684598,-0.0022184126325651282
2019-02-15,0.0015601595754880728,0.006166014889644843,0.010897467338773755
2019-02-19,0.0017305375711015815,0.006453505930106402,0.0017305375711015815
2019-02-20,-0.0028626110512733048,-0.0008411601262093957,0.0020155238059806255
2019-02-21,-0.0035559734681076213,-0.007904391090791718,-0.0035559734681076213
2019-02-22,0.00595779763710318,0.0052579383182746065,0.006200185534597383
2019-02-25,0.0013608149099849991,-0.0008533501662470664,0.0013608149099849991
2019-02-26,0.004950009168569413,0.0019341021177883562,-0.0007153028680947041
2019-02-27,-0.011328849183940096,-0.006218224511498774,-0.0004294767223370799
2019-02-28,-0.0018625781666715018,-0.003607454222177804,-0.0018625781666715018
2019-03-01,-0.009242783759805742,-0.006672093774608983,0.006244009063165431
2019-03-04,-0.0036374779755302864,0.0005113404521952926,-0.0036374779755302864
2019-03-05,0.002090723951393823,0.0006756164081997947,-0.0013602202041507797
2019-03-06,0.003671253869533286,-0.001098656749865663,-0.006056795524923169
2019-03-07,0.006485103206719161,-0.0008785852842828762,-0.008365296504838502
2019-03-08,0.004212848145959334,0.004369669481896222,-0.0020000539599635612
2019-03-11,0.014500940847134082,0.002152144999881321,0.014500940847134082
2019-03-12,0.0037709160967033827,0.00561651311571779,0.0037709160967033827
2019-03-13,0.006619305471530625,0.003866864306838032,0.006619305471530625
2019-03-14,-0.000639680604703428,-0.006453856148277817,-0.000639680604703428
2019-03-15,0.006614224644564832,0.005382727761011117,0.00494066290543735
2019-03-18,0.003625523073930508,0.0012097532396514205,0.003625523073930508
2019-03-19,-0.002219181747099643,0.000244447884161903,0.0002478178346433914
2019-03-20,0.010460476829371883,0.004623206224501765,-0.003009879889243196
2019-03-21,0.0022009385285645996,0.003184783076888461,0.011295188671239072
2019-03-22,-0.019246414028779288,-0.00048008012327525537,-0.019246414028779288
2019-03-25,0.0016019078114233145,0.0028125330333352403,-0.0007521396878109422
2019-03-26,0.007454088170042372,0.0005706012193762418,0.007454088170042372
2019-03-27,-0.00522898969769417,-0.00030676821675820016,-0.00522898969769417
2019-03-28,0.0034890493281485207,-0.0021644422837265066,0.0037906623104797237
2019-03-29,0.006305245536693107,0.0020527173534073922,0.006305245536693107
2019-04-01,0.011858936958641198,-0.002093154605471135,0.011858936958641198
2019-04-02,0.0004901607216212002,0.002006718655563795,0.0004901607216212002
2019-04-03,-0.008667398319979236,-0.002814379189323907,0.0015735655244132935
2019-04-04,0.0028334702157674584,0.002676163695486579,0.002653272905512108
2019-04-05,0.004840363906617221,0.0017082904246950893,0.004840363906617221
2019-04-08,0.0007620979668403427,0.0005441781398184822,0.0007620979668403427
2019-04-09,0.003155347492098806,0.0010303639808355346,-0.005124690129955494
2019-04-10,0.002420353539978691,0.002978338905704039,0.003410967298973491
2019-04-11,-0.00027756708911988887,-0.006301876836035938,-0.00027756708911988887
2019-04-12,0.006765867493031011,-0.00035189063167124926,0.006765867493031011
2019-04-15,-0.0006545637149065409,-3.353249107321954e-05,-0.0006545637149065409
2019-04-16,-0.006260976195099445,-0.004791423865163618,0.0006549924491973233
2019-04-17,-0.0024466542862977675,-0.0013412631877623774,-0.0024466542862977675
2019-04-18,0.005234337389363424,0.0026271221768623446,0.001968976764548732
2019-04-22,0.0008619303515773124,-0.0012691400044429824,0.0008619303515773124
2019-04-23,0.0021256049251643016,0.003100770522664874,0.008991809703647135
2019-04-24,-0.0022192509027991413,0.0028379043300863632,-0.0022192509027991413
2019-04-25,-0.0014566332584564216,-0.00041468197367760965,-0.0006162219319451194
2019-04-26,0.003404100979773599,0.0049002508684146085,0.004657309715457109
2019-04-29,0.0015675810078914117,-0.0030048990988972095,0.0015675810078914117
2019-04-30,0.0051211605320375525,0.0028468279963440764,0.0005101516007825737
2019-05-01,0.004125321452130093,-0.0033305843079650356,-0.007516451913097981
2019-05-02,-0.004762036738257192,-0.0035851222852499543,-0.0021587173445552286
2019-05-03,0.009788024885662985,0.006171871391371395,0.009788024885662985
2019-05-06,-0.0041157240411073305,-1.3359637695126202e-05,-0.0041157240411073305
2019-05-07,0.007661212525859222,-0.001878833087147474,-0.016699582771408757
2019-05-08,-0.004321717724433282,-0.002744600745297887,-0.0013890987596607088
2019-05-09,0.004099039379350002,0.0011953663483407126,-0.003025634259242269
2019-05-10,0.005023075102999977,0.0018134751186190334,0.005023075102999977
2019-05-13,-0.025130139379641026,-0.0021554462495513337,-0.025130139379641026
2019-05-14,-0.002942679979444105,0.001308487810812096,0.009043472834814253
2019-05-15,0.005857458873148296,0.0037817457519410645,0.005857458873148296
2019-05-16,0.009261477835470433,-0.0005614726561990364,0.009261477835470433
2019-05-17,-0.006465133564436674,-0.0037176226553879772,-0.006465133564436674
2019-05-20,-0.0020637640339435455,-0.0028835960405871196,-0.006612420959174462
2019-05-21,-0.0015909785125610835,0.001602488283261777,0.009015694438488648
2019-05-22,-0.0030710220981767953,0.0006206641750825235,-0.0030710220981767953
2019-05-23,-0.012218358704366083,0.002448124851922014,-0.012218358704366083
2019-05-24,0.000861431202400658,0.0013827731311799305,0.0022677344769192666
2019-05-28,-0.009300059441685264,-0.0017898854749263458,-0.009300059441685264
2019-05-29,0.003030462292283775,-0.0009701770458092744,-0.006711017616618293
2019-05-30,0.008598551749014994,0.006136075191493399,0.0027311657854186683
2019-05-31,-0.013475305761205841,0.004638097727080207,-0.013475305761205841
2019-06-03,0.006689516784904332,0.006193139927728005,-0.002542909398295426
2019-06-04,-0.011401623033247453,0.0034778276812383003,0.021706851494049918
2019-06-05,0.00866238270339579,0.0019140950716022586,0.00866238270339579
2019-06-06,0.006502314037107406,0.004349674329072604,0.006502314037107406
2019-06-07,0.010007235892171881,0.008103507586485885,0.010007235892171881
2019-06-10,-0.009412949635763555,-0.0048317583957485,0.004588983417080014
2019-06-11,-0.00024224085840471633,-0.0002820574421176027,-0.00024224085840471633
2019-06-12,0.0007660329801530564,0.0013665881648703665,-0.0017655772395955148
2019-06-13,0.003443393151035733,0.0045689097822181855,0.004126142300148538
2019-06-14,0.002516695525789961,0.00033232094361082537,-0.0011047362443681575
2019-06-17,0.0003804335956680422,0.00048739952601539727,0.0003804335956680422
2019-06-18,0.005011843667308927,0.006892432580474138,0.010470738997619472
2019-06-19,0.0022571604034686502,0.0032543644459485576,0.0022571604034686502
2019-06-20,0.009554522877090988,0.01252530045105986,0.009554522877090988
2019-06-21,-0.01098704137242234,-0.0017809669852292757,-0.0014538074049583237
2019-06-24,0.007456349902761073,0.0070097390231984,-0.0012243833706434143
2019-06-25,-0.009808110542766273,-0.001671390958798567,-0.009808110542766273
2019-06-26,-0.006399234368583013,-0.005537057609200263,-0.0009972801766763148
2019-06-27,0.007047104994195548,0.003111437854026958,0.003546037395718542
2019-06-28,0.0051458137085340005,0.002446649536001712,0.0051458137085340005
2019-07-01,0.009078438897957885,-0.004209902282269514,0.009078438897957885
2019-07-02,0.0026040973005711167,0.01046698998407906,0.0026040973005711167
2019-07-03,0.007995532116447676,0.005601315130221333,0.007995532116447676
2019-07-05,-0.00113797429264035,-0.008491496433368387,-0.00113797429264035
2019-07-08,0.0013592770445435569,-0.003528728164660864,-0.005494886305082141
2019-07-09,-0.0003769463308490301,0.0014467362916461427,0.001246343385651715
2019-07-10,-0.005507121975007899,0.004979084317891878,0.004778204119493673
2019-07-11,0.0023444060639887603,-0.006417805455241352,0.0023444060639887603
2019-07-12,0.0011532827237381543,0.003979925700690493,0.004476724207341516
2019-07-15,0.00033277114496430634,0.001992470679393038,0.00033277114496430634
2019-07-16,-0.002977715416611144,-0.00488444159473586,-0.003225345309409012
2019-07-17,0.010798015854512896,0.00667545524769619,-0.006804962261238607
2019-07-18,7.55298192580689e-05,0.005975464541030026,0.003661066729269944
2019-07-19,-0.00555538086752891,-0.007595973816298271,-0.00555538086752891
2019-07-22,0.0018987546789261654,0.001401181219023802,0.0024565396753108526
2019-07-23,0.007150280701276573,-0.0012802237705430365,0.007150280701276573
2019-07-24,0.0046994027032689,0.004711575495397876,0.0046994027032689
2019-07-25,-0.00477699132409215,-0.00554090624200218,-0.00477699132409215
2019-07-26,0.0023627590997243866,0.003598484880138355,0.006699924243209456
2019-07-29,-0.0018211040577649571,0.0016877509441577492,-0.0018211040577649571
2019-07-30,0.002432633874883897,0.00107765032466078,-0.002454656464139844
2019-07-31,0.00804139582620593,-0.005444194438816765,-0.010940450759429355
2019-08-01,0.01985989898767057,0.011724740182988271,-0.008707874872609773
2019-08-02,0.009241611976394655,-0.000639947956190136,-0.007529425575216371
2019-08-05,-0.030072784887984517,0.0008147149868164612,-0.030072784887984517
2019-08-06,0.007992730946640044,0.009934387109243133,0.014022619302242776
2019-08-07,0.0005908518378238645,0.0054760249588987195,0.0005908518378238645
2019-08-08,0.019620167289212377,0.00862488887881848,0.019620167289212377
2019-08-09,-0.00681188951282122,-0.003976431809282718,-0.00681188951282122
2019-08-12,0.020849264960664336,0.006576061151354619,-0.012173495991233912
2019-08-13,-0.0034271272558837416,0.0015998186076627407,0.015551793885843542
2019-08-14,-0.029567472441341454,0.0007695297579898685,-0.029567472441341454
2019-08-15,0.01111998062866481,0.006998698547035201,0.002641604992904729
2019-08-16,0.014755462335246971,-0.0005346462917752461,0.014755462335246971
2019-08-19,0.012047659858093106,-0.0052770176270122305,0.012047659858093106
2019-08-20,-0.007662752851535123,0.0038236359188214887,-0.007662752851535123
2019-08-21,-0.00666569926920673,-0.0008781907407003388,0.008135552775763336
2019-08-22,-0.00030789145208264305,-0.0032649111394118307,-0.00030789145208264305
2019-08-23,0.016434274525640204,0.004265388603890689,-0.025687604800886377
2019-08-26,-0.004041721409687564,0.0020037703567651636,0.011058499242662063
2019-08-27,-0.003923719779770312,0.007451970966169456,-0.003923719779770312
2019-08-28,0.0012868212503893638,0.0016232140902173711,0.007041690957839644
2019-08-29,0.012773144677715948,0.00011884162775687834,0.012773144677715948
2019-08-30,-0.00044430345440736444,-0.0009173978078076687,-0.00044430345440736444
2019-09-03,0.0012921879138566685,0.0031192788165579615,-0.005847394942443614
2019-09-04,0.0014946380931456934,0.006350546376419717,0.011350407112180817
2019-09-05,0.01285554012672071,-0.009814378992154505,0.01285554012672071
2019-09-06,0.0007721923589727401,-0.00023164233616680381,0.0007721923589727401
2019-09-09,0.0005032841616313959,-0.006934756876041995,0.0005032841616313959
2019-09-10,-0.01752725369665093,-0.008641752407893865,-0.00023485358715046286
2019-09-11,-0.001777679720106139,0.0038831175317308782,0.007111091661351174
2019-09-12,0.0034636288018385255,-0.0002308876021337061,0.0034636288018385255
2019-09-13,-0.0006640163599989043,-0.009820944584327567,-0.0006640163599989043
2019-09-16,-0.0030884535707044673,0.005725622981205661,-0.0030884535707044673
2019-09-17,0.005423688426294317,0.003270460719878615,0.00253206292524317
2019-09-18,0.0005978888894879465,-0.0005280443822175334,0.0005978888894879465
2019-09-19,-6.667927660841677e-05,0.002283085468329098,-6.667927660841677e-05
2019-09-20,0.01321046559351229,0.006521941148375457,-0.004724665265110998
2019-09-23,-0.00021137503816488415,0.001716031932826978,-0.0002345009691917101
2019-09-24,-0.007846624988887106,0.0029704032654206238,-0.007846624988887106
2019-09-25,-0.014626834686912796,-0.008977263194407142,0.005914709870028437
2019-09-26,-0.00208319650156826,0.0012725826787113258,-0.00208319650156826
2019-09-27,0.0024584769592570148,-0.002754149682124142,-0.005387312260544816
2019-09-30,0.002452382089169957,-0.0027462223002735443,0.004637908090581801
2019-10-01,-0.011894784087125349,-0.0011370592436857384,-0.011894784087125349
2019-10-02,0.0024430180424195014,-0.0010901113616270013,-0.01766462792553683
2019-10-03,0.009121129719241682,0.007260103682229299,0.008192715753583914
2019-10-04,0.013532060112471989,0.006876988353776623,0.013532060112471989
2019-10-07,-0.004314520756380096,-0.007070502080485199,-0.004314520756380096
2019-10-08,0.002694000292247976,-0.0012420909458042166,-0.015525053664407458
2019-10-09,-0.005648379948077383,0.0014708553097037454,0.009496561328504061
2019-10-10,0.006763554658378825,-0.005752498286288902,0.006763554658378825
2019-10-11,0.010366991760744437,-0.0025671556225843177,0.010366991760744437
2019-10-14,-0.001113875201236123,0.0033651207019298056,-0.001113875201236123
2019-10-15,0.009900204447645718,-0.003051882028837237,0.009900204447645718
2019-10-16,-0.0016060165678501344,0.0017830794624309843,-0.0016060165678501344
2019-10-17,-0.002429810447670581,0.0006758657583537018,0.002948968469884017
2019-10-18,0.0,-0.0018325674004778772,-0.004377339281903995
2019-10-21,-0.007522554575609239,-0.0017940882409352029,0.0067794887776323745
2019-10-22,-0.0032666544196565126,0.0017814007837737662,-0.0032666544196565126
2019-10-23,0.0010042561684128345,0.0021010441834588382,0.002909758662186204
2019-10-24,0.0016336453987599701,0.0022979356168010643,0.0016336453987599701
2019-10-25,0.004094869976285257,0.000585675815916,0.004094869976285257
2019-10-28,0.005636794962782393,-0.003949480646412478,0.005636794962782393
2019-10-29,0.000655595298231202,-0.0008283388305502293,-0.0002966218827524203
2019-10-30,0.014634348783589074,0.007600849288124498,0.0030671858165124835
2019-10-31,-0.002663219102344051,0.006825649618423809,-0.002663219102344051
2019-11-01,-0.0030779641307981847,0.0023661263839699037,0.00926357989369038
2019-11-04,0.004018131154693331,-0.003972114165442896,0.004018131154693331
2019-11-05,-0.011246393076212648,-0.009459801052656388,-0.0011064144564190373
2019-11-06,0.006051169377650989,0.0034818380071908184,0.000228475398459283
2019-11-07,0.003516074091943724,-0.009900955959986744,0.003516074091943724
2019-11-08,-0.004207246751011212,-0.0026175216196507095,0.002466187359495904
2019-11-11,-0.001909833053779078,-0.001232754284687887,-0.001909833053779078
2019-11-12,0.004592570931779502,0.0031121507750943725,0.002108360544819489
2019-11-13,0.006489003078737581,0.0035419701396571268,0.0003234880878858846
2019-11-14,0.010329326821062404,0.005262617903769284,0.0014558243040478256
2019-11-15,-0.00108723862290415,0.0013004126083913119,0.0072364767118701335
2019-11-18,0.0007375482751511782,0.0018181550077070031,0.0007375482751511782
2019-11-19,0.008332833726496264,0.0028017569932188885,-0.0002884400246925696
2019-11-20,0.010347392599842877,0.0023017470558766395,-0.0037186601735453655
2019-11-21,-0.00625817044632458,-0.004414173755588398,-0.001608661286129959
2019-11-22,0.0012883981608312943,0.0005785224292728431,0.002223375501273254
2019-11-25,0.007750377115846386,0.0020837396991238827,0.007750377115846386
2019-11-26,0.0022654775513086447,0.004276593142394075,0.0022654775513086447
2019-11-27,0.004457512234270672,-0.0011377446602973817,0.004457512234270672
2019-11-29,-0.002132048602196573,-5.6839901974112955e-06,-0.0037084893200967435
2019-12-02,-0.013333131384634569,-0.007445313389446555,-0.008494994160835545
2019-12-03,0.020967344481983556,0.007930175873964633,-0.006706338920203773
2019-12-04,-0.009984542377888666,-0.001785707623730879,0.006170243059971018
2019-12-05,0.0017980249271391715,-0.000830814911976971,0.0017980249271391715
2019-12-06,0.009134006000630822,-0.002150066124050427,0.009134006000630822
2019-12-09,-0.0031440149917712715,-0.00043515056710544434,-0.0031440149917712715
2019-12-10,7.23346543642922e-05,0.0005984636079077901,-0.0011151950144222052
2019-12-11,0.0028388525434207825,0.005857330061886017,0.0028388525434207825
2019-12-12,0.008619035690541926,-0.0037737541903618754,0.008619035690541926
2019-12-13,0.0005987751420048116,0.005493074522507733,0.0005987751420048116
2019-12-16,0.0068702365347465795,-0.0006823103728697379,0.0068702365347465795
2019-12-17,0.00021892621902104602,-0.0004488579108505124,0.00021892621902104602
2019-12-18,-0.008212363244583626,-0.002635826055947507,6.253665737765424e-05
2019-12-19,0.0015997919076391426,0.002780169674130164,0.004099368956154787
2019-12-20,0.0013188017611637814,0.0022538970928664033,0.004384269471374481
2019-12-23,-0.0014632768338517965,0.0010805306857450483,0.0015273837186239915
2019-12-24,0.002857935776437712,0.004107668769820661,3.1163973362779984e-05
2019-12-26,0.002411696319492856,0.005240826652871345,0.005323557947706889
2019-12-27,0.0010931445508119957,0.00014852436726075824,-0.0002482948776921172
2019-12-30,-0.003640445649749033,-0.002326665423978542,-0.005513100470643423
2019-12-31,-0.00979408575327494,-0.0016857188063900352,0.0024292433475780655
2020-01-02,0.009351927690214682,0.009331017039898953,0.009351927690214682
2020-01-03,-0.007571754774161774,0.007033628123594794,-0.007571754774161774
2020-01-06,-0.0056790819800968655,0.002851974954871589,0.003814865670767624
2020-01-07,-0.0028117156058284076,-0.0012385987152515607,-0.0028117156058284076
2020-01-08,-0.006610699669417662,-0.002992707830572297,0.005329520693777563
2020-01-09,0.00678059497115324,0.0015008780173310671,0.00678059497115324
2020-01-10,-0.0028777442961686796,0.004014261057710742,-0.0028777442961686796
2020-01-13,-0.0030334382692054807,-0.0012304963604964332,0.006877508538551872
2020-01-14,-0.001524792528271643,0.0009081201777088501,-0.001524792528271643
2020-01-15,0.00663141119293152,0.004912898703572161,0.0022599060681488844
2020-01-16,-0.0031508248953714194,0.0011783831531407005,0.008318305004448795
2020-01-17,0.0031126636321078885,-0.001199356840951443,0.0031126636321078885
2020-01-21,-0.0019580621296925943,0.003186985655281909,-0.0019580621296925943
2020-01-22,0.0035131304257919986,0.0013256515231937216,0.00012055996008683978
2020-01-23,0.007002327377736865,0.0034707478825264943,0.001146747738939441
2020-01-24,0.00808825547203334,0.0016987767825996907,-0.00889298612550029
2020-01-27,0.015554765658352294,0.002256108880712172,-0.016029456856119256
2020-01-28,-0.007831267620481008,-0.002285792590618533,0.010479261450928952
2020-01-29,-0.0008261154068678749,0.004859837196326853,-0.0008261154068678749
2020-01-30,0.00013840453020143138,0.0011250952507724503,0.003245486255577934
2020-01-31,-0.018157900517657127,-0.0008721846992189135,-0.018157900517657127
2020-02-03,-0.0008101191677456781,4.08535422975944e-05,0.007428368596682003
2020-02-04,0.01524124858189173,-0.003675268993426865,0.01524124858189173
2020-02-05,0.011548257927745845,0.0007488278976812688,0.011548257927745845
2020-02-06,0.0033647871648651334,0.004401023468100538,0.0033647871648651334
2020-02-07,-0.005329737604127192,0.0030952882503263303,-0.005329737604127192
2020-02-10,0.0027691351422007337,0.0043131689637836545,0.0074655543518782255
2020-02-11,0.001732815669407322,-0.002188539252820311,0.001732815669407322
2020-02-12,-0.0050661205674986925,0.0002974292464234102,0.006442928731429511
2020-02-13,-0.0010671456369519576,0.002741398088028774,-0.0010671456369519576
2020-02-14,0.0043774786767610974,0.003352367166115563,0.0016020808277538768
2020-02-18,-0.002576643542459373,0.0055547672614291825,-0.002576643542459373
2020-02-19,-6.804829579520888e-05,0.0035429833637240153,0.004780924107838477
2020-02-20,-0.004108249509883568,0.002496643908246007,-0.004108249509883568
2020-02-21,0.009340462569201697,0.0045384778588386035,-0.01029803819401485
2020-02-24,0.014928351773858442,-0.003203791441980096,-0.03316545531119844
2020-02-25,0.005324670342470221,-0.014147100186601886,-0.03030220273456867
2020-02-26,-0.0052964683942913066,-0.0015089943362566955,-0.0036783449567963024
2020-02-27,-0.04491154373093367,-0.010588480198433092,-0.04491154373093367
2020-02-28,0.022583313833155857,-0.005993347189470424,-0.004201895337369246
2020-03-02,-0.007357539447470082,0.013825070551901983,0.04330645349941675
2020-03-03,-0.028632046241251777,0.005637906454467333,-0.028632046241251777
2020-03-04,-0.01061877008164158,0.011022224134874095,0.04203275084360438
2020-03-05,-0.03324148456629297,0.003933636089557605,-0.03324148456629297
2020-03-06,0.052043869374122045,0.011829585385952279,-0.01653140658420335
2020-03-09,0.027103293418165343,-0.015125337275483748,-0.0780941482640273
2020-03-10,-0.05125833805877432,-0.010072428442798967,0.05174477167334342
2020-03-11,-0.048748357607866714,-0.029297751593249398,-0.048748357607866714
2020-03-12,0.006197656647263877,-0.041620139539979,-0.09567733312751088
2020-03-13,-0.022603461672357807,0.006402635602939813,0.08548643221152516
2020-03-16,-0.10942378011467724,-0.01612546424890037,-0.10942378011467724
2020-03-17,-0.06668343770847177,-0.00490179046817397,0.05399211711279439
2020-03-18,-0.05063311842892386,-0.04207947013515746,-0.05063311842892386
2020-03-19,0.027225660541726704,0.0033974915790922614,0.002125137154278943
2020-03-20,-0.04309401301903435,0.018850634584514213,-0.04309401301903435
2020-03-23,-0.02556829856836576,0.023359810785936606,-0.02556829856836576
2020-03-24,0.09060313486362932,0.03430394405368405,0.09060313486362932
2020-03-25,-0.00227167348889327,-0.0014365931343130328,0.014970285498629249
2020-03-26,0.004922046686456745,0.02311295087530839,0.05838980443200586
2020-03-27,-0.02978570761850238,-0.0016726992512840445,-0.02978570761850238
2020-03-30,-0.008228726907205188,0.007938386983054468,0.032475783860074575
2020-03-31,-0.014905371925427112,-0.018308234674908896,-0.014905371925427112
2020-04-01,-0.04500505202823968,-0.00717935899372305,-0.04500505202823968
2020-04-02,0.0063451707745392156,0.015115031421318557,0.02307554800251613
2020-04-03,-0.014454226289862631,-0.0021921808938408457,-0.014454226289862631
2020-04-06,0.06716601207599271,0.030023194373714958,0.06716601207599271
2020-04-07,0.0010197885475044235,-0.004927000999128154,0.0010197885475044235
2020-04-08,-0.007275516313230774,0.005755234459891805,0.03356820858368432
2020-04-09,0.015217041045412175,0.014562252972194739,0.015217041045412175
2020-04-13,-0.009130002409574426,-0.00020541485710243688,-0.009130002409574426
2020-04-14,0.029493019841015697,0.01264115548321602,0.029493019841015697
2020-04-15,-0.021248207892030597,-0.0008310738982967546,-0.021248207892030597
2020-04-16,0.011356366262154673,0.004965061637107198,0.004824385651754596
2020-04-17,0.027015404459484357,-0.0018071476587510557,0.027015404459484357
2020-04-20,-0.01761760299529782,-0.0011757874719027176,-0.01761760299529782
2020-04-21,0.012591485335483535,-0.008631633522872186,-0.03036366733225558
2020-04-22,-0.010216544935129909,0.010711981767113653,0.022194618138199316
2020-04-23,-7.1553244438749e-05,0.005074535597333679,-7.1553244438749e-05
2020-04-24,0.013938734590502357,0.003971981415181871,0.013938734590502357
2020-04-27,0.01441839965644257,-0.0033308188120151714,0.01441839965644257
2020-04-28,-0.004598446444471293,0.0005372699385701449,-0.004598446444471293
2020-04-29,-0.00518922017409887,0.009207675355924379,0.026178514237015383
2020-04-30,-0.00931051197088522,-0.013011417391478533,-0.00931051197088522
2020-05-01,0.008563448300437038,-0.003912915748089735,-0.02647345315620421
2020-05-04,-0.0047035753622641325,0.0004911252368610226,0.0027580468042884506
2020-05-05,0.009239449964159405,0.002299898794591365,0.009239449964159405
2020-05-06,-0.0067789513838652305,-0.01194933550708319,-0.0067789513838652305
2020-05-07,0.016706416645465266,0.014714761423703232,0.012066966023316741
2020-05-08,0.01654629188796436,-0.0008963340449098028,0.01654629188796436
2020-05-11,0.00020520917165480114,-0.004589850014022884,0.00020520917165480114
2020-05-12,-0.019931588218426104,-0.002054012901099451,-0.019931588218426104
2020-05-13,0.0069965838065051255,-0.000285079379139401,-0.017685882016096503
2020-05-14,0.009787267784828736,0.01017625551986143,0.011967055758203634
2020-05-15,0.0045973217543568735,0.002564035901866058,0.0045973217543568735
2020-05-18,0.030459645498213322,7.70215216926301e-05,0.030459645498213322
2020-05-19,-0.010271383361365346,0.0010326207147087073,-0.010271383361365346
2020-05-20,0.00299457098467186,0.007436052798849247,0.016987962314331858
2020-05-21,-0.00690400484068365,-0.006472772560525331,-0.00690400484068365
2020-05-22,0.006015356689229495,0.004600759947236594,0.0018990993020681218
2020-05-26,0.012320578151587568,-0.005070406441141633,0.012320578151587568
2020-05-27,0.014878947530668001,0.005074596083454536,0.014878947530668001
2020-05-28,-0.0018447594816558533,-0.0007010813619838288,-0.0018447594816558533
2020-05-29,0.007141719074705177,0.006291899720653685,0.00445579758491126
2020-06-01,0.004041634976039653,0.0006376628665754286,0.004041634976039653
2020-06-02,-0.0036358386592754343,-0.0006010097212514887,0.008280360586860366
2020-06-03,0.013308378121161554,-0.006033855519277242,0.013308378121161554
2020-06-04,-0.002626974148842925,-0.0021868078318657592,-0.002626974148842925
2020-06-05,-0.007123504688688449,-0.00023705999301850723,0.02562954903543095
2020-06-08,0.012087638689740962,0.009027083481024541,0.012087638689740962
2020-06-09,0.011358355023020489,0.004140531797750211,-0.007456705855213766
2020-06-10,0.014827305595465072,0.007525042054515847,-0.005580253733354912
2020-06-11,0.018901536847494002,-0.016157125613927216,-0.05764852337681947
2020-06-12,-0.009641351589449202,0.0011950499544875893,0.011975481696528473
2020-06-15,0.00933567533040738,0.00270874460693834,0.00933567533040738
2020-06-16,0.019247587886272066,0.0012301233026465368,0.019247587886272066
2020-06-17,-0.004153928700001469,0.0005560535642733786,-0.004153928700001469
2020-06-18,0.00038542839313945686,0.0029407068804411206,0.00038542839313945686
2020-06-19,-0.005715358757607399,0.001966934304149323,-0.005715358757607399
2020-06-22,0.0001234659553996643,0.004359746255041723,0.006415080442433149
2020-06-23,0.0046039724851966324,0.0021295158181638446,0.0046039724851966324
2020-06-24,-0.025508831123649753,-0.0063317206529215075,-0.025508831123649753
2020-06-25,0.0028822441552511626,0.004312169916847709,0.010720789993783987
2020-06-26,-0.02375168117666512,-0.002914778166262978,-0.02375168117666512
2020-06-29,-0.0031466246654930073,0.003943347875825705,0.014697392876860725
2020-06-30,0.012809413618879406,0.004123083538206739,0.012809413618879406
2020-07-01,0.007005095093327562,0.00019410401343120283,0.007005095093327562
2020-07-02,0.005506908928541043,0.002910801367325244,0.005506908928541043
2020-07-06,0.01543714703004538,0.005819982717597287,0.01543714703004538
2020-07-07,0.014056242400260578,0.0032096018181228467,-0.010313707020733386
2020-07-08,-0.003995671932095655,0.0033014469982471915,0.007648604583523067
2020-07-09,-0.005692884413285491,0.00243420886065233,-0.005692884413285491
2020-07-10,-0.0050246649929181954,0.0008680974436659715,0.010210720223230165
2020-07-13,-0.008659231867241948,-0.0014083284753427623,-0.008659231867241948
2020-07-14,0.0014381604805874615,0.006361523070367056,0.012959262678864334
2020-07-15,0.009187132652631796,0.0018340871663516823,0.009187132652631796
2020-07-16,-0.0032933459400135787,-0.00267501545605828,-0.0032933459400135787
2020-07-17,-0.002093937214322022,0.002992253457523582,0.0028991795213485676
2020-07-20,0.008081360555148622,0.005143826020492379,0.008081360555148622
2020-07-21,0.002127549352717901,0.00489842702826678,0.002127549352717901
2020-07-22,0.0029889820144102155,0.007965378063909248,0.005692076272149954
2020-07-23,-0.011931673306469841,0.002738876400324053,-0.011931673306469841
2020-07-24,-5.89871675209519e-05,0.0007240026356291908,-0.006440308124304007
2020-07-27,0.007292543737034543,0.007895771127379844,0.007292543737034543
2020-07-28,-0.006342442909862939,0.003022095246241429,-0.006342442909862939
2020-07-29,-0.001703245989634308,0.006065209828226863,0.012298653097522849
2020-07-30,-0.0035680398785484704,-0.0015967956842710702,-0.0035680398785484704
2020-07-31,-0.000642300972105241,0.00551380460962044,0.007902120942722479
2020-08-03,0.006952133685244877,0.0010164302064564778,0.006952133685244877
2020-08-04,0.003862429302939405,0.011546745760718374,0.003862429302939405
2020-08-05,0.006211309834873457,0.0023005653682182238,0.006211309834873457
2020-08-06,0.006684246794177875,0.008558638442402414,0.006684246794177875
2020-08-07,0.0007181151662453836,-0.007343230825834998,0.0007181151662453836
2020-08-10,0.0029890584099531354,-0.0016224994245853106,0.0029890584099531354
2020-08-11,-0.011884755156769749,-0.02474685654716199,-0.008254418627708699
2020-08-12,-0.009096363251375786,0.0002630905768346535,0.013942002123522559
2020-08-13,-0.0018079572312543243,0.0035642900770691283,-0.0018079572312543243
2020-08-14,2.9711679631727606e-05,-0.002677348957297146,2.9711679631727606e-05
2020-08-17,0.0025123750585282698,0.009097898949817457,0.0031766941425949964
2020-08-18,0.002160549066411603,0.006051847449817684,0.002160549066411603
2020-08-19,-0.0062517293712215085,-0.01405000546699542,-0.004163822285129045
2020-08-20,0.009039797813091754,0.006279338918040702,0.0031134702890777475
2020-08-21,0.0059917553018910795,0.0005156442601702898,0.0035476694510540277
2020-08-24,0.010132927254846045,0.0011354287407096242,0.010132927254846045
2020-08-25,0.0034991829441647876,-0.0008584756317341648,0.0034991829441647876
2020-08-26,0.010025865871109825,0.006149400217926317,0.010025865871109825
2020-08-27,-0.017009141060161638,-0.008441631313560283,0.002186118599770457
2020-08-28,-0.0007442630059816462,0.007755976064673122,0.006459760139985369
2020-08-31,-0.00362264660304916,0.001576531778708721,-0.00362264660304916
2020-09-01,0.011437786762367617,0.007348953529812419,0.00941878427167486
2020-09-02,0.014464053442403597,0.0036671628688006654,0.014464053442403597
2020-09-03,0.002840713181398547,-0.013302364080709624,-0.034414410558468646
2020-09-04,-0.01898840314809721,-0.008290384392865863,-0.008164608923992255
2020-09-08,-0.02732324908078003,-0.007586551199538203,-0.02732324908078003
2020-09-09,-0.002687150165668668,0.008706328307902704,0.01974786163538273
2020-09-10,-0.017363910580015057,-0.005035145112978123,-0.017363910580015057
2020-09-11,0.0021327076643515392,0.0008771840164676397,0.0005090497007782242
2020-09-14,0.013171320512746797,0.006869696755657366,0.013171320512746797
2020-09-15,0.005052507244547681,1.5516024927165507e-05,0.005052507244547681
2020-09-16,-0.003968769273347975,-0.0013684152406955494,-0.003968769273347975
2020-09-17,0.0030571298612076343,-0.0036667405209694307,-0.008795131101490751
2020-09-18,-0.003108140596770208,-0.004358228182128644,-0.011512773913851687
2020-09-21,-0.011129682487362963,-0.008594669363317457,-0.011129682487362963
2020-09-22,-0.0007907994192000088,0.0013882749253828876,0.010184618673893791
2020-09-23,-0.023191095453944408,-0.014178771907353947,-0.023191095453944408
2020-09-24,0.003829686231496148,0.0034195172902819777,0.0026652344599173245
2020-09-25,0.0,0.004253394252499672,0.016167138276643917
2020-09-28,0.016609544426075856,0.007666756912104791,0.016609544426075856
2020-09-29,-0.005446189948503939,0.0013648003412673356,-0.005446189948503939
2020-09-30,-0.009585034336308827,-0.002825628674299039,0.007582088313140991
2020-10-01,0.001649555221895288,0.005663323040512614,0.006419897444065177
2020-10-02,-0.003734049449939863,-0.004706315962197491,-0.0094943830457823
2020-10-05,-0.01953945622406041,0.001029346041366416,0.01773313539879302
2020-10-06,0.005390052884602691,-0.00700685811524582,-0.014215913709745688
2020-10-07,-0.007293784244032841,0.0032772844761149323,0.017406489098771287
2020-10-08,0.008862457129484828,0.005960197920661667,0.008862457129484828
2020-10-09,0.00893044276143622,0.009035761634939401,0.00893044276143622
2020-10-12,0.016087547133901904,0.005544460810750377,0.016087547133901904
2020-10-13,0.007161205226731126,-0.0051858319689976635,-0.006526322236762331
2020-10-14,0.002286955015869714,-0.00039336679812789713,-0.0062835613547025364
2020-10-15,-0.0017273448116280007,0.00022010682820955212,-0.001235611294616087
2020-10-16,-0.002780504059061139,-0.0022652619823583893,-0.0006043701575825979
2020-10-19,-0.00377928777195115,-0.006263246435899847,-0.01520335625905181
2020-10-20,-0.009516242796570885,-0.00014433686161137264,0.004005700066705284
2020-10-21,-0.0034533557486178938,0.0007660213121013423,-0.0018933067755813257
2020-10-22,0.005485567221383598,-0.004806418416338628,0.005485567221383598
2020-10-23,0.003395252546391538,0.002767650985002402,0.003395252546391538
2020-10-26,-0.018479594326341768,-0.003513337027164842,-0.018479594326341768
2020-10-27,0.006708777225631096,0.0019069748297159616,-0.0034477634467830927
2020-10-28,0.0009343961622211763,-0.016610244234803395,-0.03417865405776968
2020-10-29,-0.009707641868580339,-0.0012768414261657688,0.010163361901811524
2020-10-30,-0.010425197959331422,-0.005211692974964528,-0.010425197959331422
2020-11-02,0.007490327394751898,0.009468055276412245,0.011208919345470969
2020-11-03,0.01765582869152136,0.005858170745657058,0.01765582869152136
2020-11-04,0.022348915955287187,0.014496763509293575,0.022348915955287187
2020-11-05,0.019502827396922124,0.014763100239231147,0.019502827396922124
2020-11-06,-0.00022843509988234456,-0.0035581623798596473,-0.00022843509988234456
2020-11-09,0.012565858587667516,-0.01722878528067348,0.012565858587667516
2020-11-10,-0.005767021236294726,-0.0013086440778612915,-0.0014667366087905357
2020-11-11,0.007428733004992655,0.002379943406546644,0.007428733004992655
2020-11-12,-0.009700963609309976,0.003986684040728713,-0.009700963609309976
2020-11-13,-0.0013263851049769343,0.006626112214250055,0.013844656258535702
2020-11-16,0.012482546380841293,0.003610670308956043,0.012482546380841293
2020-11-17,-0.005378475066404741,-0.000999606322638559,-0.005378475066404741
2020-11-18,0.002896181863249346,-0.005168832478686015,-0.012034982101108049
2020-11-19,0.005148872326064785,0.0025592298449989732,0.004210268285443233
2020-11-20,-0.006847653884939057,0.001456897719688309,-0.006847653884939057
2020-11-23,-0.0045812540540688135,-0.005725647010855379,0.005994495029698375
2020-11-24,0.016113642025477395,-0.0024273425950693817,0.016113642025477395
2020-11-25,-0.0015418111896943689,-0.0017114897403692287,-0.0015418111896943689
2020-11-27,0.002784951758901745,0.0010111352646679107,0.002784951758901745
2020-11-30,-0.004427029658049151,-0.004071986646540194,-0.004427029658049151
2020-12-01,0.010937381061667304,0.005750948573661042,0.010937381061667304
2020-12-02,-0.00793647466386058,0.0006585813864463986,0.0021036263206503317
2020-12-03,0.008063706734346754,0.005201716788890704,-0.00027274976940895314
2020-12-04,-0.014665555763219125,-0.00285413746681629,0.008617769720368169
2020-12-07,-0.002055069582150146,0.007295387962836427,-0.002055069582150146
2020-12-08,0.004725819543007054,0.0036979412211446214,0.002926375943980499
2020-12-09,-0.00896875620811697,-0.009943276344214613,-0.00896875620811697
2020-12-10,0.008864111191799912,0.0021075083643767377,-0.0003273181058736045
2020-12-11,0.003539509685569013,0.001395300921873085,-0.001172358898425426
2020-12-14,-0.002770929202793494,-0.004270660801182,-0.0044776014502194905
2020-12-15,-0.003347421479936545,0.008160771046173222,0.013520013279974395
2020-12-16,0.0015690881945447084,0.00155129136601972,0.0015690881945447084
2020-12-17,0.005591808085415779,0.004630395415953786,0.005591808085415779
2020-12-18,-0.003992509577828884,-0.002881597287335675,-0.003992509577828884
2020-12-21,-0.0035757647085216996,-0.0010254185215065395,-0.0035757647085216996
2020-12-22,0.005160869755047808,-0.001630604596945215,-0.0016852984934076264
2020-12-23,0.0008986189405533065,0.0003437238964381919,0.0008986189405533065
2020-12-24,0.0038901616562589674,0.003944586620049371,0.0038901616562589674
2020-12-28,0.008590976989160752,0.0017581092652522727,0.008590976989160752
2020-12-29,-0.0012711367084999225,0.000201100600636845,-0.0019079259065958956
2020-12-30,0.002163810984115466,0.003807779439591705,0.0014270660339880488
2020-12-31,0.005080957550396675,0.003450710434899639,0.005080957550396675
2021-01-04,-0.00120472928556208,0.002479841407186523,-0.013614107151757584
2021-01-05,-0.007426552667639098,0.0007991998954750032,0.00688736941308569
2021-01-06,0.005978443756550785,-0.010321228793336282,0.005978443756550785
2021-01-07,0.014857549892642792,0.001319544329463066,0.014857549892642792
2021-01-08,0.0056974311883337,-0.010646121159972067,0.0056974311883337
2021-01-11,-0.006740635444153064,-0.003512432879440318,-0.006740635444153064
2021-01-12,-0.0007947160750231238,0.0019493704789822243,0.00021133124275960098
2021-01-13,0.002692927869013677,0.0031569267418840763,0.002692927869013677
2021-01-14,-0.0035020049904522354,-0.004441650370497404,-0.0035020049904522354
2021-01-15,0.003968123909182355,-0.005312476373647222,-0.007292710034165258
2021-01-19,0.0032272428000871636,0.006534604661576186,0.007851742171724265
2021-01-20,0.013838844903417871,0.01042807963862284,0.013838844903417871
2021-01-21,0.0009119540550492855,-0.0021717229928429906,0.0009119540550492855
2021-01-22,-0.0035396262017189234,-0.002783703739821368,-0.0035396262017189234
2021-01-25,0.01178557051153588,0.005478881811857055,0.00394388413830654
2021-01-26,-0.0018874486808903895,-0.0019658332444522563,-0.0015610106614197285
2021-01-27,-0.024440261425281436,-0.009683429894834719,-0.024440261425281436
2021-01-28,-0.005527653459542156,0.0013997104201211841,0.008599827264337693
2021-01-29,-0.020019509236861195,-0.00897143184685096,-0.020019509236861195
2021-02-01,0.0011588938169266676,0.009063258478850823,0.016645590434531433
2021-02-02,0.014140132207051914,-0.0014408258175895496,0.014140132207051914
2021-02-03,0.000786702700113817,-0.0031496442947458085,0.000786702700113817
2021-02-04,0.011365386143140619,-0.004096269735934228,0.011365386143140619
2021-02-05,0.003935782919279204,0.0018297516988269285,0.003935782919279204
2021-02-08,0.007222140607652684,0.00723589798729138,0.007222140607652684
2021-02-09,0.0007398408059039872,0.0010785727249602703,-0.0006658902435801163
2021-02-10,0.006653460114755636,0.0032033164407052304,-0.0004358288909665054
2021-02-11,-0.005473752095285179,-0.004073300701455037,0.0016151657406916725
2021-02-12,0.004940056381599303,-0.0032960068780507174,0.004940056381599303
2021-02-16,-0.0008661843891273783,-0.00989336865304688,-0.0008661843891273783
2021-02-17,0.006350284352969002,-0.0015935140973191478,0.00022930053701725173
2021-02-18,-0.004046881460944494,-0.0028337408597399237,-0.004255787129229911
2021-02-19,-0.013291830394550164,-0.003555131558021133,-0.0017660328996072642
2021-02-22,-0.007691852657805886,-0.0002708745064939691,-0.007691852657805886
2021-02-23,-0.002883493056138316,-0.001244713092183087,0.0012143392920027475
2021-02-24,0.011019188650012612,0.0015934851784295693,0.011019188650012612
2021-02-25,-0.024095545617218404,-0.01992347486259935,-0.024095545617218404
2021-02-26,0.033058914049439024,0.0005544999868841894,-0.00515252068113084
2021-03-01,0.024240024719588783,0.0031008019982882336,0.024240024719588783
2021-03-02,-0.007803239842821517,-0.0008254618278810946,-0.007803239842821517
2021-03-03,-0.010845735282141349,-0.011715470841703709,-0.013245425022714837
2021-03-04,-0.006449473437316943,-0.009580636431896786,-0.012374989896824336
2021-03-05,0.001946913914339741,0.007042155227982407,0.018396658002117733
2021-03-08,-0.00497853802222191,-0.007683616463184669,-0.00497853802222191
2021-03-09,0.013857223661533942,0.016454047066064015,0.014277201447755683
2021-03-10,0.006224505976632544,0.004469814582272086,0.006224505976632544
2021-03-11,0.010139335614396295,0.0008173814452962949,0.010139335614396295
2021-03-12,0.0013466987090481766,-0.006464911503407783,0.0013466987090481766
2021-03-15,0.005963544164438921,0.0054131156401243715,0.005963544164438921
2021-03-16,-0.0012613013864447955,-0.0014107288879655693,-0.0012613013864447955
2021-03-17,0.0034100552882545105,0.0011950772558948339,0.0034100552882545105
2021-03-18,-0.014550082123949539,-0.010212573870078883,-0.014550082123949539
2021-03-19,0.006198041547720891,0.002728307280378641,-0.0018500006758261202
2021-03-22,0.0079849875236672,0.005801965997718688,0.0079849875236672
2021-03-23,-0.00787083243527937,-0.0023029663530617496,-0.00787083243527937
2021-03-24,0.005381728897774807,0.0011421904791540393,-0.005083633440457647
2021-03-25,-0.007884944631362533,-0.0018447002107209736,0.0056257770313935685
2021-03-26,0.016114876000197374,0.005372911086906422,0.016114876000197374
2021-03-29,-0.0005050576080040237,-0.006849371185197152,-0.0005050576080040237
2021-03-30,0.005239392417453823,-0.004940870413675357,-0.002652954383205896
2021-03-31,0.004053338653577246,0.004607458555949249,0.004053338653577246
2021-04-01,0.010798936125015972,0.013341449659047756,0.010798936125015972
2021-04-05,0.014353101758237606,0.0031898720297324507,0.014353101758237606
2021-04-06,0.006792514967165627,0.0047206404565235,-0.0005905878864667368
2021-04-07,-0.006964602897917251,-0.002867657238912071,0.001157513557629548
2021-04-08,0.004746522470528282,0.007908565432912374,0.004746522470528282
2021-04-09,0.007270423658987935,-0.0012838780664012409,0.007270423658987935
2021-04-12,0.0003643762761031111,-0.002033512668732845,0.0003643762761031111
2021-04-13,0.007493209270797996,0.005826006422600589,0.0029636867400383666
2021-04-14,-0.0034150574676253104,-0.0036437682828659368,-0.0034150574676253104
2021-04-15,0.01673470580604311,0.014523174412066433,0.010742622055834577
2021-04-16,0.003342209341454964,0.0005447798675821535,0.003342209341454964
2021-04-19,-0.004913119512927517,-0.0035247410111443143,-0.004913119512927517
2021-04-20,0.004608194065644512,0.00024067459939938187,-0.007321488519098342
2021-04-21,0.0020077734402984835,0.007142051174273455,0.009462366992962223
2021-04-22,-0.00913321641867312,-0.0037943986281860917,-0.00913321641867312
2021-04-23,-0.002351183233856316,0.0015491680944708136,0.010842271685159275
2021-04-26,0.0020877335454893803,0.0011088768764707074,0.0020877335454893803
2021-04-27,-0.008722916839603063,-0.0037922405597657937,-0.00021579838735613063
2021-04-28,0.0006490506375362399,0.0010985073144398761,-0.0002871656040884976
2021-04-29,0.006372826518869295,-0.00020269307241526507,0.006372826518869295
2021-04-30,0.0023133895561537345,-0.002594595152621601,-0.00657064031027845
2021-05-03,0.0005996756524310758,0.005244929741892787,0.0021567612313650856
2021-05-04,-0.006169190254220977,-0.002260544289091074,-0.006169190254220977
2021-05-05,0.0016489863370636308,0.0020398829684405858,0.00031275461066732757
2021-05-06,0.007985592571752891,0.008775730527127677,0.007985592571752891
2021-05-07,0.007277970085466823,0.003800840223931551,0.007277970085466823
2021-05-10,-0.009902386229925482,-0.005588872097782709,-0.009902386229925482
2021-05-11,-0.0056595033452528885,-0.004740289646159582,-0.008924695034512643
2021-05-12,-0.010507767352320665,-0.013837688439002502,-0.021245436947044793
2021-05-13,0.001549071518201592,0.005843749037108966,0.012012599965949026
2021-05-14,0.01535524836133921,0.011239524697944262,0.01535524836133921
2021-05-17,-0.002544240524072286,0.0024741255619989445,-0.002544240524072286
2021-05-18,-0.0025588362098975794,-0.002980160947965596,-0.008615671877423032
2021-05-19,-0.002418781516851344,-0.0014021935270110883,-0.00262196332257319
2021-05-20,0.008228302828006101,0.007772030061563632,0.010758049959826746
2021-05-21,-0.0008188132036231492,0.000933826781134539,-0.0008188132036231492
2021-05-24,0.010194367759249033,0.00514247173270267,0.010194367759249033
2021-05-25,-0.0022184916085810713,0.005436919070756952,-0.0022184916085810713
2021-05-26,-0.001720871763717958,-0.0005240590326969173,0.0019842966892462586
2021-05-27,0.0005248355726265388,-0.0010044073083414643,0.0005248355726265388
2021-05-28,0.0017888489457073453,0.0013811030808818347,0.0017888489457073453
2021-06-01,-0.00022415760682623136,-0.0012654108730424203,-0.0008811288681775803
2021-06-02,0.002315365975715785,0.002924962624111551,0.00157303668987869
2021-06-03,-0.003711545796514358,-0.009017305567727854,-0.003711545796514358
2021-06-04,0.013694718778140802,0.011211206736123294,0.009145988252438479
2021-06-07,-0.0009704398397063919,-3.536570185828979e-05,-0.0009704398397063919
2021-06-08,0.00702663675090553,0.0014015200643074542,0.00021322462912064754
2021-06-09,0.008828777925657711,0.0018452411488951057,-0.001491711185661691
2021-06-10,0.005998897566566285,0.004990284129675371,0.004648313119943423
2021-06-11,0.0016522098625907982,-0.003692172411528422,0.0016522098625907982
2021-06-14,0.0022391762660132065,-0.0037678512833446975,0.0022391762660132065
2021-06-15,-0.001204120573422942,-0.002252268663977239,-0.0018341437922512584
2021-06-16,-0.0008510301142070385,-0.00764727222077053,-0.005583387946833837
2021-06-17,0.014972354448375965,-0.004879022155570995,-0.00033153863728923086
2021-06-18,-0.013490536214908203,0.0002520432188915511,-0.013490536214908203
2021-06-21,-0.016742719980236197,0.002647391514427572,0.014316066843619711
2021-06-22,0.005346238144189974,0.0013370973850680866,0.005346238144189974
2021-06-23,-0.0012053409747479107,-0.0015128894768046128,-0.0012053409747479107
2021-06-24,0.005915608528155978,0.0023760351828670725,0.005915608528155978
2021-06-25,0.003552088035558083,-0.0013699060281680598,0.003552088035558083
2021-06-28,0.00201624939496442,0.004214510052005348,0.00201624939496442
2021-06-29,0.0016729061017146155,-0.0025145264232605156,0.0005378220430041125
2021-06-30,0.004453505775859806,0.003341305012228563,0.0008416845233569292
2021-07-01,0.005536639618873158,0.0030109279893048855,0.005536639618873158
2021-07-02,0.007643483050544736,0.006747048207964372,0.007643483050544736
2021-07-06,-0.0018214121703517398,0.004937726193945911,-0.0018214121703517398
2021-07-07,0.008858587893161905,0.005405300038933127,0.003534077396732475
2021-07-08,-0.008147972562868208,-0.0016041927781665771,-0.008147972562868208
2021-07-09,-0.014063196781403433,-0.00012143376131524847,0.010674568051507826
2021-07-12,0.003582035840600876,0.0003465102809665824,0.003582035840600876
2021-07-13,-0.007653510078094631,-0.0032460241311617526,-0.0034088592390124884
2021-07-14,0.011362521896679703,0.00786201953226981,0.0014920123666716965
2021-07-15,-0.0034154234538267838,0.0025851772750355275,-0.0034154234538267838
2021-07-16,-0.0018863154905197517,-0.006474458805175302,-0.00784369391748701
2021-07-19,0.02192900260577559,0.002900490472577194,-0.014767745158308967
2021-07-20,-0.009640105025999933,0.0009031710971334236,0.014330251482813331
2021-07-21,0.008096346255319539,-0.0028759105295270283,0.008096346255319539
2021-07-22,0.002094222505148753,0.004517439247033213,0.002094222505148753
2021-07-23,0.01028816643784393,0.00010702753116125603,0.01028816643784393
2021-07-26,0.0024545041684115444,-0.0009573646555453709,0.0024545041684115444
2021-07-27,0.010671653994953536,0.002589135141017856,-0.004557378622173829
2021-07-28,6.687237768110421e-05,0.0015518929266172346,-0.00041011183766165874
2021-07-29,0.004147296359065386,0.0031908472171538844,0.004147296359065386
2021-07-30,-0.004856269984217497,-0.002679867905888373,-0.004856269984217497
2021-08-02,0.008919587489746009,0.0018616164215834168,-0.0020980952806445097
2021-08-03,0.0005314585056585648,0.0026443726283061782,0.00813535793388601
2021-08-04,-0.004918638259447078,-0.0008752354084256111,-0.004918638259447078
2021-08-05,-0.005097026978643435,-0.0009172221710762886,0.0063326955364233235
2021-08-06,0.0016523355842940847,-0.013294918873551697,0.0016523355842940847
2021-08-09,-0.000813625519298679,-0.007265452623587692,-0.000813625519298679
2021-08-10,-0.0046176638109192356,-0.0010195579781433048,0.0012441783685186436
2021-08-11,-0.0006142671250650577,0.005108427012412625,0.0024847483055516605
2021-08-12,0.0029969398574680095,0.0005615216358427402,0.0029969398574680095
2021-08-13,0.001819845159111334,0.010523940892393134,0.001819845159111334
2021-08-16,0.002354735248983619,0.0032402577962095773,0.002354735248983619
2021-08-17,-0.00040283243383879903,-0.0028508080507907473,-0.006555313631962239
2021-08-18,0.0033587370065745327,-0.0023290188797770264,-0.010945014250880163
2021-08-19,0.007365470706877712,0.002020153856988411,0.001548364993925345
2021-08-20,0.0006647363548337087,0.0030690002267053994,0.007957157013328308
2021-08-23,0.008796586621260863,0.006724203917161909,0.008796586621260863
2021-08-24,0.0015871917328489124,-0.002213587195450655,0.0015871917328489124
2021-08-25,-0.008306619895473153,-0.004329160191429989,0.0020983971814172017
2021-08-26,-0.005903053670313431,-0.0007257760845146429,-0.005903053670313431
2021-08-27,0.006803879614777959,0.010236987252929462,0.008940707540291344
2021-08-30,0.004397743330085645,0.0007196860774298219,0.004397743330085645
2021-08-31,-0.001481662040549151,-0.00209635099394417,-0.001481662040549151
2021-09-01,0.001674958507250412,0.0007551344397320697,0.0005315461927452995
2021-09-02,0.003076719161639577,0.0015984668684443037,0.003076719161639577
2021-09-03,-0.009093994476355317,0.00042368194098957963,-0.00024258992957107377
2021-09-07,-0.008435722456379566,-0.01055037169449105,-0.003575664552852351
2021-09-08,0.006805744602302614,0.0010193171945653222,-0.001218393268648341
2021-09-09,-0.004280223265621769,0.0040706302345472805,-0.004280223265621769
2021-09-10,-0.008815955106310686,-0.007262763760207342,-0.007884395363876053
2021-09-13,0.006064471960660395,0.003999723389130983,0.0025591484204925074
2021-09-14,-0.005396451694273933,0.004428394542571244,-0.005396451694273933
2021-09-15,-0.003507813022634349,-0.00039549755248384846,0.008352407969246436
2021-09-16,-0.0015852137698386636,-0.009555193534429574,-0.0015852137698386636
2021-09-17,-0.004803662730834322,-0.005403255864578856,-0.009740914542792129
2021-09-20,0.012401522531870733,0.0010135709999848754,-0.016674192810060346
2021-09-21,-0.0008604568651945888,0.001591025411951634,-0.0009446974077510864
2021-09-22,0.009754791171794541,0.0039899466496305745,0.009754791171794541
2021-09-23,0.012149989619300623,-0.0075828741272584675,0.012149989619300623
2021-09-24,0.001647290016974565,-0.0031806850239647043,0.001647290016974565
2021-09-27,-0.002860822922481116,-0.0015153019695906482,-0.002860822922481116
2021-09-28,-0.015576967126103665,-0.015183893919047203,-0.020151892888931815
2021-09-29,0.0017349083017938216,-0.00034571234817447577,0.0016830692374971345
2021-09-30,-0.012222279408960734,0.0017867392699018152,-0.012222279408960734
2021-10-01,0.008416036264905644,0.00751774912384,0.011884165713622098
2021-10-04,-0.012896024481564364,-0.0036153670847726017,-0.012896024481564364
2021-10-05,-0.009656419963521288,-0.0013311209397983965,0.01040504186277213
2021-10-06,0.0041560557097687564,0.004153943603537328,0.0041560557097687564
2021-10-07,0.008645769953547093,-0.002321758273286149,0.008645769953547093
2021-10-08,-0.0018240119001880775,-0.0027799514151527465,-0.0018240119001880775
2021-10-11,-0.007239803666895567,-0.003917864596815254,-0.007239803666895567
2021-10-12,0.01710071277816232,0.006282495509016046,-0.0024613912442518434
2021-10-13,0.0035976509658563185,0.01035583816030683,0.0035976509658563185
2021-10-14,0.016820522654629782,0.00765728176490141,0.016820522654629782
2021-10-15,0.007615805068342545,-0.004664653121706547,0.007615805068342545
2021-10-18,0.002960518655771458,0.0017354535710327906,0.002960518655771458
2021-10-19,-0.01379406172279612,-0.0008758490704871571,0.007715051202346676
2021-10-20,0.0039277720976362744,0.00203774232286044,0.0039277720976362744
2021-10-21,0.002608006250409227,0.00021441829640265618,0.002608006250409227
2021-10-22,-0.0010360113319749192,0.005229225698630574,-0.0010360113319749192
2021-10-25,-0.0015259157206258232,0.003639477114391541,0.005362849645621715
2021-10-26,0.0009000195265011461,0.0005178680314215992,0.0009000195265011461
2021-10-27,0.018194002715543355,0.005270662703806107,-0.0044303788432545005
2021-10-28,-0.0033845210761406816,0.0020903776600087543,0.009648886006526873
2021-10-29,0.00202904995622962,-0.0010982485611577592,0.00202904995622962
2021-11-01,0.0017203354292642608,-8.624010131429573e-05,0.0017203354292642608
2021-11-02,0.004438603101032098,0.002098998095792648,0.004043068807093784
2021-11-03,0.006105291922416025,-0.0041601057484686125,0.006105291922416025
2021-11-04,0.004712461082012159,0.008826600302428782,0.004712461082012159
2021-11-05,0.01495582879692797,0.010458444780792114,0.0034697565147596204
2021-11-08,-0.0018755098535134054,0.0008628228726664082,0.0008536895937675925
2021-11-09,0.013018518473567085,0.004851680918081269,-0.0033054424408592714
2021-11-10,-0.018283124489912293,-0.0051280019727865675,-0.008044734240549403
2021-11-11,-0.001484622532432848,0.0015246804642935713,0.000323216847263911
2021-11-12,0.007546962711746789,0.0016987696670355402,0.007546962711746789
2021-11-15,0.0003424245567164419,-0.004509831904205576,0.0003424245567164419
2021-11-16,-0.002543012245557994,-0.0019808969235887543,0.0039580504998028565
2021-11-17,-0.0024295671736135737,0.004861380427580993,-0.0024295671736135737
2021-11-18,0.0037605409500533985,0.0012527566844173375,0.0033966767840427374
2021-11-19,0.010558637235304142,0.0002283234554445844,-0.0017883830765052068
2021-11-22,-0.011728481752444031,-0.01237299917780188,-0.002815103280728526
2021-11-23,-0.014459064138123699,-0.007201943771369999,0.0013259392220312512
2021-11-24,0.016055211945332007,0.005824456785901899,0.002669917524950417
2021-11-26,-0.022303218721053366,0.0002429397120133469,-0.022303218721053366
2021-11-29,-0.008038374460985369,0.0008856150119132059,0.012266621319045653
2021-11-30,-0.019457399830395808,-0.0036428297195629715,-0.019457399830395808
2021-12-01,0.006169112131541156,-0.0003167445166979035,-0.011107283217039006
2021-12-02,0.0012467480970015361,0.0036150722004429647,0.015316366556760587
2021-12-03,-0.008701503230152983,0.0038816526927137667,-0.008701503230152983
2021-12-06,-0.013735065085843268,-0.0015527574836290384,0.011843367128660567
2021-12-07,0.02068479585105133,0.005393902565258376,0.02068479585105133
2021-12-08,0.002647927225615591,-0.004606691814590918,0.002647927225615591
2021-12-09,-0.006751411052743336,-0.002530377418488892,-0.006751411052743336
2021-12-10,-0.002412709081277144,0.0038146330522377293,0.009413265491286082
2021-12-13,-0.008858222869726175,0.002618289707019558,-0.008858222869726175
2021-12-14,-0.0023830214787038157,-0.0062191572940212755,-0.006880111548410809
2021-12-15,-0.00962210253447002,0.003520927292290395,0.01562510975451783
2021-12-16,-0.008818598552019679,0.0011311409920835387,-0.008818598552019679
2021-12-17,0.011331771220431034,-0.000627107702099739,-0.010642823021628058
2021-12-20,-0.007492378090268669,-0.007451190535649608,-0.010633393162391216
2021-12-21,-0.0038075255658131246,0.004533050477207004,0.017758888836374595
2021-12-22,0.009998681803466494,0.008041643965617165,0.009998681803466494
2021-12-23,0.006222193681286503,3.631710978553235e-05,0.006222193681286503
2021-12-27,0.014152051644305847,0.006404640009650032,0.014152051644305847
2021-12-28,-0.0008171311019029942,-0.002997968991647201,-0.0008171311019029942
2021-12-29,0.0012792057715522165,-0.0031704572324847175,0.0012792057715522165
2021-12-30,-0.0027644261548663653,0.004123472280774871,-0.0027644261548663653
2021-12-31,0.001960573680695297,0.0020580064205839334,-0.0025204713798475465
2022-01-03,0.005790160476170941,-0.01194791880217613,0.005790160476170941
2022-01-04,-0.0003348547998433633,0.0009673782779033976,-0.0003348547998433633
2022-01-05,-0.005427738177477637,-0.009286568950252767,-0.019202259736590455
2022-01-06,0.002588443864465203,-0.0035850841903919623,-0.0009396092779300696
2022-01-07,-0.003953342011181288,-0.002184977697706157,-0.003953342011181288
2022-01-10,-0.0012442153207858633,0.0014111419900307081,-0.0012442153207858633
2022-01-11,0.006661302315159059,0.00929782356582953,0.009108160926403385
2022-01-12,0.0027034493196289545,0.000539831666321922,0.0027034493196289545
2022-01-13,-0.013778409012660489,-0.0028715159866289247,-0.013778409012660489
2022-01-14,-0.015109383071460336,-0.00582865011040612,0.00040900946328356245
2022-01-18,-0.017709750622283905,-0.01107995931974542,-0.017709750622283905
2022-01-19,0.006923672746456084,0.004245526019763184,-0.010383448381702616
2022-01-20,0.006166873975089467,-0.002464866763816305,-0.011068055113113368
2022-01-21,0.011907034263805382,-0.003560907556432082,-0.0196305952289251
2022-01-24,-0.008216018251899677,0.0005017467328757939,0.004246577097423518
2022-01-25,-0.001614407021460815,-0.0033318143676644672,-0.012208909531498821
2022-01-26,-0.012093819497577502,-0.010479156998725165,-0.002508884450448025
2022-01-27,0.018362998345785104,3.313147607290033e-05,-0.004937888354479033
2022-01-28,0.024835426154634122,0.006994834687448738,0.024835426154634122
2022-01-31,0.018011012445932267,0.006109187179238499,0.018011012445932267
2022-02-01,0.006757023195741606,0.0014234643262116715,0.006757023195741606
2022-02-02,0.009713883740440172,0.005586902225580282,0.009713883740440172
2022-02-03,-0.0078060869814241445,-0.010965630611660351,-0.02350480780481983
2022-02-04,-0.014742353793247256,-0.0028159435582829516,0.004702101471736045
2022-02-07,-0.003209044974626073,0.0016341584840446652,-0.003209044974626073
2022-02-08,0.008227737628135877,0.0015857162221519336,0.008227737628135877
2022-02-09,0.014636061296953372,0.006673749046052512,0.014636061296953372
2022-02-10,-0.01796554733183567,-0.012498515705155172,-0.01796554733183567
2022-02-11,0.01482769243263558,0.004660352863073274,-0.0197186953836487
2022-02-14,-0.012441202773638346,-0.0032708066187740253,-0.003269520216077976
2022-02-15,-0.01135304959287948,-0.0016938202661173516,0.016126991087907768
2022-02-16,0.0011208235581174357,0.005833034850762226,0.0011208235581174357
2022-02-17,-0.021361423449997235,3.928923691046138e-05,-0.021361423449997235
2022-02-18,0.010527013252589557,0.0010252832167364579,-0.00647510843793703
2022-02-22,-0.010731543721913164,-0.0018804392411634475,-0.010731543721913164
2022-02-23,-0.013781905867480423,-0.008578563585830364,-0.01773873403783098
2022-02-24,0.0006583773608361634,0.002670913798232858,0.015049219890145436
2022-02-25,0.02206399188450863,0.006131975684523338,0.02206399188450863
2022-02-28,-0.002558546610381417,0.009878504371732162,-0.002558546610381417
2022-03-01,0.011561894412808343,0.004831700791801017,-0.01523020803519895
2022-03-02,-0.034182830070936455,-0.008975768247102056,0.018396170944895353
2022-03-03,-0.004978578690444741,0.0036675038142256677,-0.004978578690444741
2022-03-04,-0.008124491116678087,0.008363297543571128,-0.008124491116678087
2022-03-07,-0.007630374961745425,-0.007122479338569637,-0.02947950056297774
2022-03-08,-0.010058988353614559,0.003759527047185095,-0.007581497443758733
2022-03-09,0.02681077012444057,-0.005311110445956632,0.02681077012444057
2022-03-10,-0.004515431873922417,-0.005071493067681683,-0.004515431873922417
2022-03-11,-0.012715102189166641,-0.005537398875961442,-0.012715102189166641
2022-03-14,-0.023348995368616194,-0.015249612478748276,-0.007308432755948377
2022-03-15,-0.0017456400994488284,8.175198562885688e-05,0.021990505063483785
2022-03-16,0.022174269117023904,0.012722786627342643,0.022174269117023904
2022-03-17,0.012511082527265818,0.0034919646902925507,0.012511082527265818
2022-03-18,0.010952498362206426,0.004607839416209506,0.010952498362206426
2022-03-21,-0.00029225999093820704,-0.0049433988583623785,-0.00029225999093820704
2022-03-22,0.011701311443562824,-0.002478303268066499,0.011701311443562824
2022-03-23,-0.012878395275083382,0.006967521496245565,-0.012878395275083382
2022-03-24,-0.007832493352383977,0.005166101114705416,0.015074495660205715
2022-03-25,0.004883484327309781,-0.004041969192260273,0.004883484327309781
2022-03-28,0.007112993872098609,-0.0011193113440051842,0.007112993872098609
2022-03-29,0.012370869787044322,0.006852537842447778,0.012370869787044322
2022-03-30,-0.0061747556084227485,0.0029417854048413533,-0.0061747556084227485
2022-03-31,0.002428995749223306,-0.004497921815141645,-0.015391434391008088
2022-04-01,0.0038064694653393806,9.160581917338627e-05,0.0028342153342153006
2022-04-04,0.008566423819137125,0.002143299245813702,0.008566423819137125
2022-04-05,-0.012631171986404666,-0.013819635920966543,-0.012631171986404666
2022-04-06,-0.008093980593548258,-0.005243229488488846,-0.009999372731753128
2022-04-07,-0.007532392905583847,0.0004972218511056332,0.005039069826044907
2022-04-08,-0.0026739476316076983,-0.0023008742069769977,-0.0026739476316076983
2022-04-11,-0.01709252594534781,-0.00916030711336974,-0.01709252594534781
2022-04-12,-0.001380478450105374,0.000977588686414035,-0.0037050470884950814
2022-04-13,0.011453480930599055,0.006123585191957742,0.011453480930599055
2022-04-14,-0.012451596796087282,-0.011683992767170623,-0.012451596796087282
2022-04-18,-0.0049691205343367646,-0.0003430192294556508,0.00041108156549532406
2022-04-19,0.016142532795864122,-0.0022788301804779997,0.016142532795864122
2022-04-20,-0.000741348009563317,0.0077328187559630845,-0.000741348009563317
2022-04-21,-0.014953709170161896,-0.008616400635199282,-0.014953709170161896
2022-04-22,-0.00629411518309649,-0.014576501685218604,-0.027439062195532302
2022-04-25,0.01000089022253385,-0.001180906563479897,0.005797447256245578
2022-04-26,-0.028960650738605462,-0.005875377103419492,-0.028960650738605462
2022-04-27,-0.012825726429467124,-0.005910175805012459,0.0028117034436140977
2022-04-28,0.025259330484931973,0.010645735902104346,0.025259330484931973
2022-04-29,-0.03695567509261605,-0.016531741825736124,-0.03695567509261605
2022-05-02,-0.017333575108435913,-0.00995152377263651,0.006019497326219945
2022-05-03,0.004584068507262831,0.004658561245407483,0.004584068507262831
2022-05-04,0.030452972089402362,0.015380065183840282,0.030452972089402362
2022-05-05,-0.03554272115292582,-0.022461645419374232,-0.03554272115292582
2022-05-06,-0.014735512877550132,-0.006284105345413189,-0.005968944797261929
2022-05-09,-0.032017277361390005,-0.012889839455541601,-0.032017277361390005
2022-05-10,0.00906930268091828,0.000929808136078071,0.0023105224226566577
2022-05-11,-0.015886109874241102,0.003860535350400811,-0.015886109874241102
2022-05-12,-0.0010439698945458212,-0.006104276061584408,-0.0010439698945458212
2022-05-13,0.023907921241915677,0.00012916371052407866,0.023907921241915677
2022-05-16,-0.004057604739090422,0.0014260098995447625,-0.004057604739090422
2022-05-17,0.020570455002427643,0.0007527391402873456,0.020570455002427643
2022-05-18,-0.04031175958346106,-0.006527139632071816,-0.04031175958346106
2022-05-19,0.00239542853144641,0.003668303247660877,-0.006124573760987945
2022-05-20,0.00043652431667922487,0.0042226061957959275,0.00043652431667922487
2022-05-23,-0.016454075358352794,0.0020137432198768157,0.018710074996643344
2022-05-24,-0.007633919225276841,0.006608092778518685,-0.007633919225276841
2022-05-25,0.003954364280501307,0.0021970731840582833,0.008835052774315637
2022-05-26,0.019981469166227207,0.004394337345750341,0.019981469166227207
2022-05-27,0.02454904547976497,0.009163333900311297,0.02454904547976497
2022-05-31,-0.005610801017761554,-0.012218167936734074,-0.005610801017761554
2022-06-01,-0.0011431533103471111,-0.00095427342229174,-0.008088700156119032
2022-06-02,0.019043593068210633,0.010607675272431005,0.019043593068210633
2022-06-03,-0.016411619088874972,-0.009600765314362911,-0.016411619088874972
2022-06-06,-0.018443455244982615,-0.006602258264045055,0.003044866834626027
2022-06-07,0.010799842690133822,0.00895328497528945,0.009592118826284992
2022-06-08,-0.010872200200794371,-0.00686717189459232,-0.010872200200794371
2022-06-09,0.003330680495632514,-0.007914024509165878,-0.02378280718315894
2022-06-10,-0.00620201681481882,-0.007018930846135354,-0.028995549492963065
2022-06-13,-0.0313794043666245,-0.031771707000663445,-0.03796829125560471
2022-06-14,-0.012613150991907107,-0.007945108141853527,-0.0030132095963313465
2022-06-15,0.01425609390654746,0.015292338941891321,0.01425609390654746
2022-06-16,-0.0330958980639893,-0.004047117143620315,-0.0330958980639893
2022-06-17,0.0032220520163307865,-0.001151295627145847,0.0021557036196330906
2022-06-21,0.02517368245523414,0.0008168919912972883,0.02517368245523414
2022-06-22,-0.001813014996214172,0.009929598261979424,-0.001813014996214172
2022-06-23,0.009802662892222213,0.0037383941765129587,0.009802662892222213
2022-06-24,-0.013842785097518519,0.005063913603486622,0.031793700477753754
2022-06-27,-0.0038196047237317983,-0.0044620103959570724,-0.0038196047237317983
2022-06-28,-0.02043270853891951,-0.005687990151146249,-0.02043270853891951
2022-06-29,0.015608107007490641,0.004695869174820216,-0.0008144775025327878
2022-06-30,-0.008124242788220363,-0.0017067440252095394,-0.008124242788220363
2022-07-01,0.010266660390128437,0.006670684950460595,0.010576448622887135
2022-07-05,0.001888470861324421,-0.0037568824383840097,0.001888470861324421
2022-07-06,-0.01679101193086867,-0.009695440326248495,0.0033774663127847443
2022-07-07,0.01497695368644406,0.0023289892079987403,0.01497695368644406
2022-07-08,-0.0008225064514366504,-0.003824828884121268,-0.0008225064514366504
2022-07-11,-0.011423597254022743,-4.0700239486426634e-06,-0.011423597254022743
2022-07-12,0.005942240445367045,-0.0022328043100278672,-0.008848965066571735
2022-07-13,0.011466100331404914,0.00363268760368409,-0.00525170133126561
2022-07-14,-0.002428402287210685,-0.008123134223253684,-0.002428402287210685
2022-07-15,0.019104954576088136,0.007752544064825201,0.019104954576088136
2022-07-18,-0.008256759792096816,-0.006075992473342446,-0.008256759792096816
2022-07-19,-0.005394243258867321,0.008177574235332455,0.02701908561342758
2022-07-20,0.006373116843402631,0.00011369150661744978,0.006373116843402631
2022-07-21,0.010183316662745355,0.013793878087901114,0.010183316662745355
2022-07-22,-0.00927820686617491,0.003193907423806943,-0.00927820686617491
2022-07-25,-0.009785103805533307,-0.0037751288654879244,0.001215036927393072
2022-07-26,0.0007666899294482366,-0.004216212461680124,-0.01183107367595866
2022-07-27,-0.005617882672909208,0.010237526788156991,0.025966516104387518
2022-07-28,0.012542312986573805,0.010894801287050837,0.012542312986573805
2022-07-29,0.014578639639340266,0.005083827468785255,0.014578639639340266
2022-08-01,-0.002961164392291122,0.008929803718700982,-0.002961164392291122
2022-08-02,-0.02115964740508749,-0.011305397666276872,-0.006597409425226681
2022-08-03,0.015744501652585823,0.011271293686542335,0.01565950465020614
2022-08-04,-0.000675656518224919,0.005139765529817475,-0.000675656518224919
2022-08-05,-0.0016901278824306032,-0.012289760186463388,-0.0016901278824306032
2022-08-08,-0.0011608690953271194,0.007789986864095832,-0.0011608690953271194
2022-08-09,-0.0038867923589869036,-0.001584304661798175,-0.003970905955735271
2022-08-10,-0.006531432262433725,0.003917476499511382,0.021003800857720897
2022-08-11,0.0,-0.008557606786932966,0.0
2022-08-12,0.010140809929984847,0.012123037067458504,0.016929076759436463
2022-08-15,0.0041207320908296105,-0.003199480780096102,0.0041207320908296105
2022-08-16,0.0041573922452768095,0.001438348089341025,0.0019587119554622303
2022-08-17,-0.0070978013111620795,-0.007975519726523201,-0.0070978013111620795
2022-08-18,0.0014820256864757292,0.0006101121000823178,0.0029065020589546307
2022-08-19,-0.013438243414240473,-0.012278494713671616,-0.013438243414240473
2022-08-22,-0.0033614910644932266,-0.010453837692526353,-0.020822560978771866
2022-08-23,-0.00550355728346561,-0.0002816323655330297,-0.002419146869864581
2022-08-24,-0.007318638053033183,-0.0002938695627286707,0.003201080060027203
2022-08-25,0.014117635705384012,0.010328386465169839,0.014117635705384012
2022-08-26,-0.03384899993300372,-0.013210087935844394,-0.03384899993300372
2022-08-29,-0.008273266063642974,-0.004734838058046765,-0.006612174187944634
2022-08-30,0.0024848682965980876,-0.005663958652499754,-0.010978021328676828
2022-08-31,-0.009560802509880366,-0.008294834190941233,-0.00760896200951934
2022-09-01,0.0031377975066419887,-0.007986831708081584,0.0031377975066419887
2022-09-02,-0.010544637340490364,0.001244216464665758,-0.010544637340490364
2022-09-06,-0.02476872057278638,-0.011422727828854328,-0.003772962970988315
2022-09-07,0.01581552664534627,0.014631406788823603,0.017965060522872688
2022-09-08,0.00653630107517126,-0.003171884754975359,0.00653630107517126
2022-09-09,0.015535238090336823,0.007774728612608588,0.015535238090336823
2022-09-12,0.010747630917717436,0.002721836838422185,0.010747630917717436
2022-09-13,0.0023272207024462375,-0.01863479279296331,-0.04348236846854976
2022-09-14,0.0034364780984654656,0.001110089641799253,0.003815729838694428
2022-09-15,-0.011353336917183375,-0.010306811128986449,-0.011353336917183375
2022-09-16,-0.008335451088429915,-0.0034819036199073552,-0.007628934942254931
2022-09-19,0.002334745169231207,0.003630187570346292,0.007754941358323513
2022-09-20,-0.011478574353853051,-0.009052691570100198,-0.011478574353853051
2022-09-21,0.0167528011940056,0.0011857362618830983,-0.01744371248347574
2022-09-22,-0.02554854871793429,-0.011478470215289884,-0.008399953000839466
2022-09-23,-0.016754755494384908,-0.010089115064408911,-0.016754755494384908
2022-09-26,-0.019111015946531727,-0.013551467186764133,-0.009892647245145842
2022-09-27,-0.02633084994251696,-0.008869684515571593,-0.0025528780274007433
2022-09-28,0.03348233551419064,0.024548642422872847,0.01967642193740792
2022-09-29,-0.020888827162977568,-0.008672262676847136,-0.020888827162977568
2022-09-30,-0.012910683789560052,-0.009280529386109307,-0.015463898392443845
2022-10-03,0.026401315106189854,0.02220030849952468,0.026401315106189854
2022-10-04,0.0309869460063763,0.014231878227300807,0.0309869460063763
2022-10-05,-0.002328368302261633,-0.0057564928724184615,-0.002328368302261633
2022-10-06,-0.010315902513930511,-0.005701700322257728,-0.010315902513930511
2022-10-07,-0.009707748890898591,-0.016309003585900414,-0.02789366668788704
2022-10-10,-0.015546174233412723,-0.012773310165794348,-0.007635573249961336
2022-10-11,0.004425433929898515,-0.0013889241116138346,-0.0063328086940328135
2022-10-12,0.004906864880724866,0.0022995525780504936,-0.003298571246503829
2022-10-13,-0.009566204648120857,0.003336001643849262,0.0263910162926002
2022-10-14,-0.022788635460856705,-0.014623778915564777,-0.022788635460856705
2022-10-17,-0.004869656827999717,0.008081098659060227,0.025696946072068162
2022-10-18,0.011749662653353005,0.005522975000835375,0.011749662653353005
2022-10-19,-0.007086542678951188,-0.012752808541429244,-0.007086542678951188
2022-10-20,-0.017093193213752668,-0.008910255967435046,-0.008385254835684246
2022-10-21,0.024301605243166078,0.00873125342579246,0.024301605243166078
2022-10-24,0.012236269136758104,0.0006955140711319753,0.012236269136758104
2022-10-25,0.029112627563289122,0.01538802566466141,0.015968578389975802
2022-10-26,-0.007534021503047565,0.0038689699452644057,-0.007534021503047565
2022-10-27,-0.005339901284340867,0.0008685410966440769,-0.005339901284340867
2022-10-28,-0.006873888678365154,0.002829284648862296,0.02379066496456086
2022-10-31,-0.007223350306940091,-0.00750046861836964,-0.007223350306940091
2022-11-01,0.009345439546150882,0.005057682525257394,-0.004375821727417187
2022-11-02,-0.004340051585648571,-0.012075855622242842,-0.02509630778467067
2022-11-03,-0.005396797790281119,-0.00645777197378343,-0.0102968527154657
2022-11-04,0.01439311421676607,0.00936286081533047,0.01439311421676607
2022-11-07,0.009565525939929187,-0.0015280617101303597,0.009565525939929187
2022-11-08,0.005395575541981412,0.01329195708105727,0.005395575541981412
2022-11-09,0.0032875828681646208,-0.007414976245791951,-0.020602299574524596
2022-11-10,0.03847338077435616,0.0410002008869146,0.05495432927485589
2022-11-11,0.009678397841363198,0.0042414871864121465,0.009678397841363198
2022-11-14,-0.008506627131594764,-0.002841459742372414,-0.008506627131594764
2022-11-15,0.016180199189751807,0.009280922130219955,0.00852889416989775
2022-11-16,0.02186839529271557,0.0038847554324122403,-0.007628510196074951
2022-11-17,-0.0030598286953213588,-0.007004259669722923,-0.0030598286953213588
2022-11-18,0.004540353830096006,-0.0031785403543155982,0.004540353830096006
2022-11-21,-0.0036359923981843212,-0.0017019478904298992,-0.0036359923981843212
2022-11-22,0.013456787364785932,0.009521198027129823,0.013456787364785932
2022-11-23,0.006301470292289668,0.010008529107022959,0.006301470292289668
2022-11-25,-0.0002235664003762263,-0.00092772268320902,-0.0002235664003762263
2022-11-28,0.0028183794421494587,-0.006925920125416209,-0.015957014011886074
2022-11-29,-0.01172609393646839,-0.002877850008196677,-0.0017175192633779306
2022-11-30,0.03150070812992203,0.017019249504113116,0.03150070812992203
2022-12-01,-0.0007358944904883352,0.016531601724522893,-0.0007358944904883352
2022-12-02,-0.0011537267957002749,0.0027232824167691067,-0.0011537267957002749
2022-12-05,-0.017989268403534354,-0.016352712911872264,-0.017989268403534354
2022-12-06,0.012879950032317521,0.0006222874359368856,-0.014414717441914015
2022-12-07,0.023562378878260556,0.010627416585102604,-0.0017011895137818032
2022-12-08,-0.0027405230070187262,0.0018006436897632858,0.00783394662360348
2022-12-09,-0.007470342285563302,-0.010301709437608407,-0.007470342285563302
2022-12-12,0.0031973906991720133,0.0029351966201015796,0.014417314832893859
2022-12-13,0.009655699237397898,0.011448743130711873,0.007569804300587557
2022-12-14,-0.00639345083467807,-0.0014064622555936808,-0.00639345083467807
2022-12-15,-0.024461717701195578,-0.011958349223540764,-0.024461717701195578
2022-12-16,-0.011170872208675476,-0.004764471862816946,-0.011806116040452255
2022-12-19,-0.008479847870369959,-0.009475674666843308,-0.008479847870369959
2022-12-20,0.0013685371996041572,-8.832830459950728e-05,0.0013685371996041572
2022-12-21,0.014952316787592174,0.0049961040733783125,0.014952316787592174
2022-12-22,-0.014266061383728608,-0.008745397700542598,-0.014266061383728608
2022-12-23,-0.014660852066488428,-0.0021717241965575097,0.005752293104223011
2022-12-27,-0.003943595901320846,-0.005045708556925784,-0.003943595901320846
2022-12-28,-0.005891257711210836,-0.007497071596872268,-0.012427915953597997
2022-12-29,0.011350649555335629,0.011457252647526815,0.01800035893444256
2022-12-30,-0.002634086760721654,-0.0029280619487053613,-0.002634086760721654
2023-01-03,0.01908359471150666,0.007748134957662605,-0.004209846370317718
2023-01-04,0.013700030884884437,0.010300121478343327,0.007720118629483676
2023-01-05,-0.011413202715190076,-0.006485048858782279,-0.011413202715190076
2023-01-06,0.018396835152050015,0.019982355454366323,0.022932113742072813
2023-01-09,-0.0005670503529198567,0.0023740801897770905,-0.0005670503529198567
2023-01-10,-0.016550118551552827,-0.002156996807026199,0.007012949331739427
2023-01-11,0.012647837706034597,0.009427009272330852,0.012647837706034597
2023-01-12,0.019681896460334688,0.011700525511112093,0.0036408238030586544
2023-01-13,0.003879512872373616,0.002017787797406353,0.003879512872373616
2023-01-17,-0.0018319069772805415,-0.004967289895341736,-0.0018319069772805415
2023-01-18,0.024231590318467257,0.002025791743718453,-0.015788143855627972
2023-01-19,-0.006259943066788587,0.0007224525826245902,-0.007279809526216381
2023-01-20,-0.01621105390508362,-0.000690429001671107,0.018629199622007292
2023-01-23,0.011998414035175787,0.002976613246675184,0.011998414035175787
2023-01-24,0.014380260963029842,0.005673466028909034,-0.0010732410541470733
2023-01-25,0.0003749054960619874,0.00247845348938073,0.0003749054960619874
2023-01-26,0.010990236578673786,-0.000996980878981589,0.010990236578673786
2023-01-27,0.0022977165323223416,-0.0005496401314323675,0.0022977165323223416
2023-01-30,-0.012546751360647498,-0.006252063719799144,-0.012546751360647498
2023-01-31,0.007994795490276083,0.008762831149749309,0.014703164114224695
2023-02-01,0.010628046254983465,0.011748684026952162,0.010628046254983465
2023-02-02,0.014557056977148191,-0.0016446006692166486,0.014557056977148191
2023-02-03,-0.01495540593331645,-0.016764661342777428,-0.010629352143647864
2023-02-06,-0.006111140953228042,-0.0038877928154244356,-0.006111140953228042
2023-02-07,-0.008025902175175305,0.0020641211595155604,0.013078453823803935
2023-02-08,-0.010934880385092192,-0.0013769403599672675,-0.010934880385092192
2023-02-09,-0.009473420667618604,-0.00868881470152202,-0.008668970309126363
2023-02-10,-0.011189644867621178,-0.0022991212661919343,0.002333508950187407
2023-02-13,0.011739170972038464,0.005112856135024293,0.011739170972038464
2023-02-14,-0.00046030552876104227,-0.0006734217383823478,-0.00046030552876104227
2023-02-15,0.003247367744886534,-0.005207692752275826,0.003247367744886534
2023-02-16,-0.01376887896446491,-0.009697309516517164,-0.01376887896446491
2023-02-17,0.007776364042016445,0.002657441287187011,-0.0024980607509675562
2023-02-21,-0.020060865020574952,-0.014508991108545304,-0.020060865020574952
2023-02-22,0.009164069323553885,0.0006623727366695596,-0.0013783167070297506
2023-02-23,0.005319629430194885,0.004862983651707165,0.005319629430194885
2023-02-24,-0.010682454997879103,-0.010309331881362297,-0.010682454997879103
2023-02-27,0.002773074282028218,0.003365695325725549,0.003406022413835163
2023-02-28,-0.0036962637659985853,0.001736002295966382,-0.0036962637659985853
2023-03-01,-0.0038359462458491863,-0.002935548422246089,-0.0038359462458491863
2023-03-02,0.007777517699789316,-0.0005393318954894709,0.007777517699789316
2023-03-03,0.016037591587735704,0.01693620295310572,0.016037591587735704
2023-03-06,0.0006926625698079748,-0.00401428653864777,0.0006926625698079748
2023-03-07,0.006132647320729405,-0.008984488098008487,-0.015328478845528213
2023-03-08,0.0009832578027980986,0.0007180842560450664,0.00163198220326019
2023-03-09,-0.018449794804487184,-0.0021086429101707226,-0.018449794804487184
2023-03-10,0.03448590228172339,0.014032832977790916,-0.014429451153161119
2023-03-13,0.0022731125594805204,0.008055676219820389,-0.0014253078401110129
2023-03-14,-0.01644171622548657,-0.0023312410336662898,0.016530302780584316
2023-03-15,-0.006254389947871725,0.007119226928148358,-0.006254389947871725
2023-03-16,-0.00782296114607252,0.003631086597588841,0.01754503192338709
2023-03-17,-0.011692601029843515,0.011172884377942846,-0.011692601029843515
2023-03-20,-0.00879742673216057,0.00020715496650960908,0.009615605678640218
2023-03-21,0.013130420472231485,-0.005220990377962375,0.013130420472231485
2023-03-22,-0.01704658443831445,0.004715479224784605,-0.01704658443831445
2023-03-23,0.0,0.005198594220880251,0.002703491867752821
2023-03-24,0.004229712439891317,-0.00042657167709777427,0.006561910930938206
2023-03-27,0.0018699203843737023,-0.010479346558157646,0.0018699203843737023
2023-03-28,-0.0022445277907262302,0.002703962760416218,-0.0022445277907262302
2023-03-29,0.014534887692739947,0.002292584567738499,0.014534887692739947
2023-03-30,0.005855177460335428,0.006539204303996552,0.005855177460335428
2023-03-31,0.014094638003109037,0.007716761290826825,0.014094638003109037
2023-04-03,0.0038103273680245137,0.005239252828228147,0.0038103273680245137
2023-04-04,-0.00554787842991955,0.0060355338279100505,-0.00554787842991955
2023-04-05,0.010454598273280807,0.0023479759510288667,-0.0026183704967410854
2023-04-06,0.002586708642765017,-0.00026000768769877426,0.0039008533623760997
2023-04-10,0.0010265143106319601,-0.007565050601331263,0.0010265143106319601
2023-04-11,0.0020599718564455185,0.002892548396107802,0.0002684938218477732
2023-04-12,-0.0010277050308327717,-4.9202029214445676e-05,-0.00407591330326603
2023-04-13,-0.007858696347836503,0.006322433087929549,0.013282698737321992
2023-04-14,-0.002442868872969072,-0.00983519006978349,-0.002442868872969072
2023-04-17,0.003588405544171649,-0.004210920614361925,0.003588405544171649
2023-04-18,0.0006521155542617412,0.0026899278907565323,0.0006521155542617412
2023-04-19,-0.00016902504710167025,-0.001983454038860098,-0.00016902504710167025
2023-04-20,-0.005457161451505691,0.002280706761538163,-0.005457161451505691
2023-04-21,-0.005619854185089885,-0.004922074833911959,0.0007771122194971931
2023-04-24,0.0010432384342459462,0.00454745344131997,0.0010432384342459462
2023-04-25,0.014704481256641411,0.0012423970044994513,-0.015873831663720965
2023-04-26,-0.010658428432246795,-0.006788196000033183,-0.004235452479350588
2023-04-27,-0.009922412330695416,0.003281145882786556,0.019907833536119125
2023-04-28,0.008535165599250431,0.008257702839539244,0.008535165599250431
2023-05-01,-0.0010099563873434364,-0.011445188897829434,-0.0010099563873434364
2023-05-02,0.024919539397371075,0.010851987097342789,-0.011238974572601455
2023-05-03,0.005582171065552528,0.0024617835998717343,-0.0068641314307506555
2023-05-04,-0.009878704298606105,-0.003207434410606093,-0.007082928906235783
2023-05-05,-0.0033259490608745328,-0.0004639032724378673,0.01851268627954012
2023-05-08,0.0002664516765844254,-0.004119298350430559,0.0002664516765844254
2023-05-09,-0.004385267221515969,-0.00021420060129851543,-0.004385267221515969
2023-05-10,0.009703924332473607,0.004217063565907971,0.004672445977382058
2023-05-11,-0.0017440280362941581,-4.62833800829787e-05,-0.0017440280362941581
2023-05-12,-0.008369209534636584,-0.0037803570233855993,-0.0013103448116246717
2023-05-15,-0.010357637034387506,-0.0015395526036887726,0.0034501452733403377
2023-05-16,-0.0030040449409316702,-0.007461084412434694,-0.006682645729398512
2023-05-17,-0.0029162335616225864,0.0019233522255749248,0.012138780827068964
2023-05-18,0.009633425974307606,-0.0035365440327075454,0.009633425974307606
2023-05-19,-0.0014551539996902822,0.0005062421194484165,-0.0014551539996902822
2023-05-22,-0.00356123050785157,-0.0017981106738319504,0.000406186706590513
2023-05-23,0.002878829390964062,-0.002503872299108237,-0.011222994863156224
2023-05-24,-0.00494901561238703,-0.006779874154580643,-0.0072447682837396225
2023-05-25,-0.002486858493585167,-0.0011182217957407098,0.008659946234687825
2023-05-26,0.01295066248156357,0.008378480256440451,0.01295066248156357
2023-05-30,0.00038098796621526584,0.005425818684236543,0.00038098796621526584
2023-05-31,-0.0055453385377570346,0.0014524069103346597,-0.0055453385377570346
2023-06-01,0.003923246574657602,0.007107497725898237,0.009501116256560927
2023-06-02,0.014461214117278113,-0.003728936095756175,0.014461214117278113
2023-06-05,-0.0019164324591484383,0.0007196703630278387,-0.0019164324591484383
2023-06-06,0.0058938515128314235,0.003042274546665182,0.0021776110879798503
2023-06-07,-0.003457873274600978,-0.010045769285035993,-0.003457873274600978
2023-06-08,0.011697474444611377,0.010269611355254109,0.00604855330704088
2023-06-09,0.0017944099229778353,-0.0007307139697638944,0.0017944099229778353
2023-06-12,0.0029436701272344554,0.0037676981189384575,0.009071797596873194
2023-06-13,-0.009880664405121871,-0.0034108245913839173,0.006593033199851339
2023-06-14,0.001190716301083066,0.0032042318806286335,0.001190716301083066
2023-06-15,0.01239779803831288,0.009727907725005001,0.01239779803831288
2023-06-16,-0.003883737638668168,-0.002953914388335294,-0.0034062532191559912
2023-06-20,-0.005188292758454318,-0.00290960727183845,-0.005188292758454318
2023-06-21,0.00241975831564463,-0.0014376034220047191,-0.00512369269321122
2023-06-22,0.00360970996905699,-0.005978990481490897,0.00360970996905699
2023-06-23,-0.007559926034988761,0.0015536055946112483,-0.007559926034988761
2023-06-26,0.0010641877451222001,-0.0004896970201003987,-0.004085741489031802
2023-06-27,-0.0026099781751607004,0.0014014745980111178,0.010963234372568964
2023-06-28,0.0005045283360891161,0.0008469144387857235,0.0005045283360891161
2023-06-29,0.0039412051602167,-0.004989885667605406,0.0039412051602167
2023-06-30,0.011794397894101239,0.010143119906192169,0.011800697847039743
2023-07-03,-0.005668539891055977,-0.0011320021908231923,0.0011506567075525408
2023-07-05,-0.00950264440854815,-0.0048293502033549505,-0.0014871679568302719
2023-07-06,-0.014143276310357715,-0.00829288319590693,-0.007830644259084687
2023-07-07,-0.006018883502508833,-0.0003001419740879341,-0.0025248078601260806
2023-07-10,0.0025311986503739857,0.0015409428612108678,0.0025311986503739857
2023-07-11,0.005140338340575905,0.005080019708632486,0.006368469924504348
2023-07-12,0.00804582633721425,0.010911739482151493,0.00804582633721425
2023-07-13,0.007936935192751595,0.0063286354321295405,0.007936935192751595
2023-07-14,-0.005889097592244727,-0.003213723483879601,-0.0006228156708004341
2023-07-17,0.003472286608041653,0.0015692578054125955,0.003472286608041653
2023-07-18,0.004539225256109165,0.007842735378966612,0.007430505967050283
2023-07-19,0.0022237855714153246,0.004480357864638323,0.0022237855714153246
2023-07-20,-0.01214203158732398,-0.007910412752403645,-0.006634494192364577
2023-07-21,0.00029512026577540294,-0.0009384796858913794,0.0
2023-07-24,0.004467271138958383,-0.001128405604773163,0.004467271138958383
2023-07-25,-0.0018744508411352083,0.0021825930457839544,0.0027299966753794726
2023-07-26,0.0009881439031957282,0.0020171144066509295,0.00015378063536632033
2023-07-27,-0.006630048719616671,-0.013857303006962089,-0.006630048719616671
2023-07-28,0.005136029165932735,0.007679515345382531,0.009790335605143858
2023-07-31,0.00190414192117553,0.0023317101555431347,0.00190414192117553
2023-08-01,-0.01638678407638307,-0.00987099118880112,-0.002861509882740621
2023-08-02,-0.01069925884584428,-0.009800522002034498,-0.013911009206716977
2023-08-03,-0.023071064498721636,-0.008702717652181854,-0.00286572977199915
2023-08-04,-0.004522745030425337,0.005476604964109553,-0.004522745030425337
2023-08-07,-0.009841686726137404,-0.001108877787184024,0.00872856205309429
2023-08-08,-0.004348726007771106,0.0002020198209293062,-0.004348726007771106
2023-08-09,0.005171548693975834,-0.002117814155825958,-0.006685311684030432
2023-08-10,-0.016462654645475912,-0.005723484045278727,0.0003589468041688557
2023-08-11,-0.0005830171032083096,-0.0009540747143994705,-0.0005830171032083096
2023-08-14,0.00552003626239964,0.00010591381797234439,0.00552003626239964
2023-08-15,-0.00609497308435573,-0.0068167456424913795,-0.011648831285460853
2023-08-16,-0.007824035391329883,-0.006973289824205083,-0.007338157395672873
2023-08-17,-0.004262611081497485,-0.004472433253387956,-0.007620016685831326
2023-08-18,0.0035314560162677576,0.0013786526203426793,0.0004812284597988003
2023-08-21,0.0065063769112153735,-0.0012932260972423992,0.0065063769112153735
2023-08-22,-0.00270855889035452,0.002141927668677129,-0.00270855889035452
2023-08-23,0.011137738958380166,0.015269391618333902,0.011137738958380166
2023-08-24,-0.013859143561956846,-0.006875761708883642,-0.013859143561956846
2023-08-25,0.003266273570817256,0.002975976985265963,0.007049726200467399
2023-08-28,0.006341520837510824,0.003424038401690601,0.006341520837510824
2023-08-29,0.014454830942724742,0.011535104494986296,0.014454830942724742
2023-08-30,0.004118799602859699,0.00187766293675651,0.004118799602859699
2023-08-31,-0.0014634308054853199,0.0004161171196585343,-0.0014634308054853199
2023-09-01,0.0018651692980346166,-0.004404487030422794,0.0018651692980346166
2023-09-05,-0.004321844057941767,-0.008805215158683774,-0.004321844057941767
2023-09-06,0.002459371963214842,-0.0029786480521319107,-0.006722442459927182
2023-09-07,0.0027731228192586187,0.00024107326991840367,-0.0030703020367922216
2023-09-08,0.003829556024675183,0.0018824115760113533,0.0015061973984484317
2023-09-11,0.006576432631915524,0.00043327686734979725,0.006576432631915524
2023-09-12,0.005763676019399263,-0.0016789301132401995,-0.005485429850113184
2023-09-13,-0.0002123784490547978,-0.0004504628359925846,0.0011657538964468409
2023-09-14,0.008622621032180396,0.0006744464482041981,0.008622621032180396
2023-09-15,-0.012048457170638212,-0.003880106568694087,-0.012048457170638212
2023-09-18,0.00570134425099984,0.004047265671883478,0.0005865743601717758
2023-09-19,-0.007380576208693092,-0.0034364852154122293,-0.0020740420709853408
2023-09-20,0.0031251281561994236,-0.0018121430969145818,-0.00919333620914001
2023-09-21,-0.025674127903877592,-0.01638915408629276,-0.016528291040811213
2023-09-22,0.008048611359548586,0.002967610347435406,-0.0022485016940044606
2023-09-25,0.004205283115174399,-0.008423135229614171,0.004205283115174399
2023-09-26,-0.014691397758292916,-0.008781840853641604,-0.014691397758292916
2023-09-27,-0.005176108990381965,-0.005790082036235391,0.0003992031649857209
2023-09-28,0.005797471679999036,0.001225549869255682,0.005797471679999036
2023-09-29,-0.00242694327647139,-0.004264870098929097,-0.00242694327647139
2023-10-02,-0.016740032810429184,-0.009212173758045058,-0.00039778281309459584
2023-10-03,-0.021511345815843488,-0.01257916929610818,-0.01338602377940043
2023-10-04,0.014107380577869503,0.007031709895470693,0.007282061879444214
2023-10-05,-0.0003769355297526407,-0.002384011380559555,-0.0003769355297526407
2023-10-06,-0.012116794217759415,0.0017301191028838135,0.01187300149210018
2023-10-09,0.006402197323481744,0.01595963845952432,0.006402197323481744
2023-10-10,-0.0013828664531665789,0.000737953171313381,0.005204766020287154
2023-10-11,0.004096256730329968,0.01065124456625398,0.004096256730329968
2023-10-12,-0.006096457711300278,-0.012013235579728582,-0.006096457711300278
2023-10-13,0.017892483383901942,0.014958475112546162,-0.004980875429855101
2023-10-16,-0.016094204517280296,-0.0034180429816869557,0.010521496140540428
2023-10-17,-4.589630894502594e-05,-0.002923563510893554,-4.589630894502594e-05
2023-10-18,-0.008797777654219924,-0.0023234745186020774,-0.01332509188913463
2023-10-19,-0.020473792145217766,-0.0051248995754877855,-0.00878630443261938
2023-10-20,0.005678787594074867,-0.0013409746665832114,-0.012288124709320688
2023-10-23,0.012013556925808374,0.0019972945388118356,-0.0017332295409102792
2023-10-24,0.007539241985763979,0.006609866085941432,0.007539241985763979
2023-10-25,-0.014352045169976003,-0.010326557783730395,-0.014352045169976003
2023-10-26,0.015338253691918156,0.0014947723334186522,-0.011974614723952951
2023-10-27,-0.004248871433185182,0.001346561406911243,-0.004532814857214595
2023-10-30,-0.004503858746134259,0.000354559282153197,0.011956027901190316
2023-10-31,0.0062800905339272985,-0.0014733851301806941,0.0062800905339272985
2023-11-01,0.010664693322512466,0.009731978798744701,0.010664693322512466
2023-11-02,0.019164266593218123,0.015176622400035325,0.019164266593218123
2023-11-03,0.009123601516142428,0.006543015082446811,0.009123601516142428
2023-11-06,0.0023003446377817733,-0.0050514815302716365,0.0023003446377817733
2023-11-07,0.014749790587807286,0.004612108761235072,0.0028460460296849846
2023-11-08,0.017033818407964953,0.0028725258003150385,0.0007323394890931638
2023-11-09,-0.007798541128630585,-0.009338252504825851,-0.007798541128630585
2023-11-10,0.005599937450790365,0.0036812840622433528,0.015604786710643855
2023-11-13,-0.0009532525822032903,0.0006568488377032152,-0.0009532525822032903
2023-11-14,0.022668040860187335,0.017186960626194618,0.019400627555580162
2023-11-15,0.002117086206756926,-0.004924232985856997,0.002117086206756926
2023-11-16,0.012426514533515148,0.008211050142494864,0.0012230219008875058
2023-11-17,0.004686401848770642,0.0019911408624355203,0.0012438930613735653
2023-11-20,0.007697626206968469,0.004204133958409489,0.007697626206968469
2023-11-21,-0.0021794243551297226,0.0024947959616666553,-0.0021794243551297226
2023-11-22,0.0035339466124679583,0.0011753271127529262,0.0038608339289862253
2023-11-24,0.0006153992582187144,-0.0021881398087762512,0.0006153992582187144
2023-11-27,-0.0018008301913843999,0.0071940128187606926,-0.0018008301913843999
2023-11-28,0.0019715274107194067,0.005242629029670043,0.000990073016061628
2023-11-29,0.01257126234711856,0.004530647312530753,-0.0007035714159332762
2023-11-30,-0.011551493556074818,-0.003982094047497252,0.003937566357772896
2023-12-01,0.018834096337066984,0.014007128176194322,0.00591579411556402
2023-12-04,-0.00524948386950827,-0.010296124148524457,-0.00524948386950827
2023-12-05,0.021485188126880408,0.005926863097427644,-0.0001969873106303836
2023-12-06,-0.004029702690346708,0.0044343690396752644,-0.004029702690346708
2023-12-07,-0.005737074934173275,0.0010582442361633123,0.007630356698994085
2023-12-08,-0.008183273626833439,-0.0057558687982483545,0.004299316526329634
2023-12-11,0.0038893931863461326,-0.0030155565772777347,0.0038893931863461326
2023-12-12,0.0029678267721128986,0.0023723260091778053,0.004567144138341908
2023-12-13,0.013790201327839018,0.01992255890729493,0.013790201327839018
2023-12-14,0.026013221099539147,0.0119044314407236,0.003209432476292759
2023-12-15,0.0011104942176630914,-0.003093342709277045,-0.0016466624673641735
2023-12-18,0.005625155489570517,0.0005230272859432779,0.005625155489570517
2023-12-19,0.005388198412146358,0.006074676452632233,0.0060808798991248995
2023-12-20,0.006775322674817649,-0.00401073702130553,-0.013857329752805837
2023-12-21,-0.0063279263418661354,0.0031685940819412596,0.00948201431120771
2023-12-22,-0.0045486084142840185,0.0005091624400794852,0.002009729944783146
2023-12-26,0.004222468382429417,0.004839480283673961,0.004222468382429417
2023-12-27,0.01771934382474018,0.008176278049451587,0.0018081010939751717
2023-12-28,0.00037777822201569104,-0.0042734912427716334,0.00037777822201569104
2023-12-29,-0.009019720703686718,-0.004594438612555507,-0.0028949861196178907
2024-01-02,-0.005764512529880249,-0.004571624014367676,-0.005596449629076086
2024-01-03,0.0041701250907550036,-0.004116131949789847,-0.008166548148465375
2024-01-04,-0.015194256310000362,-0.005834869470764031,-0.0032212762769841187
2024-01-05,-0.009565831200038124,-0.0026725340334037536,0.0013697361049559993
2024-01-08,0.014276052778435744,0.0053987770507294836,0.014276052778435744
2024-01-09,-0.0015171279191281207,-0.0025200126746280495,-0.0015171279191281207
2024-01-10,0.0056553985717208415,-0.0003930165988421258,0.0056553985717208415
2024-01-11,0.005615247025959787,0.0023528018494741046,-0.00044067303966965654
2024-01-12,0.0006927820714308115,0.0028342107164380406,0.0006927820714308115
2024-01-16,-0.01761276988920812,-0.010193904091908674,-0.003671240950010088
2024-01-17,-0.0015818032701022456,-0.006085867560871271,-0.005558562666849711
2024-01-18,-0.009295838522283065,0.0027160517527569992,0.008892743175694643
2024-01-19,0.01246614879979787,0.00629810544872215,0.01246614879979787
2024-01-22,0.002114321689825555,0.0013885068711718541,0.002114321689825555
2024-01-23,0.0029165435453932646,-0.00027072755808612886,0.0029165435453932646
2024-01-24,0.0010930682304625282,-0.0042518659242808945,0.0010930682304625282
2024-01-25,0.0065343450985795,0.005303515940296163,0.00543890670034641
2024-01-26,-0.0019155919246135668,-0.0012871517770221687,-0.0012703986234009147
2024-01-29,0.00791937281250549,0.008789751182480396,0.00791937281250549
2024-01-30,0.00906564546745555,0.003108604812401363,-0.0007734921111419138
2024-01-31,-0.016317197548987545,-0.002704092141539638,-0.016317197548987545
2024-02-01,0.01961608409086342,0.014368290062417511,0.013088113527498198
2024-02-02,0.010527360256687743,-0.00703506794384805,0.010527360256687743
2024-02-05,-0.02019340478527861,-0.009723394386518305,-0.003641259527168498
2024-02-06,0.0029033179856039304,0.005918535191699135,0.0029033179856039304
2024-02-07,0.008340496313372319,0.0011602811015143778,0.008340496313372319
2024-02-08,0.0004415611268671062,-0.002042407164115774,0.0004415611268671062
2024-02-09,-0.0020206914324092068,3.941147236606124e-05,0.005779651754720966
2024-02-12,0.00117221891830667,-0.0006364542291769472,-0.0004390808557358759
2024-02-13,-0.01713478985448365,-0.014868954914949477,-0.013772988606368962
2024-02-14,0.005089144855586062,0.004590734212667723,0.009087666286839293
2024-02-15,0.0068995406128495255,0.006282025121817254,0.0068995406128495255
2024-02-16,-0.004979911580267028,-0.002396730082846931,-0.004979911580267028
2024-02-20,0.0008626739193277567,0.0003790578156811818,-0.0055053816769030225
2024-02-21,-0.007108730355734629,-0.001963389964195825,0.0009058194580879059
2024-02-22,0.004881688936330718,0.008856864568649564,0.02069542647312198
2024-02-23,0.0006897819291752641,0.0063902455429629785,0.0006897819291752641
2024-02-26,-0.0036625789483392644,-0.0029690990657738,-0.0036625789483392644
2024-02-27,-0.007051944832862121,-0.0019764010727800077,0.001857748298467115
2024-02-28,-0.0013215168103152077,0.0021714792203369753,-0.0013215168103152077
2024-02-29,0.007057585924270042,0.005223338324622417,0.003594843406437798
2024-03-01,0.009388268828250855,0.011510032564926175,0.009388268828250855
2024-03-04,-0.0010723376427292518,0.003740499034362271,-0.0010723376427292518
2024-03-05,0.014241573079194866,0.003423839494102644,-0.00999425238897743
2024-03-06,0.005868406136990377,0.0064066225054260255,0.005067253552665382
2024-03-07,-0.0009373823311807319,0.004866823358610758,0.00992651387323315
2024-03-08,-0.0017728117668449805,0.000334707123347989,-0.006002269881385408
2024-03-11,-0.0005224868748271722,0.00017973599953002406,-0.0008598013296784578
2024-03-12,-0.008361063765751105,-0.003029883390071795,0.010757410938595021
2024-03-13,-0.0015675294192366471,0.00029222312485919296,-0.0015675294192366471
2024-03-14,-0.015356432484545197,-0.00709753393476493,-0.001976882809509644
2024-03-15,-0.0003226712811815439,-0.0034811663190056656,-0.006866585383409475
2024-03-18,-0.0030129957184895596,0.0015369152924673405,0.005943155599914507
2024-03-19,0.0028055974555956094,0.002349667407715518,0.005557089074327469
2024-03-20,0.009249464247698937,0.007074214965413947,0.009249464247698937
2024-03-21,0.003304490646108141,0.0014315668651586197,0.003304490646108141
2024-03-22,-0.0018955734902030151,-0.0003339867319537156,-0.0018955734902030151
2024-03-25,-0.0050008867267586545,-0.0014468366367969441,-0.0027628933821884282
2024-03-26,0.0027800941205606213,0.001396618181248429,-0.0018470923716224896
2024-03-27,0.009918196901556405,0.00849241148859109,0.00840380502109141
2024-03-28,-0.00019115881781292998,0.004106779230381334,-0.00019115881781292998
2024-04-01,-0.018641124427257776,-0.0033909123781890598,-0.001739692092175108
2024-04-02,-0.005510641104399907,0.0010596686653478694,-0.006358076191276444
2024-04-03,-0.00021751851794813586,0.0032977463202277864,0.0010984749410591448
2024-04-04,-0.012205970510388707,-0.00368057600041449,-0.012205970510388707
2024-04-05,-0.013918903812703408,0.004734620200636183,0.010446734421189516
2024-04-08,0.0005593746610834175,0.00231605245469412,0.0005593746610834175
2024-04-09,0.0011567923729282848,0.005292013759437065,0.0011567923729282848
2024-04-10,-0.010013165291547917,-0.01362463544575165,-0.010013165291547917
2024-04-11,-0.004544919821001125,0.007844880852596813,0.00754704628080443
2024-04-12,-0.0138032083675858,-0.007547244721681286,-0.0138032083675858
2024-04-15,-0.015505807798362716,-0.0024579123025033154,-0.012528106121352061
2024-04-16,-0.006637309040098263,-0.00224835563899461,-0.001823725504522204
2024-04-17,-0.005918299642667488,-0.001085674449320172,-0.005918299642667488
2024-04-18,-0.002057705799538333,-0.0010417091838690522,-0.002057705799538333
2024-04-19,-0.008728397426554513,-0.0005351247536105196,-0.008728397426554513
2024-04-22,-0.0016828073716463594,-0.006544605662366953,0.009209324140043659
2024-04-23,0.011866509916614776,0.0030807342032808677,0.011866509916614776
2024-04-24,-0.00047459038610160343,-0.003072817001328827,-0.00047459038610160343
2024-04-25,-0.007013763162139149,-0.001365151231441628,-0.003798959907370847
2024-04-26,0.009473891460768146,0.005912377349877405,0.009473891460768146
2024-04-29,0.00354142711891351,0.0030905916668164503,0.00354142711891351
2024-04-30,-0.015841227166982632,-0.014971250491938419,-0.015841227166982632
2024-05-01,0.007371013010302623,0.004395359138777276,-0.003247087919425566
2024-05-02,0.009353387028529295,0.003494732611742869,0.009353387028529295
2024-05-03,0.012395332543550115,0.007244690510737648,0.012395332543550115
2024-05-06,0.010326734245154437,0.00823206078168537,0.010326734245154437
2024-05-07,0.006098295348404473,0.0008855661614009143,0.0011035448306212854
2024-05-08,9.660296931102152e-05,-0.0029707486376700214,9.660296931102152e-05
2024-05-09,0.005761865049840292,0.008761447342027044,0.005761865049840292
2024-05-10,0.0012881687006937401,0.0012425141674126483,0.0012881687006937401
2024-05-13,0.00013412694281715942,-0.002845990003546115,0.00013412694281715942
2024-05-14,0.0056447499833202405,0.006221311711329513,0.004588283100936057
2024-05-15,0.012382827531169448,0.012954822924374294,0.012382827531169448
2024-05-16,-0.0020571666826788085,-0.0023060651854532313,-0.0020571666826788085
2024-05-17,-0.006738625873315238,0.0036943781610771008,0.0014373061020952907
2024-05-20,0.0011522908721703325,0.0007594266644559543,0.0011522908721703325
2024-05-21,0.0051577705174562696,0.002023251029280499,0.0024523481369402855
2024-05-22,-0.0028791607718797064,-0.006724999169909068,-0.0028791607718797064
2024-05-23,-0.006433918161360344,-0.011200433936255368,-0.007304279476561028
2024-05-24,0.0029637301549438775,0.0035290023513205146,0.006616513575597555
2024-05-28,0.0006988698506149005,-0.0011082580372883443,0.0006988698506149005
2024-05-29,-0.012101574143656866,-0.009444592733702689,-0.007002747268023447
2024-05-30,0.0096649847987497,0.0015468528918239333,-0.006633817085650362
2024-05-31,0.0067897502891645,0.00337972924877291,0.009108455168006723
2024-06-03,0.0008152403229581782,0.008635914607270785,0.0008152403229581782
2024-06-04,0.011680918169817997,0.0012992533606838031,0.001117771051463553
2024-06-05,0.0073379105123733595,0.010329201126848434,0.011885181288487827
2024-06-06,-1.864024675468645e-05,0.0019293092265292727,-1.864024675468645e-05
2024-06-07,-0.018345781178663624,-0.018444660181972168,-0.0012157418997532138
2024-06-10,0.0030897712174835002,0.0017845641708100204,0.0030897712174835002
2024-06-11,0.010342290918242165,0.005208272104780996,0.0024081049189044077
2024-06-12,0.007513790397994247,0.006156803865710144,0.008213461513093705
2024-06-13,0.0020131620294969194,0.0029590003225600297,0.0020131620294969194
2024-06-14,0.0006086168451322468,0.007259760224863144,0.0006086168451322468
2024-06-17,-0.009929253515552235,-0.0024140490416984326,0.007958711750443085
2024-06-18,0.0091751435135829,0.0052604470864816184,0.0025408350120807474
2024-06-20,-0.0027164441437601055,0.0008673526050527781,-0.0027164441437601055
2024-06-21,0.0,-0.005525598294139337,-0.0013409513856420799
2024-06-24,0.004044069847883764,0.001559408490462635,-0.003250510789634924
2024-06-25,0.0016962491126419205,0.00025361806713691294,0.0038508693264690647
2024-06-26,0.0012481564062453814,-0.007425127181969461,0.0012481564062453814
2024-06-27,0.0015763471193552688,0.005536845892847963,0.0015763471193552688
2024-06-28,-0.003935065641985972,-0.007576268328902432,-0.003935065641985972
2024-07-01,-0.017258790660444716,-0.004198725663479276,0.0020580239686431483
2024-07-02,0.006729777642024039,0.004802852355832074,0.006729777642024039
2024-07-03,0.004462748330993095,0.009598082670187524,0.004462748330993095
2024-07-05,0.008278767954397154,0.009181077492034688,0.005766483695770407
2024-07-08,0.0021609343884627227,-0.0030674186978334383,0.0011538714567144804
2024-07-09,0.000972509694997861,-0.0005800397171555473,0.000972509694997861
2024-07-10,0.0031402450136332337,0.0055777264532682275,0.009895168120173286
2024-07-11,0.009715176615273425,0.006212347200659054,-0.00862256559867363
2024-07-12,0.004276499654451289,0.0032987962940032364,0.006307738600485895
2024-07-15,0.0027499525812532868,-0.0018189307575522161,0.0027499525812532868
2024-07-16,0.01410727780365123,0.013336489371539372,0.005930114860369788
2024-07-17,0.00021241668188457346,-0.006156687430034693,-0.014021126594645916
2024-07-18,-0.0076440464489877106,-0.007228336649141881,-0.007684978589016722
2024-07-19,-0.00588435609088888,-0.010232928651787333,-0.006640528727991362
2024-07-22,-0.0029055276123547322,0.0025444077278698267,0.010309854435858402
2024-07-23,-0.0015682818212120059,0.0001986181777717485,-0.0015682818212120059
2024-07-24,-0.022662529310441496,-0.012277528728432104,-0.022662529310441496
2024-07-25,0.008194950721057638,-0.004336131440740429,-0.00521053873479581
2024-07-26,0.007803379599821551,0.009838842719743682,0.011199785362203639
2024-07-29,0.0005875723850159144,0.0015152951207615755,0.0005875723850159144
2024-07-30,0.003850774621765685,0.002984587655218301,-0.005066326870009368
2024-07-31,0.010229074453914133,0.01486086622014938,0.016254499976771697
2024-08-01,-0.01416087146546793,-0.0029929637237271567,-0.01416087146546793
2024-08-02,0.031161241006628572,0.00373692264495941,-0.018618371424376532
2024-08-05,0.005291315858972394,-0.01175727244917019,-0.029123751439333507
2024-08-06,-0.022368652863470357,-0.0076122062860900785,0.009219607809513156
2024-08-07,-0.0066841042059497075,-0.004820936290203302,-0.0066841042059497075
2024-08-08,-0.006151651217163626,0.010510434017375416,0.023117422750536357
2024-08-09,0.004409457125771104,0.005614226197539414,0.004409457125771104
2024-08-12,0.000525639644482811,0.007122174760396757,0.000525639644482811
2024-08-13,0.006935206893847928,0.007158714925413059,0.016445377018018598
2024-08-14,0.0031550112069695523,0.00044697020347083554,0.0031550112069695523
2024-08-15,0.01714016309278787,0.0038702371464003262,0.01714016309278787
2024-08-16,0.002241880680885404,0.00932093535555043,0.002241880680885404
2024-08-19,0.009561544978306389,0.004150474892995545,0.009561544978306389
2024-08-20,-0.0016262838554203791,0.003368018939935544,-0.0016262838554203791
2024-08-21,0.0006084444702041117,0.0008924820380933995,0.0034367958130405076
2024-08-22,-0.009926487234103297,-0.009921435774017493,-0.007848736322803768
2024-08-23,0.006547581182010072,0.009552809100797099,0.01062550063988669
2024-08-26,-0.002383696962158911,-0.0005872252390096436,-0.002383696962158911
2024-08-27,-0.0017321332041902106,0.0007716557552194316,0.0013730706791585663
2024-08-28,-0.005805185168784318,-0.004674369040780519,-0.005805185168784318
2024-08-29,-0.0032702738732076457,0.0006513812315965616,8.941710010823556e-05
2024-08-30,0.009546072545585755,-0.00281600430707721,0.009546072545585755
2024-09-03,-0.02057913768026137,-0.0028491991544434252,-0.02057913768026137
2024-09-04,0.012890131317093427,0.003911695461714684,-0.0020467179064785042
2024-09-05,0.00565604015175063,0.003911460048506027,-0.002432180583085998
2024-09-06,-0.016830203968230234,-0.007944168116354792,-0.016830203968230234
2024-09-09,0.004319188226632641,0.00648557850081955,0.011196253508404475
2024-09-10,0.0043556866627049605,0.005285312617872814,0.0043556866627049605
2024-09-11,0.010258963429025008,0.0024969549738302526,0.010258963429025008
2024-09-12,0.008423235345493087,0.0069345135399532815,0.008423235345493087
2024-09-13,0.005222783247845973,0.005940706341695377,0.005222783247845973
2024-09-16,0.0014768156945352564,0.0035639105999648096,0.0014768156945352564
2024-09-17,-0.004835928645609901,-0.003370368661227605,0.0004087335775299375
2024-09-18,-0.012396076417553453,-0.007766878863797115,-0.0029659359553572255
2024-09-19,-0.003313357707995214,0.009636673793903597,0.017064492025055313
2024-09-20,-0.0017287121269734733,0.0024168102248159455,-0.0017287121269734733
2024-09-23,0.002498795051561487,0.0007695896912760566,0.002498795051561487
2024-09-24,0.002861378152296977,0.0056168114675188745,0.002861378152296977
2024-09-25,-0.0022055740216547558,-0.003939898142819438,-0.0022055740216547558
2024-09-26,0.0023512967838978083,0.0038196496859572195,0.003964800214346592
2024-09-27,0.005200690661331938,-0.0014967518123754182,-0.0014502900961131796
2024-09-30,-0.004768217651269206,-0.0029943692421540106,0.004007197346730322
2024-10-01,-0.008958604559465051,0.0029175351869135907,-0.008958604559465051
2024-10-02,-0.008427231895957881,-0.0026136917818313033,0.00042218331212561644
2024-10-03,-0.0018281779867484276,-0.003972308138678405,-0.0018281779867484276
2024-10-04,-0.012300943862890623,-0.0017371751575508262,0.009087314968778652
2024-10-07,-0.009040375451706124,-0.006637855679786977,-0.009040375451706124
2024-10-08,0.0016871780832382823,0.0012111891459961452,0.009457551379381049
2024-10-09,0.006926482951566633,-0.0013593253872653342,0.006926482951566633
2024-10-10,-0.0017500366951881219,0.0005863882782229632,-0.0017500366951881219
2024-10-11,-0.00403904844255969,0.004394024737143506,0.005988125594301424
2024-10-14,0.008178455361924391,0.002461721646766321,0.008178455361924391
2024-10-15,-0.0077697089232045945,0.0024258416965549693,-0.0077697089232045945
2024-10-16,0.004214521625565768,0.004525098889568282,0.004346306574101616
2024-10-17,8.589743781750592e-05,-0.0030820350922358022,8.589743781750592e-05
2024-10-18,0.003846655330890004,0.0051654653952388965,0.003846655330890004
2024-10-21,-0.001642386397878136,-0.006190887680542384,-0.001642386397878136
2024-10-22,0.0009757411610950335,0.0038509289136717272,-0.0005310730001248913
2024-10-23,-0.009137365781024837,-0.008130229830442048,-0.009137365781024837
2024-10-24,0.006407999152007987,0.005418406577238615,0.002162694595903896
2024-10-25,-0.00034551236644990126,-0.0011769193119145625,-0.00034551236644990126
2024-10-28,-0.0027131298303445504,0.00020194990324770524,0.0030915380991004904
2024-10-29,0.0016182723864499077,0.00481749445983351,0.0016182723864499077
2024-10-30,-0.003024995371980845,0.0018263690782233557,-0.003024995371980845
2024-10-31,0.0016253606075635348,-0.011511592510278189,-0.019603406333350257
2024-11-01,-0.014098430112244152,-0.004660035727128467,0.004220698808211996
2024-11-04,-0.00215400168506691,0.004876141371305242,-0.00215400168506691
2024-11-05,0.0053113087038911735,0.006559666105127408,0.012091814888343462
2024-11-06,0.02486559582565333,-0.010834369153941575,0.02486559582565333
2024-11-07,0.007732167367572455,0.012010618138498328,0.007732167367572455
2024-11-08,0.004331711643122062,0.003459875710967417,0.004331711643122062
2024-11-11,0.0009528857307678478,-0.00884651853670209,0.0009528857307678478
2024-11-12,-0.01499357923388372,-0.008810210326885712,-0.003106440071277218
2024-11-13,0.00048566434478607514,-0.006163207155011549,0.00048566434478607514
2024-11-14,-0.006429999194776737,-0.0012001036310273273,-0.006429999194776737
2024-11-15,-0.0026573710698642532,-0.005957753653589381,-0.012808535846547352
2024-11-18,0.0017763010041426477,0.008061233117553657,0.004097409691839773
2024-11-19,0.0036554742039446707,0.005833192950391435,0.0036554742039446707
2024-11-20,-0.003197242052698266,0.0008746855963710517,0.0003386166607205756
2024-11-21,-0.0007745001192063527,0.004309378707186614,0.005368353297815666
2024-11-22,0.003099289531496247,0.005445363859825184,0.003099289531496247
2024-11-25,0.0033923149715079782,-2.7638352346526056e-05,0.0033923149715079782
2024-11-26,0.005221380682413481,0.0011393050925505022,0.005221380682413481
2024-11-27,-0.0030299846945224846,0.001947419255472523,-0.0030299846945224846
2024-11-29,0.010321441586303503,0.0083507657529163,0.006212049739253195
2024-12-02,0.0017923273750352863,-0.0015198036273465377,0.0017923273750352863
2024-12-03,0.000463842281654023,-0.0020664366225063248,0.000463842281654023
2024-12-04,0.01074574816098693,0.006662380495839811,0.00620971690477715
2024-12-05,0.00201986275517699,-0.002326552412718327,-0.0016458418200040908
2024-12-06,0.0014855445490362103,0.0012557979263832777,0.0018955919222442832
2024-12-09,-0.00514946863566954,-0.0015542192256024945,-0.00514946863566954
2024-12-10,-0.004704771710447653,0.001777054594722061,-0.003109093733479514
2024-12-11,-0.009454287187552727,0.0026564493041738007,0.007730636209670441
2024-12-12,-0.005152537103363368,-0.010661131422247788,-0.005152537103363368
2024-12-13,-0.010210682815062511,-0.0074787963331782595,-0.0001987212166025044
2024-12-16,0.004270056430311024,0.0032319970127300326,0.004270056430311024
2024-12-17,0.0024333996963019308,-0.001894805535770898,-0.004120093710164008
2024-12-18,-0.012504496153902206,-0.02059625413106588,-0.029803461153504785
2024-12-19,-0.015141351986990924,-0.004611252273088547,-0.0003071527492614669
2024-12-20,0.012011119986430552,0.009420854138512985,0.012011119986430552
2024-12-23,0.005988103185537321,-0.00254740209866805,0.005988103185537321
2024-12-24,0.011115098833935433,0.005818239883738561,0.011115098833935433
2024-12-26,6.659179477574995e-05,0.0021076739313875383,6.659179477574995e-05
2024-12-27,-0.008198598524432955,-0.008545247658755101,-0.010526480967422392
2024-12-30,0.008036679303634345,-0.002386241964946925,-0.011411585176906339
2024-12-31,-0.005353000859346719,-0.000859881712241902,-0.003638029998998376
2025-01-02,0.002748200004422519,0.004626263375824962,-0.0024571239965799226
2025-01-03,-0.0031973059581101816,0.0004299446212809987,0.012503510745668998
2025-01-06,0.005760509904966361,3.759387548394081e-05,0.005760509904966361
2025-01-07,-0.011277602211773813,-0.005653491042270131,-0.011303941160737551
2025-01-08,0.0012803220575662638,0.0027002303936416233,0.0014609058966514835
2025-01-10,-0.0152676386215147,-0.004050735879340612,-0.0152676386215147
2025-01-13,-0.0003509102506581371,-0.0030087350765512525,0.0015506920150269482
2025-01-14,0.0013758434983092698,0.001704868292895062,0.0013758434983092698
2025-01-15,0.018190030783588187,0.014227193585119514,0.018190030783588187
2025-01-16,-0.0019231018964383792,0.0027580723051078945,-0.0019231018964383792
2025-01-17,0.001723359607391314,0.002091304532911347,0.010040006199192748
2025-01-21,0.009153375607225202,0.011224330441833059,0.009153375607225202
2025-01-22,0.005621538331987958,0.0019099947501223988,0.005621538331987958
2025-01-23,-0.007770504565723058,-0.0011742788357438595,0.005457956171128473
2025-01-24,0.004491458811912856,0.00257915581415508,-0.002919163444645397
2025-01-27,-0.014145458332822726,-0.00448432321234348,-0.014145458332822726
2025-01-28,-0.000679632660864775,0.005570143374853835,0.008592523358097197
2025-01-29,-0.004482966698255038,-0.003467469035258835,-0.004482966698255038
2025-01-30,0.0037491946288132857,0.008166715189946053,0.005367082266790352
2025-01-31,-0.005322013686878318,-0.0032251710943902645,-0.005322013686878318
2025-02-03,0.008142015638831148,0.0022498768305785257,-0.006729656557379215
2025-02-04,0.0030627004590905874,0.00653594372202913,0.0067084743351215614
2025-02-05,0.004054526223509356,0.008939329780604962,0.004054526223509356
2025-02-06,0.003475731933930436,0.00010640931863672575,0.003475731933930436
2025-02-07,-0.009153512076646214,-0.004596560846260125,-0.009153512076646214
2025-02-10,-0.0030242531180759025,0.006901887424188005,0.006791016914456703
2025-02-11,0.0007605411933126058,-0.003118239765220715,0.0007605411933126058
2025-02-12,-0.013569958350682565,-0.0052044119219479944,-0.003221485072722625
2025-02-13,0.010557501388251258,0.012313784765961441,0.010557501388251258
2025-02-14,-4.917697295880874e-05,-0.0033269963789445607,-4.917697295880874e-05
2025-02-18,0.0029357958462658965,0.0026199181007548547,0.0029357958462658965
2025-02-19,0.0012481808737820222,0.0013778200343578487,0.0023551221215793576
2025-02-20,0.003741261055280229,2.537093119675928e-05,-0.004160446978887693
2025-02-21,0.012084770198561745,-0.001976953171627253,-0.017104209551103904
2025-02-24,0.0029014095784367436,0.0013433982914860356,-0.004550200383486228
2025-02-25,0.017247410910574218,-0.0003562070482719462,-0.004973182424069386
2025-02-26,0.005906702831014817,0.0026886919020200424,0.0005045885696585462
2025-02-27,-0.01596180843971249,-0.012681469865599395,-0.01596180843971249
2025-02-28,0.012265891408563151,0.007089316834675379,0.01560559666107766
2025-03-03,-0.017520082146542236,0.00010901665338847871,-0.017520082146542236
2025-03-04,-0.012314811814921136,-0.0050625431181942,-0.011836656564045304
2025-03-05,-0.007984595302210651,0.0015538500139361197,0.010747730837302707
2025-03-06,-0.017751050248379845,-0.008655573516659232,-0.017751050248379845
2025-03-07,-0.0032079666903727273,0.0009402489881374318,0.005604885237354174
2025-03-10,-0.02663550878015977,-0.008272313161944492,-0.02663550878015977
2025-03-11,-0.007138902591454067,-0.0010354816380653345,-0.008313110821285592
2025-03-12,0.005306600218026184,0.0012072914722327335,0.005306600218026184
2025-03-13,-0.013330436330020972,0.004848648978546775,-0.013330436330020972
2025-03-14,-0.005295045273641277,0.0048623497110621495,0.020655678645411003
2025-03-17,0.007711227336984126,0.006006655407362144,0.007711227336984126
2025-03-18,-0.010808271345383645,0.0009799288910562007,-0.010808271345383645
2025-03-19,0.005181241763326272,0.006601419578296018,0.010890735339307508
2025-03-20,-0.0028915897931345424,-0.0011541643916219597,-0.0028915897931345424
2025-03-21,0.0003297821736047756,-0.004697426692542268,0.0003297821736047756
2025-03-24,0.01790870920661408,0.0007502776103310242,0.01790870920661408
2025-03-25,0.00240360564565933,0.00228763853082541,0.00240360564565933
2025-03-26,-0.011938229589247715,-0.0062842492878957875,-0.011938229589247715
2025-03-27,-0.002915874425074055,0.002947696246644665,-0.0026556273152103164
2025-03-28,0.013834275376428591,0.0006716384926109369,-0.020138212342233737
2025-03-31,0.009873292238647954,0.01050091874992783,0.006712688489438986
2025-04-01,0.008665406348905056,0.0031705764599388483,0.002824553388517983
2025-04-02,0.006328297594604772,0.0025693288405567285,0.006328297594604772
2025-04-03,-0.0492806914501654,-0.01694953883530742,-0.0492806914501654
2025-04-04,0.010887440400482366,-0.023059247954828683,-0.05854310111696108
2025-04-07,-0.030156209400196324,-0.018406441467888248,-0.0017811272052864185
2025-04-08,-0.018878470749526803,-0.009736329345428073,-0.015662814712281425
2025-04-09,0.005885789341926165,0.04767027754768555,0.10501937798947605
2025-04-10,-0.043819175390647155,-0.015519397449955273,-0.043819175390647155
2025-04-11,0.0054386498091482625,0.014209159555091656,0.017842777878853643
2025-04-14,0.009701508108546702,0.003460341121060523,0.009701508108546702
2025-04-15,-0.002800792432763071,0.0020623895934242477,-0.002800792432763071
2025-04-16,-0.022228193519775934,0.005963733035629218,-0.022228193519775934
2025-04-17,-0.008832545350799107,-0.004007442257448768,0.001426952937987459
2025-04-21,-0.023802648335263757,-0.0021563817716102685,-0.023802648335263757
2025-04-22,0.005581227593208044,0.004606519689452634,0.026017697953237065
2025-04-23,0.015495480308824916,-0.0006802173686553609,0.015495480308824916
2025-04-24,0.02104902854861265,0.015344524462954997,0.02104902854861265
2025-04-25,0.007225084062630822,0.0008729979559932545,0.007225084062630822
2025-04-28,0.0003813852095150851,0.007151503158240952,0.0003813852095150851
2025-04-29,0.00838453230476353,0.0013226309567737331,0.006299389544388564
2025-04-30,0.0003968300935219028,-0.005119557073473347,0.0003968300935219028
2025-05-01,-0.005070671040646138,-0.0062519927027822105,0.0070869804748642665
2025-05-02,0.014844247338807943,0.0019763474064321946,0.014844247338807943
2025-05-05,-0.005734324171199071,0.0060060379115451585,-0.005734324171199071
2025-05-06,0.0033242586249346566,0.007677172150700145,-0.008358545349501973
2025-05-07,0.004227173103914022,-0.0023718631164952237,0.004205638790233582
2025-05-08,0.006967762571935042,-0.007974218426270982,0.006967762571935042
2025-05-09,-0.0012741118157987474,0.0024810095197218824,-0.0012741118157987474
2025-05-12,0.03304742941467095,-0.0013082707303096776,0.03304742941467095
2025-05-13,0.006603966987809029,0.002398732750935657,0.006603966987809029
2025-05-14,0.0012778715696883224,-0.008572044742701925,0.0012778715696883224
2025-05-15,0.008790320216308368,0.009724105120467582,0.004884390984280158
2025-05-16,0.0063340439294971304,-0.0008392485948193295,0.0063340439294971304
2025-05-19,0.0010938196429840716,0.0036047941812922027,0.0010938196429840716
2025-05-20,-0.0072049088839475145,0.0025533780003655212,-0.003362049626649251
2025-05-21,-0.017090279390015815,-0.008926722156397374,-0.016850877987892008
2025-05-22,0.0052401003989821174,-0.0011902002799308994,0.00039470808698145076
2025-05-23,-0.006825957405117061,0.005424088063038545,-0.006825957405117061
2025-05-27,0.013956285720638931,0.0058644032890165995,0.02079068694191845
2025-05-28,-0.005785347645933281,-0.0041547747833262285,-0.005785347645933281
2025-05-29,0.009254879407233975,0.006287015104042025,0.003947442276660316
2025-05-30,-0.0011186108246576847,-0.002090738610898316,-0.0011186108246576847
2025-06-02,0.005633026900562441,0.007635833831463606,0.005633026900562441
2025-06-03,0.00570255726940551,-0.0016875696709104605,0.00570255726940551
2025-06-04,-0.00026840859866931305,0.007401746793789046,-0.00026840859866931305
2025-06-05,0.0006946610575151426,-0.003078688024997086,-0.0048328596233542815
2025-06-06,-0.012724163272722622,-0.005323104378354755,0.010269030973764477
2025-06-09,0.0009012287764704045,0.00222456707070141,0.0009012287764704045
2025-06-10,0.005149567508778891,0.0037015345658866754,0.00566982160198516
2025-06-11,-0.0028521799815778813,0.0018381445228401391,-0.0028521799815778813
2025-06-12,0.011957086563027844,0.00943103320748311,0.003974378714497621
2025-06-13,-0.009636019526943502,-0.0025278556138870153,-0.011179957269386472
2025-06-16,-0.010077766690244665,-0.005014482442384562,0.009514031506572408
2025-06-17,-0.00854496688048675,0.0012774125220501426,-0.00854496688048675
2025-06-18,0.0017341186046417067,-0.0012933151252597901,-0.00015081665769987575
2025-06-20,-0.0023483706546906925,-0.0015343897764974182,-0.0023483706546906925
2025-06-23,0.0032374765398903516,0.0053884251110752355,0.009877277029178129
2025-06-24,0.011047290002159356,0.0008196970816422094,0.011047290002159356
2025-06-25,0.0005602827185172874,0.0016094980930124708,0.0005602827185172874
2025-06-26,0.007824013815753037,0.003944821849397302,0.007824013815753037
2025-06-27,0.004968321792254919,-0.0063923328410693155,0.004968321792254919
2025-06-30,0.0047810784904757835,0.008804114218396147,0.0047810784904757835
2025-07-01,0.0024794994251484204,0.0036929652681321158,-0.0003236142841346441
2025-07-02,-0.006353387482850668,0.001241939245833503,0.00453326557880412
2025-07-03,0.007881499705939269,-0.0019720235991706955,0.007881499705939269
2025-07-07,-0.007452069870284961,-0.005393435265827891,-0.007452069870284961
2025-07-08,-0.0012769726060831079,-0.004120691594338809,-0.0005477352950124097
2025-07-09,0.005996656078344128,0.0069517758304166125,0.005996656078344128
2025-07-10,0.0028201593881027093,0.0019199741148502284,0.0028201593881027093
2025-07-11,-0.003515310221763645,-0.0025157474932467495,-0.003515310221763645
2025-07-14,-0.0020981333391091117,-0.0012764120275686993,0.0019081841138896937
2025-07-15,-0.00700863845211387,-0.005122768785477389,-0.004273212189356222
2025-07-16,0.0014116212332781076,0.0032718988550293916,0.0033431741923299107
2025-07-17,0.006119736739210865,0.0012567291711368853,0.006119736739210865
2025-07-18,-0.0007324327901532728,0.001121881386827717,-0.0007324327901532728
2025-07-21,0.0018961434921311562,0.008715495780108962,0.0018961434921311562
2025-07-22,0.006046764075992855,0.00522762992041096,0.00014309729281108318
2025-07-23,0.008507477186705466,-0.003178859728766495,0.008507477186705466
2025-07-24,0.0003311269877350594,-0.0025194632427245223,0.0003311269877350594
2025-07-25,0.006286978110227003,0.00035218299535977587,0.004224240880266774
2025-07-28,-0.0002509721660147206,-0.004352561473537325,-0.0002509721660147206
2025-07-29,0.016885830834829134,0.005492078725289139,-0.002637661689271879
2025-07-30,-0.005153243008111451,-0.007854183588841218,-0.0012592724779845442
2025-07-31,-0.003751261054776669,0.0010916426963716527,-0.003751261054776669
2025-08-01,0.014216524248026477,0.006041932195201195,-0.016390417621307423
2025-08-04,0.0027330385033900576,0.007840616028083329,0.01519976416007338
2025-08-05,-0.005069926343612516,-0.00036799234062189043,-0.005069926343612516
2025-08-06,-0.005773880248778747,-0.00015080177605599236,0.007659758716372032
2025-08-07,-0.000837636349965156,0.0019989701782892485,-0.000837636349965156
2025-08-08,0.0077975540698608705,0.0010439247275224465,0.0077975540698608705
2025-08-11,-0.001977501154462284,-0.005145892095301072,-0.001977501154462284
2025-08-12,-0.00503492041927869,0.0015508556324982923,0.010645980769615222
2025-08-13,0.003423132386020283,0.004903313723454799,0.003423132386020283
2025-08-14,9.310926376882024e-05,-0.004546210221739026,9.310926376882024e-05
2025-08-15,-0.007124721875360692,-0.002946221233759742,-0.002341293386384422
2025-08-18,-0.002893388710224804,-0.0015485351910028327,-0.00021761664789409464
2025-08-19,-0.005425196437217005,-0.0017491350761144593,-0.005425196437217005
2025-08-20,0.00219260161776637,0.0032126259910661807,-0.002657080804944604
2025-08-21,-0.004951410193155535,-0.004140759073648166,-0.004011809805612418
2025-08-22,0.007406501836228561,0.011164664988087575,0.015356833041096888
2025-08-25,-0.004401115665894534,-0.0032299773813820216,-0.004401115665894534
2025-08-26,-0.0005759742269456791,0.0036511755600639882,0.00418706521413377
2025-08-27,0.002278452752666383,0.0010646690751613132,0.002278452752666383
2025-08-28,0.006578357331449488,0.00584567395170053,0.003541515341778761
2025-08-29,-0.005963829023207121,-0.0010569509535411272,-0.005963829023207121
2025-09-02,-0.007441570953679082,0.0029302452257181913,-0.007410252681608824
2025-09-03,0.010977598784976028,0.00807382660735817,0.0054195461630077
2025-09-04,0.008357609276254035,0.0037690758136212496,0.008357609276254035
2025-09-05,-0.002896478763307072,0.008608687788110171,-0.002896478763307072
2025-09-08,0.0024568640068373428,0.009116962343205236,0.0024568640068373428
2025-09-09,-0.005683335487118352,-0.0019285374720644588,0.0023116939566393455
2025-09-10,0.0057158204121045605,0.004073778152594439,0.002890900188266568
2025-09-11,0.006686063427923068,0.00443918557121747,0.008310100433307453
2025-09-12,-0.00033463044074746336,-0.0008934293719954474,-0.00033463044074746336
2025-09-15,0.0023346189348728836,0.006043181710377055,0.005324057168679623
2025-09-16,0.002107194877705576,0.0009343314582072094,-0.0013768848246955032
2025-09-17,-0.0025456270392463427,-0.003879501795909716,-0.001242363559504768
2025-09-18,0.004672405480426742,-0.0032787843038650294,0.004672405480426742
2025-09-19,-0.0019062460258691164,0.0045918664088251595,0.0049528684508932655
2025-09-22,0.004731049353107387,0.006270666651364696,0.004731049353107387
2025-09-23,0.0069899188636046656,0.0018975920602077696,-0.005443470649980786
2025-09-24,-0.003806410046487693,-0.005416795275378661,-0.003181664230867333
2025-09-25,-0.004613467564511709,-7.823017452808327e-05,-0.004613467564511709
2025-09-26,-0.0008991846594415911,0.0035656276241676234,0.005729127602591021
2025-09-29,0.002810353534719456,0.009314780681074197,0.002810353534719456
2025-09-30,-0.002900758755484856,0.003251583358619697,0.0037668347553583095
2025-10-01,0.0025827022363733338,0.0025218822210323222,0.0034075722246513485
2025-10-02,0.0029119050476775475,0.00019509830900754546,0.0011517326256850367
2025-10-03,-0.0018984541525488968,0.0020257612859311117,-1.4805406382656372e-05
2025-10-06,-0.007943601105666633,0.004840753937651024,0.0035862719664676293
2025-10-07,-0.003707513889317719,0.0024027614722524192,-0.003707513889317719
2025-10-08,0.0007848970076921825,0.00782804762630214,0.005963055269571298
2025-10-09,-0.002896974724933149,-0.007529564247925136,-0.002896974724933149
2025-10-10,0.016147099842416593,-0.00022405465463086645,-0.02702786217884567
2025-10-13,-0.0005518941796665232,0.013080212535137352,0.015344118135168264
2025-10-14,-0.001221646287641263,0.003132783080999179,-0.001221646287641263
2025-10-15,-0.002201135429850326,0.006720007406355028,0.004439622839291761
2025-10-16,-0.006810318970138372,0.008474066043915901,-0.006810318970138372
2025-10-17,-0.001532671910045334,-0.005404247347889355,0.005676298846351635
2025-10-20,0.010400500262923268,0.01737591924477614,0.010400500262923268
2025-10-21,-1.503455288609512e-05,-0.021405850724818407,-1.503455288609512e-05
2025-10-22,-0.005198824867010879,-0.0014354075852072523,-0.005198824867010879
2025-10-23,-0.006843253907649782,0.0010068006207055685,0.005929962705964286
2025-10-24,0.008172554694480345,0.0016504186695336783,0.008172554694480345
2025-10-27,0.011797664492784615,-0.004537423540927552,0.011797664492784615
2025-10-28,0.0026560160190798317,-0.0006378493674075821,0.0026560160190798317
2025-10-29,-0.01010635477437865,-0.004475956347553492,0.00048028106743126765
2025-10-30,-0.005818554626612983,0.0008968436473386038,-0.010998098598900606
2025-10-31,-0.002981363982331119,-0.00173413329408005,0.0032802220875831163
2025-11-03,-0.002500935175002201,0.00038956943134212053,0.0018767398754619626
2025-11-04,-0.011853547360019043,-0.00906353775602044,-0.011853547360019043
2025-11-05,-0.010896323811379166,0.0013179706877870575,0.0034653852011290254
2025-11-06,-0.010729363869237465,-0.0009945810700612515,-0.010729363869237465
2025-11-07,-0.0021167748560137916,0.0016607469178674802,0.0009845650786590684
2025-11-10,0.015604370346339907,0.014256934589570168,0.015604370346339907
2025-11-11,0.002289177027853911,0.0036038245752378004,0.002289177027853911
2025-11-12,0.0005563903663642729,0.006250868066513279,0.0005563903663642729
2025-11-13,-0.00821118221844674,-0.010918976698414126,-0.01659399641478619
2025-11-14,-0.00570587687304375,-0.00814905659246258,-0.00016354966882569882
2025-11-17,-0.00931652898526565,-0.006158746728992137,-0.00931652898526565
2025-11-18,-0.00033672715205269795,-0.0004014079106812833,-0.008397460894344804
2025-11-19,-0.002021132071458722,0.0011412848785275868,0.003863176283103383
2025-11-20,-0.015242318774625948,-0.0037664188376689374,-0.015242318774625948
2025-11-21,0.0030258781127471767,0.003692676723170909,0.009961232480063073
2025-11-24,0.014718418739979545,0.012089351121238958,0.014718418739979545
2025-11-25,0.00940592893130437,0.003800061143943565,0.00940592893130437
2025-11-26,0.0069035824180052495,0.00645797300451925,0.0069035824180052495
2025-11-28,0.005458434229330814,0.004463510487454141,0.005458434229330814
2025-12-01,-0.004565470301164446,-0.004064414982190942,-0.004565470301164446
2025-12-02,0.0004505793479445287,-0.0013997920389933172,0.0018522768711999036
2025-12-03,0.0034627490803595096,0.0017785784228259178,0.0034627490803595096
2025-12-04,0.0007310498015528609,-0.0013261565292828484,0.0007310498015528609
2025-12-05,0.0018994848443158227,-0.0014867476286699703,0.0018994848443158227
2025-12-08,-0.0030042091058059195,-0.0029760856243219035,-0.0030042091058059195
2025-12-09,0.0010242945558287249,0.001764169885938148,-0.0008632081148944396
2025-12-10,0.0038648427860409587,0.004926309717507588,0.006632325948745514
2025-12-11,0.0023269460314640404,0.003947291131170037,0.0023269460314640404
2025-12-12,-0.010752075575282682,-0.004870319678652075,-0.010752075575282682
2025-12-15,0.0006871150397695288,2.961427076816946e-05,-0.0015108085502177223
2025-12-16,0.0054918861642511895,0.000953637566610755,-0.0027322851452302515
2025-12-17,-0.0009102851845089855,-0.0010212212477674078,-0.011003593983400135
2025-12-18,0.004783709715963742,0.0034246664239318933,0.007551262709752225
2025-12-19,0.009063506223587004,0.00215706414683067,0.009063506223587004
2025-12-22,0.00622989400678435,0.009265243924984767,0.00622989400678435
2025-12-23,0.004570402339658821,0.006628288673206175,0.004570402339658821
2025-12-24,0.006057118208393035,0.0016579217869998452,0.003517674396244758
2025-12-26,-0.00010140966545212036,0.002962130175933446,-0.00010140966545212036
2025-12-29,0.003761114036173877,-0.015221944271507082,-0.0035636535074947463
2025-12-30,-0.002384484121703467,-0.0009369878922249083,-0.0012211244085721935
2025-12-31,-0.007967129649732483,-0.007269788601611697,-0.0074089416209803674
2026-01-02,-0.0014916275259745102,0.0017707416115961844,0.0018329931020035328
2026-01-05,0.006660117292359925,0.012660828417056527,0.006660117292359925
2026-01-06,-0.0020580602837806275,0.004956863500419448,0.00594724805164424
2026-01-07,-0.0032234122811981535,-0.002414877248457105,-0.0032234122811981535
2026-01-08,-0.005011992571110978,0.00018081161729849516,-0.00010152731427326074
2026-01-09,0.006640058243890785,0.00683602906533415,0.006613382996888614
2026-01-12,0.0015704330006637572,0.005922290228385742,0.0015704330006637572
2026-01-13,0.0017109865926847121,-0.0005925291585603691,-0.0019995067653818233
2026-01-14,0.005807310956872752,0.0037962570451504397,-0.004915164459541936
2026-01-15,-0.00022650972634895758,-0.001308932652591143,0.002723208385480154
2026-01-16,-0.0008379051891619897,-0.0038266965482454704,-0.0008379051891619897
2026-01-20,-0.013097935303432055,0.0020680992894193785,-0.020356800011497266
2026-01-21,0.0076169437875317205,0.011359714557358073,0.011541109281661284
2026-01-22,0.005223257672714431,0.009684506028980517,0.005223257672714431
2026-01-23,0.0003627351889736061,0.0059528499850916485,0.0003627351889736061
2026-01-26,0.004776561191326841,0.008458427691968017,0.005078142735685629
2026-01-27,-0.006225390709546345,0.008276631763414734,0.003984254307757453
2026-01-28,-0.0022777892925790453,0.013684829959070981,-0.00010066458032478494
2026-01-29,0.00022830788888263123,0.0004849064037532138,-0.001984377154833787
2026-01-30,-0.00559240062938867,-0.04190714972336424,-0.0029825725147666947
2026-02-02,-0.00285706039710771,-0.01264503966388192,0.004971400525214099
2026-02-03,-0.008455473390127827,0.018555388340234652,-0.008455473390127827
2026-02-04,-0.0025356645856346263,-0.0026783075108104456,-0.004843853725993295
2026-02-05,0.01086217946434597,-0.00954707974451706,-0.012489284060324186
2026-02-06,0.0006857475835135245,0.01677672249937689,0.01918478647681994
2026-02-09,0.00482181556357774,0.010093301735488645,0.00482181556357774
2026-02-10,-0.0026371459581813893,-0.0004620530952652343,-0.0026371459581813893
2026-02-11,-0.005308700263605811,0.0019965915775703013,-0.00023112214366442235
2026-02-12,-0.015448859697886197,-0.01254855667160983,-0.015448859697886197
2026-02-13,0.0054914732565626975,0.010431906671181476,0.0007044991031190025
2026-02-17,0.0016134830190518827,-0.009510988262480768,0.0016134830190518827
2026-02-18,0.005037707550576688,0.007825777489849133,0.005037707550576688
2026-02-19,-0.002637433731113519,0.0004250812601242802,-0.002637433731113519
2026-02-20,-0.0023431971871532564,0.008216048770641662,0.007231939581382144
2026-02-23,-0.010211366038766248,0.007169908663369553,-0.010211366038766248
2026-02-24,0.0017829846064849218,-0.0019277210837067315,0.007268475270198317
2026-02-25,0.008438306300538434,0.0018809599363809526,0.008438306300538434
2026-02-26,-0.005554445579207137,0.00248523069205692,-0.005554445579207137
2026-02-27,0.006092846203030461,0.005031628393921494,-0.004801940858611269
2026-03-02,-0.01004206261934859,0.0011488154847295038,0.0005686124327103625
2026-03-03,-0.002008804436295629,-0.018644109215201644,-0.008814339520359113
2026-03-04,-0.0031308164110199514,0.0038914114189963064,0.007055265767494407
2026-03-05,-0.0055754918733768605,-0.0071872479354894115,-0.0055754918733768605
2026-03-06,-0.003716659283339191,-0.0004791420096357758,-0.013107128730419788
2026-03-09,0.008704527557185667,0.005131325125155963,0.008759960722902879
2026-03-10,-0.0016071058958395954,-0.00036117796730312753,-0.0016071058958395954
2026-03-11,-0.0012551345486657088,-0.0058238798536316035,-0.0012551345486657088
2026-03-12,-0.015184966271003091,-0.012341382113078902,-0.015184966271003091
2026-03-13,-0.004944206742483762,-0.00784705001477962,-0.005660135752608904
2026-03-16,0.010176865010456533,0.005698981600333256,0.010176865010456533
2026-03-17,0.002630544991105475,0.0009751868640525091,0.002630544991105475
2026-03-18,-0.013953644515257064,-0.016967949052132142,-0.013953644515257064
2026-03-19,0.00609485636197868,-0.012098942512766697,-0.0024642882753442247
2026-03-20,-0.01433578793081267,-0.02101999234480284,-0.01433578793081267
2026-03-23,0.006524537588113242,-0.0011511662328668364,0.010499991225476329
2026-03-24,-0.0033568144771774135,-0.0026305744245883923,-0.0033568144771774135
2026-03-25,0.009649982948914478,0.014460418139275932,0.005572688244048547
2026-03-26,-0.01785872998334402,-0.020705793384955283,-0.01785872998334402
2026-03-27,-0.005458140660618707,0.0028626166064830523,-0.017051894157425224
2026-03-30,0.013311533292638334,0.0033869125742665845,-0.0033433906874336243
2026-03-31,0.02906786578475709,0.021293599976983588,0.02906786578475709
2026-04-01,0.007534491410303465,0.00801662314656,0.007534491410303465
2026-04-02,0.0009004595313388209,-0.0041334168660137885,0.0009004595313388209
2026-04-06,0.0047268450837637845,-0.00031376861375392623,0.0047268450837637845
2026-04-07,-0.00011542512387414354,0.0033208890749402737,0.00044000056462722715
2026-04-08,0.0032317400472787255,0.011713391777915763,0.025469636512190846
2026-04-09,0.005769017699185535,0.003698983078366664,0.005769017699185535
2026-04-10,-0.0006617754265584689,-0.0016094748272377252,-0.0006617754265584689
2026-04-13,0.009772447246481662,0.00297410895494084,0.009772447246481662
2026-04-14,0.01218487720984069,0.013281979819948782,0.01218487720984069
2026-04-15,0.007890969227043824,-0.0021639974390585247,0.007890969227043824
2026-04-16,0.0024573476469375946,-0.0014839000299681137,0.0024573476469375946
2026-04-17,0.012085686101644042,0.01153991366283566,0.012085686101644042
2026-04-20,-0.001999735115019424,-0.003615076571055219,-0.001999735115019424
2026-04-21,-0.005514057384358599,-0.01337137218386594,-0.006546892848539472
2026-04-22,0.001963682390861737,0.008482374973878559,0.010126712095118912
2026-04-23,-0.0038807408683983443,-0.005226117821636003,-0.0038807408683983443
2026-04-24,0.001848667255289893,0.004988197976078225,0.007749309237231525
2026-04-27,0.0017227878375636035,-0.003505250984932413,0.0017227878375636035
2026-04-28,-0.004865992267119387,-0.007377110658757105,-0.004865992267119387
2026-04-29,-0.00015450932498586322,-0.005979150531395032,-0.00015450932498586322
2026-04-30,-0.0009333659009479803,0.008010188857545448,0.009949633527564816
2026-05-01,0.002769095292350632,0.0017371447082756208,0.002769095292350632
2026-05-04,-0.007592615583579222,-0.010410498039352905,-0.0036633921467564418
2026-05-05,0.005532070190025623,0.0073732938956210855,0.008022228723942327
2026-05-06,0.013899399692774046,0.017214215167035973,0.013899399692774046
2026-05-07,-0.004995339482496465,-0.0021237759844602473,-0.0030660824190705304
2026-05-08,0.008256097011168164,0.006043645679714463,0.008256097011168164
2026-05-11,-0.006040963236385235,-0.0005494815780617671,0.002277563042387439
2026-05-12,-0.006662080817694451,-0.0040228017710775875,-0.001514952614586463
2026-05-13,0.005594837814611065,-0.0007277169056773439,0.005594837814611065
2026-05-14,0.007894314904554483,0.0005899064688034581,0.007894314904554483
2026-05-15,-0.01202934375679611,-0.016653500766406534,-0.01202934375679611
2026-05-18,-0.0011954419864651812,0.00026545250372692335,-0.0007035093177317259
2026-05-19,-0.006660788087493369,-0.009860952678578108,-0.006660788087493369
2026-05-20,0.010720310397636545,0.011742888112594097,0.010248994582563429
2026-05-21,0.0019830877010671363,0.001570417241245302,0.0019830877010671363
2026-05-22,0.003931549076803854,0.0006566449661006655,0.003931549076803854
2026-05-26,0.004959795151062706,0.004069245670295624,0.00663864135218745
2026-05-27,0.0023502459676800467,-0.0035910125659899036,-0.00017324216474598827
2026-05-28,0.005516578600909834,0.0069874495676881514,0.005516578600909834
2026-05-29,0.002491404803449146,0.004330294643127129,0.002491404803449146
2026-06-01,0.002723113460903768,-0.0035956628003971235,0.002723113460903768
2026-06-02,0.0021059269280867057,0.0017137971895759391,0.0013579397972762236
2026-06-03,-0.007017182320499831,-0.006948906095022146,-0.007017182320499831
2026-06-04,0.0022271271330721806,0.0047562243180967285,0.003778685762139081
2026-06-05,-0.025809371248925603,-0.02243009834927126,-0.025809371248925603
2026-06-08,-0.005172735450393495,-0.0001622473502612417,0.0022641726087714482
2026-06-09,-0.0029354505508077705,-0.004306015214750343,-0.0029354505508077705
2026-06-10,-0.0028196589763509203,-0.019606494731527587,-0.01576556250802722
2026-06-11,0.012959624926856648,0.020108644570532873,0.0169968478867479
2026-06-12,0.005408247901529365,0.0011497589722102167,0.005408247901529365
2026-06-15,0.017633969893753314,0.013981254337997217,0.017633969893753314
2026-06-16,-0.005961562844234017,0.000725833996835755,-0.005961562844234017
2026-06-17,0.001624389281813913,-0.010966352647270305,-0.012487870885051393
2026-06-18,0.004864997586069907,0.003953880375486478,0.01039699244195957
2026-06-22,-0.0031469796939626263,-0.005763564640831406,-0.0031469796939626263
2026-06-23,0.0012777118892310405,-0.010447267080818213,-0.014521954010491545
2026-06-24,0.01368904374345045,-0.004839919799849692,-0.0004635170636430631
2026-06-25,0.0014456352254532628,0.0033219666069867044,0.0014456352254532628
2026-06-26,0.00011451211808430362,0.0010677949412871775,-0.007231373616869572
2026-06-29,0.016474862380159334,0.0016861522950708833,0.016474862380159334
2026-06-30,0.007786800986842013,-0.0016923685526776143,0.007786800986842013
2026-07-01,-0.001352504438058443,-0.0006951553320484301,-0.001352504438058443
2026-07-02,-0.00011689040355765925,0.006341892948138039,-0.0013140694806872183
2026-07-06,0.008727409093039807,0.006253232969375501,0.008727409093039807
2026-07-07,-0.004751899671231642,-0.009166934914224715,-0.004751899671231642
2026-07-08,-0.0022472123884785243,-0.004505477798643423,-0.0030894297130046877
2026-07-09,0.001540924251269136,0.00670743844812174,0.008465250002579172
2026-07-10,0.004310159688801931,0.00030865845596263013,0.004310159688801931
2026-07-13,-0.007656174850540912,-0.013386910155867428,-0.007656174850540912
2026-07-14,0.0013099849497690166,0.0062072051241077834,0.0035506416973014572
2026-07-15,0.003963635929680996,0.0021351646628958946,0.003963635929680996
2026-07-16,-0.005418617756386078,-0.008628996893578092,-0.005418617756386078
2026-07-17,0.0036812462295174398,0.0010141826808513794,-0.009897156017872189
2026-07-20,-0.007453762122910587,-0.003736075377929534,-0.001614378247181015
2026-07-23,-0.005268948561747719,-0.0009970026740313764,-0.005268948561747719
2026-07-24,0.000961913954567747,0.0010006993164487926,0.0010160123647910263
2026-07-27,0.00021657556368488552,0.004528833693194231,0.00021657556368488552
2026-07-28,0.005850783258425558,-0.0020869031547566972,0.002394780651585981
2026-07-29,-0.015387473482586036,-0.009003053124340202,-0.015387473482586036
2026-07-30,-0.0006034720120091171,0.010963022203647772,0.016765799496011896
2026-08-03,0.021545363178887285,0.0012422389040644029,0.021545363178887285
2026-08-04,0.0180290027159586,0.010837439182600515,0.0180290027159586
2026-08-05,0.002173391763330565,0.013552738067099918,-0.0019966020100065907
2026-08-06,-0.001597813044931999,-0.0024043783307445186,-0.001597813044931999
2026-08-07,0.006115348472417671,0.010612088234155291,0.006115348472417671
2026-08-10,-0.0002974167367321967,0.0006423308869100044,-0.0002974167367321967
2026-08-11,0.0015842662281297401,-0.001914284373535894,-0.0031952597501650037
2026-08-12,0.0025046624297863996,0.003915125058975084,0.0025046624297863996
2026-08-13,0.006977455651952352,-0.0008726916644177635,0.006977455651952352
2026-08-14,-0.006659346733872502,-0.0006640628302376133,-0.0019797115463530694
2026-08-17,-0.004727366641364373,-0.0008638449007665468,-0.004727366641364373
